station_id,dow,month,pred_rides,tier
40010,0,1,200.2,Quiet
40010,0,2,258.6,Quiet
40010,0,3,270.1,Quiet
40010,0,4,285.7,Quiet
40010,0,5,317.9,Quiet
40010,0,6,328.1,Quiet
40010,0,7,305.4,Quiet
40010,0,8,291.0,Quiet
40010,0,9,305.3,Quiet
40010,0,10,313.8,Quiet
40010,0,11,289.8,Quiet
40010,0,12,264.5,Quiet
40010,1,1,524.9,Moderate
40010,1,2,599.1,Moderate
40010,1,3,605.4,Moderate
40010,1,4,617.3,Moderate
40010,1,5,630.7,Moderate
40010,1,6,638.0,Moderate
40010,1,7,606.8,Moderate
40010,1,8,592.4,Moderate
40010,1,9,618.1,Moderate
40010,1,10,651.3,Moderate
40010,1,11,647.5,Moderate
40010,1,12,622.3,Moderate
40010,2,1,589.2,Busy
40010,2,2,650.7,Busy
40010,2,3,656.9,Busy
40010,2,4,668.8,Busy
40010,2,5,682.3,Busy
40010,2,6,689.5,Busy
40010,2,7,658.4,Busy
40010,2,8,644.0,Busy
40010,2,9,669.6,Busy
40010,2,10,702.1,Busy
40010,2,11,694.9,Busy
40010,2,12,665.9,Busy
40010,3,1,639.0,Busy
40010,3,2,669.6,Busy
40010,3,3,679.7,Busy
40010,3,4,692.0,Busy
40010,3,5,705.5,Busy
40010,3,6,712.7,Busy
40010,3,7,681.6,Busy
40010,3,8,668.0,Busy
40010,3,9,696.2,Busy
40010,3,10,728.8,Busy
40010,3,11,721.5,Busy
40010,3,12,687.1,Busy
40010,4,1,633.0,Busy
40010,4,2,661.9,Busy
40010,4,3,672.8,Busy
40010,4,4,685.1,Busy
40010,4,5,698.5,Busy
40010,4,6,705.8,Busy
40010,4,7,676.1,Busy
40010,4,8,662.5,Busy
40010,4,9,690.7,Busy
40010,4,10,721.6,Busy
40010,4,11,714.3,Busy
40010,4,12,679.9,Busy
40010,5,1,508.3,Moderate
40010,5,2,576.8,Moderate
40010,5,3,601.3,Moderate
40010,5,4,602.8,Moderate
40010,5,5,622.9,Moderate
40010,5,6,631.6,Moderate
40010,5,7,601.9,Moderate
40010,5,8,588.3,Moderate
40010,5,9,609.2,Moderate
40010,5,10,636.8,Moderate
40010,5,11,616.9,Moderate
40010,5,12,578.7,Moderate
40010,6,1,250.7,Quiet
40010,6,2,290.9,Quiet
40010,6,3,379.2,Quiet
40010,6,4,330.0,Quiet
40010,6,5,357.4,Quiet
40010,6,6,384.0,Quiet
40010,6,7,355.7,Quiet
40010,6,8,342.1,Quiet
40010,6,9,349.9,Quiet
40010,6,10,356.6,Quiet
40010,6,11,336.7,Quiet
40010,6,12,316.0,Quiet
40020,0,1,621.5,Quiet
40020,0,2,783.8,Quiet
40020,0,3,816.0,Quiet
40020,0,4,883.5,Quiet
40020,0,5,936.5,Quiet
40020,0,6,1023.9,Quiet
40020,0,7,1041.3,Quiet
40020,0,8,1086.1,Quiet
40020,0,9,1072.8,Quiet
40020,0,10,1166.0,Quiet
40020,0,11,1016.4,Quiet
40020,0,12,916.6,Quiet
40020,1,1,1362.1,Moderate
40020,1,2,1541.4,Moderate
40020,1,3,1568.2,Moderate
40020,1,4,1635.8,Moderate
40020,1,5,1680.3,Moderate
40020,1,6,1755.8,Moderate
40020,1,7,1768.0,Moderate
40020,1,8,1812.8,Moderate
40020,1,9,1896.3,Moderate
40020,1,10,1955.2,Moderate
40020,1,11,1879.9,Moderate
40020,1,12,1729.4,Moderate
40020,2,1,1503.5,Busy
40020,2,2,1715.1,Busy
40020,2,3,1772.1,Busy
40020,2,4,1848.0,Busy
40020,2,5,1889.3,Busy
40020,2,6,1964.7,Busy
40020,2,7,1976.9,Busy
40020,2,8,2021.8,Busy
40020,2,9,2138.6,Busy
40020,2,10,2188.7,Busy
40020,2,11,2107.2,Busy
40020,2,12,1935.3,Busy
40020,3,1,1538.2,Busy
40020,3,2,1713.1,Busy
40020,3,3,1773.9,Busy
40020,3,4,1850.2,Busy
40020,3,5,1894.8,Busy
40020,3,6,1970.2,Busy
40020,3,7,1982.5,Busy
40020,3,8,2028.1,Busy
40020,3,9,2147.6,Busy
40020,3,10,2197.6,Busy
40020,3,11,2116.1,Busy
40020,3,12,1938.8,Busy
40020,4,1,1537.4,Busy
40020,4,2,1699.6,Busy
40020,4,3,1767.0,Busy
40020,4,4,1843.3,Busy
40020,4,5,1887.8,Busy
40020,4,6,1963.1,Busy
40020,4,7,1976.8,Busy
40020,4,8,2022.4,Busy
40020,4,9,2141.9,Busy
40020,4,10,2190.3,Busy
40020,4,11,2108.9,Busy
40020,4,12,1930.9,Busy
40020,5,1,1387.8,Moderate
40020,5,2,1586.9,Moderate
40020,5,3,1660.1,Moderate
40020,5,4,1735.8,Moderate
40020,5,5,1780.3,Moderate
40020,5,6,1881.7,Moderate
40020,5,7,1899.1,Moderate
40020,5,8,1944.7,Moderate
40020,5,9,2034.3,Moderate
40020,5,10,2079.4,Moderate
40020,5,11,1983.7,Moderate
40020,5,12,1790.2,Moderate
40020,6,1,880.5,Quiet
40020,6,2,1041.9,Quiet
40020,6,3,1229.7,Quiet
40020,6,4,1213.4,Quiet
40020,6,5,1265.3,Quiet
40020,6,6,1380.9,Quiet
40020,6,7,1397.3,Quiet
40020,6,8,1442.9,Quiet
40020,6,9,1467.4,Quiet
40020,6,10,1494.1,Quiet
40020,6,11,1398.4,Quiet
40020,6,12,1272.0,Quiet
40030,0,1,319.0,Quiet
40030,0,2,389.5,Quiet
40030,0,3,410.1,Quiet
40030,0,4,424.6,Quiet
40030,0,5,455.4,Quiet
40030,0,6,475.1,Quiet
40030,0,7,464.9,Quiet
40030,0,8,480.6,Quiet
40030,0,9,495.7,Quiet
40030,0,10,510.7,Quiet
40030,0,11,466.1,Quiet
40030,0,12,444.5,Quiet
40030,1,1,619.9,Moderate
40030,1,2,698.9,Moderate
40030,1,3,718.1,Moderate
40030,1,4,732.7,Moderate
40030,1,5,755.0,Moderate
40030,1,6,766.1,Moderate
40030,1,7,753.0,Moderate
40030,1,8,768.7,Moderate
40030,1,9,797.5,Moderate
40030,1,10,827.9,Moderate
40030,1,11,813.1,Moderate
40030,1,12,781.3,Moderate
40030,2,1,670.7,Busy
40030,2,2,737.2,Busy
40030,2,3,756.4,Busy
40030,2,4,779.3,Busy
40030,2,5,801.7,Busy
40030,2,6,812.7,Busy
40030,2,7,799.7,Busy
40030,2,8,815.3,Busy
40030,2,9,864.3,Busy
40030,2,10,890.0,Busy
40030,2,11,871.6,Busy
40030,2,12,829.7,Busy
40030,3,1,696.4,Busy
40030,3,2,744.6,Busy
40030,3,3,763.8,Busy
40030,3,4,787.1,Busy
40030,3,5,809.4,Busy
40030,3,6,820.5,Busy
40030,3,7,807.4,Busy
40030,3,8,823.9,Busy
40030,3,9,877.2,Busy
40030,3,10,899.5,Busy
40030,3,11,882.3,Busy
40030,3,12,835.0,Busy
40030,4,1,696.2,Busy
40030,4,2,742.8,Busy
40030,4,3,762.7,Busy
40030,4,4,786.0,Busy
40030,4,5,808.4,Busy
40030,4,6,819.4,Busy
40030,4,7,807.8,Busy
40030,4,8,824.3,Busy
40030,4,9,877.6,Busy
40030,4,10,898.2,Busy
40030,4,11,881.1,Busy
40030,4,12,833.0,Busy
40030,5,1,647.2,Moderate
40030,5,2,720.1,Moderate
40030,5,3,741.5,Moderate
40030,5,4,774.8,Moderate
40030,5,5,797.2,Moderate
40030,5,6,809.7,Moderate
40030,5,7,798.1,Moderate
40030,5,8,814.6,Moderate
40030,5,9,860.6,Moderate
40030,5,10,877.9,Moderate
40030,5,11,848.1,Moderate
40030,5,12,784.5,Moderate
40030,6,1,413.3,Quiet
40030,6,2,468.8,Quiet
40030,6,3,620.4,Quiet
40030,6,4,541.6,Quiet
40030,6,5,571.3,Quiet
40030,6,6,597.4,Quiet
40030,6,7,587.2,Quiet
40030,6,8,603.7,Quiet
40030,6,9,628.2,Quiet
40030,6,10,621.2,Quiet
40030,6,11,591.4,Quiet
40030,6,12,554.6,Quiet
40040,0,1,572.4,Quiet
40040,0,2,656.6,Quiet
40040,0,3,764.0,Quiet
40040,0,4,812.2,Quiet
40040,0,5,986.0,Quiet
40040,0,6,1314.5,Quiet
40040,0,7,1289.1,Quiet
40040,0,8,1503.4,Quiet
40040,0,9,1424.2,Quiet
40040,0,10,1920.6,Quiet
40040,0,11,1206.7,Quiet
40040,0,12,1026.6,Quiet
40040,1,1,2671.0,Moderate
40040,1,2,3084.7,Moderate
40040,1,3,3183.3,Moderate
40040,1,4,3343.7,Moderate
40040,1,5,3474.6,Moderate
40040,1,6,3741.4,Moderate
40040,1,7,3765.5,Moderate
40040,1,8,3951.6,Moderate
40040,1,9,3986.1,Moderate
40040,1,10,4234.7,Moderate
40040,1,11,4048.0,Moderate
40040,1,12,3602.4,Moderate
40040,2,1,3431.5,Busy
40040,2,2,3989.8,Busy
40040,2,3,4293.5,Busy
40040,2,4,4467.3,Busy
40040,2,5,4644.2,Busy
40040,2,6,4849.7,Busy
40040,2,7,4870.8,Busy
40040,2,8,5083.9,Busy
40040,2,9,5086.2,Busy
40040,2,10,5369.7,Busy
40040,2,11,5167.9,Busy
40040,2,12,4723.2,Busy
40040,3,1,3532.3,Busy
40040,3,2,3872.1,Busy
40040,3,3,4196.2,Busy
40040,3,4,4374.9,Busy
40040,3,5,4551.8,Busy
40040,3,6,4757.3,Busy
40040,3,7,4782.6,Busy
40040,3,8,4963.4,Busy
40040,3,9,4971.4,Busy
40040,3,10,5189.2,Busy
40040,3,11,4997.8,Busy
40040,3,12,4649.6,Busy
40040,4,1,3582.8,Busy
40040,4,2,3867.1,Busy
40040,4,3,4191.2,Busy
40040,4,4,4369.9,Busy
40040,4,5,4484.6,Busy
40040,4,6,4681.4,Busy
40040,4,7,4670.0,Busy
40040,4,8,4800.4,Busy
40040,4,9,4960.8,Busy
40040,4,10,5155.3,Busy
40040,4,11,4982.3,Busy
40040,4,12,4614.4,Busy
40040,5,1,1960.7,Moderate
40040,5,2,2338.1,Moderate
40040,5,3,2468.4,Moderate
40040,5,4,2649.2,Moderate
40040,5,5,2763.8,Moderate
40040,5,6,2968.0,Moderate
40040,5,7,2956.6,Moderate
40040,5,8,3107.3,Moderate
40040,5,9,3247.8,Moderate
40040,5,10,3384.3,Moderate
40040,5,11,3095.4,Moderate
40040,5,12,2764.0,Moderate
40040,6,1,792.8,Quiet
40040,6,2,860.1,Quiet
40040,6,3,1296.0,Quiet
40040,6,4,1049.2,Quiet
40040,6,5,1219.8,Quiet
40040,6,6,1504.5,Quiet
40040,6,7,1493.8,Quiet
40040,6,8,1644.5,Quiet
40040,6,9,1566.2,Quiet
40040,6,10,1680.5,Quiet
40040,6,11,1403.1,Quiet
40040,6,12,1254.9,Quiet
40050,0,1,628.2,Quiet
40050,0,2,803.8,Quiet
40050,0,3,829.8,Quiet
40050,0,4,858.1,Quiet
40050,0,5,899.1,Quiet
40050,0,6,965.1,Quiet
40050,0,7,971.8,Quiet
40050,0,8,977.7,Quiet
40050,0,9,979.5,Quiet
40050,0,10,1064.8,Quiet
40050,0,11,927.7,Quiet
40050,0,12,887.3,Quiet
40050,1,1,1215.0,Moderate
40050,1,2,1395.8,Moderate
40050,1,3,1421.9,Moderate
40050,1,4,1450.2,Moderate
40050,1,5,1472.4,Moderate
40050,1,6,1493.5,Moderate
40050,1,7,1503.4,Moderate
40050,1,8,1509.3,Moderate
40050,1,9,1589.1,Moderate
40050,1,10,1633.5,Moderate
40050,1,11,1595.1,Moderate
40050,1,12,1493.9,Moderate
40050,2,1,1321.8,Busy
40050,2,2,1515.0,Busy
40050,2,3,1563.3,Busy
40050,2,4,1600.0,Busy
40050,2,5,1622.2,Busy
40050,2,6,1643.3,Busy
40050,2,7,1653.2,Busy
40050,2,8,1659.1,Busy
40050,2,9,1734.1,Busy
40050,2,10,1782.1,Busy
40050,2,11,1737.6,Busy
40050,2,12,1635.5,Busy
40050,3,1,1369.3,Busy
40050,3,2,1517.3,Busy
40050,3,3,1567.7,Busy
40050,3,4,1604.8,Busy
40050,3,5,1627.1,Busy
40050,3,6,1648.2,Busy
40050,3,7,1658.0,Busy
40050,3,8,1662.9,Busy
40050,3,9,1740.2,Busy
40050,3,10,1788.2,Busy
40050,3,11,1743.7,Busy
40050,3,12,1636.3,Busy
40050,4,1,1373.1,Busy
40050,4,2,1514.1,Busy
40050,4,3,1565.3,Busy
40050,4,4,1602.3,Busy
40050,4,5,1624.6,Busy
40050,4,6,1645.7,Busy
40050,4,7,1657.0,Busy
40050,4,8,1661.8,Busy
40050,4,9,1739.2,Busy
40050,4,10,1785.5,Busy
40050,4,11,1741.0,Busy
40050,4,12,1632.9,Busy
40050,5,1,1287.2,Moderate
40050,5,2,1467.5,Moderate
40050,5,3,1518.6,Moderate
40050,5,4,1565.8,Moderate
40050,5,5,1594.7,Moderate
40050,5,6,1632.6,Moderate
40050,5,7,1643.9,Moderate
40050,5,8,1649.8,Moderate
40050,5,9,1719.5,Moderate
40050,5,10,1762.7,Moderate
40050,5,11,1695.9,Moderate
40050,5,12,1578.9,Moderate
40050,6,1,946.7,Quiet
40050,6,2,1089.3,Quiet
40050,6,3,1315.7,Quiet
40050,6,4,1197.5,Quiet
40050,6,5,1233.7,Quiet
40050,6,6,1292.5,Quiet
40050,6,7,1310.2,Quiet
40050,6,8,1316.1,Quiet
40050,6,9,1353.7,Quiet
40050,6,10,1385.8,Quiet
40050,6,11,1300.6,Quiet
40050,6,12,1266.7,Quiet
40060,0,1,901.7,Quiet
40060,0,2,1102.9,Quiet
40060,0,3,1106.0,Quiet
40060,0,4,1084.8,Quiet
40060,0,5,1215.5,Quiet
40060,0,6,1545.3,Quiet
40060,0,7,1540.0,Quiet
40060,0,8,1650.5,Quiet
40060,0,9,1647.2,Quiet
40060,0,10,1790.5,Quiet
40060,0,11,1543.5,Quiet
40060,0,12,1510.1,Quiet
40060,1,1,2143.0,Moderate
40060,1,2,2471.0,Moderate
40060,1,3,2501.7,Moderate
40060,1,4,2541.0,Moderate
40060,1,5,2547.5,Moderate
40060,1,6,2677.2,Moderate
40060,1,7,2667.3,Moderate
40060,1,8,2756.0,Moderate
40060,1,9,2970.8,Moderate
40060,1,10,3078.7,Moderate
40060,1,11,3055.3,Moderate
40060,1,12,2886.0,Moderate
40060,2,1,2383.5,Busy
40060,2,2,2803.7,Busy
40060,2,3,2888.5,Busy
40060,2,4,2927.8,Busy
40060,2,5,2920.5,Busy
40060,2,6,3020.7,Busy
40060,2,7,3007.8,Busy
40060,2,8,3052.0,Busy
40060,2,9,3389.0,Busy
40060,2,10,3515.2,Busy
40060,2,11,3446.9,Busy
40060,2,12,3249.3,Busy
40060,3,1,2518.6,Busy
40060,3,2,2840.6,Busy
40060,3,3,2932.8,Busy
40060,3,4,2985.1,Busy
40060,3,5,2991.6,Busy
40060,3,6,3091.8,Busy
40060,3,7,3089.8,Busy
40060,3,8,3116.9,Busy
40060,3,9,3456.8,Busy
40060,3,10,3577.9,Busy
40060,3,11,3506.5,Busy
40060,3,12,3289.5,Busy
40060,4,1,2575.6,Busy
40060,4,2,2867.9,Busy
40060,4,3,2972.3,Busy
40060,4,4,3034.0,Busy
40060,4,5,3040.5,Busy
40060,4,6,3140.7,Busy
40060,4,7,3138.7,Busy
40060,4,8,3165.7,Busy
40060,4,9,3497.6,Busy
40060,4,10,3618.7,Busy
40060,4,11,3547.3,Busy
40060,4,12,3313.2,Busy
40060,5,1,2223.3,Moderate
40060,5,2,2611.5,Moderate
40060,5,3,2677.0,Moderate
40060,5,4,2738.0,Moderate
40060,5,5,2744.5,Moderate
40060,5,6,2896.5,Moderate
40060,5,7,2914.7,Moderate
40060,5,8,2981.3,Moderate
40060,5,9,3203.8,Moderate
40060,5,10,3306.9,Moderate
40060,5,11,3196.0,Moderate
40060,5,12,2927.0,Moderate
40060,6,1,1302.7,Quiet
40060,6,2,1511.6,Quiet
40060,6,3,1701.7,Quiet
40060,6,4,1585.8,Quiet
40060,6,5,1623.1,Quiet
40060,6,6,2025.3,Quiet
40060,6,7,2044.0,Quiet
40060,6,8,2110.6,Quiet
40060,6,9,2151.3,Quiet
40060,6,10,2179.6,Quiet
40060,6,11,2047.6,Quiet
40060,6,12,2016.4,Quiet
40070,0,1,883.5,Quiet
40070,0,2,1141.3,Quiet
40070,0,3,1221.4,Quiet
40070,0,4,1254.1,Quiet
40070,0,5,1405.6,Quiet
40070,0,6,1685.9,Quiet
40070,0,7,1607.7,Quiet
40070,0,8,1826.3,Quiet
40070,0,9,1887.5,Quiet
40070,0,10,3079.4,Quiet
40070,0,11,1632.0,Quiet
40070,0,12,1345.9,Quiet
40070,1,1,2292.2,Moderate
40070,1,2,2752.1,Moderate
40070,1,3,2758.7,Moderate
40070,1,4,2816.8,Moderate
40070,1,5,2833.6,Moderate
40070,1,6,2874.5,Moderate
40070,1,7,2684.7,Moderate
40070,1,8,2930.1,Moderate
40070,1,9,3317.8,Moderate
40070,1,10,3778.7,Moderate
40070,1,11,3498.2,Moderate
40070,1,12,2957.4,Moderate
40070,2,1,2585.0,Busy
40070,2,2,3200.1,Busy
40070,2,3,3260.8,Busy
40070,2,4,3318.8,Busy
40070,2,5,3322.0,Busy
40070,2,6,3330.2,Busy
40070,2,7,3140.5,Busy
40070,2,8,3341.3,Busy
40070,2,9,3854.3,Busy
40070,2,10,4293.0,Busy
40070,2,11,3953.9,Busy
40070,2,12,3363.6,Busy
40070,3,1,2731.6,Busy
40070,3,2,3192.0,Busy
40070,3,3,3268.7,Busy
40070,3,4,3331.7,Busy
40070,3,5,3348.5,Busy
40070,3,6,3356.8,Busy
40070,3,7,3186.2,Busy
40070,3,8,3345.8,Busy
40070,3,9,3912.3,Busy
40070,3,10,4295.1,Busy
40070,3,11,3985.7,Busy
40070,3,12,3369.8,Busy
40070,4,1,2745.4,Busy
40070,4,2,3187.5,Busy
40070,4,3,3270.7,Busy
40070,4,4,3333.7,Busy
40070,4,5,3350.5,Busy
40070,4,6,3358.8,Busy
40070,4,7,3237.7,Busy
40070,4,8,3343.9,Busy
40070,4,9,3889.4,Busy
40070,4,10,4253.2,Busy
40070,4,11,3943.8,Busy
40070,4,12,3348.1,Busy
40070,5,1,2046.8,Moderate
40070,5,2,2495.1,Moderate
40070,5,3,2599.4,Moderate
40070,5,4,2661.9,Moderate
40070,5,5,2685.3,Moderate
40070,5,6,2821.5,Moderate
40070,5,7,2731.5,Moderate
40070,5,8,2877.4,Moderate
40070,5,9,3248.1,Moderate
40070,5,10,3563.7,Moderate
40070,5,11,3180.2,Moderate
40070,5,12,2620.3,Moderate
40070,6,1,1167.5,Quiet
40070,6,2,1376.4,Quiet
40070,6,3,1697.8,Quiet
40070,6,4,1603.6,Quiet
40070,6,5,1696.5,Quiet
40070,6,6,1947.6,Quiet
40070,6,7,1849.9,Quiet
40070,6,8,1995.8,Quiet
40070,6,9,2171.0,Quiet
40070,6,10,2466.2,Quiet
40070,6,11,2061.3,Quiet
40070,6,12,1681.8,Quiet
40080,0,1,1011.1,Quiet
40080,0,2,1235.7,Quiet
40080,0,3,1277.4,Quiet
40080,0,4,1308.6,Quiet
40080,0,5,1395.8,Quiet
40080,0,6,1690.2,Quiet
40080,0,7,1659.4,Quiet
40080,0,8,1800.9,Quiet
40080,0,9,1798.7,Quiet
40080,0,10,2166.6,Quiet
40080,0,11,1498.2,Quiet
40080,0,12,1345.2,Quiet
40080,1,1,1701.7,Moderate
40080,1,2,1954.4,Moderate
40080,1,3,1995.9,Moderate
40080,1,4,2053.2,Moderate
40080,1,5,2128.4,Moderate
40080,1,6,2255.8,Moderate
40080,1,7,2179.5,Moderate
40080,1,8,2307.0,Moderate
40080,1,9,2407.5,Moderate
40080,1,10,2487.9,Moderate
40080,1,11,2384.3,Moderate
40080,1,12,2191.9,Moderate
40080,2,1,1959.9,Busy
40080,2,2,2254.4,Busy
40080,2,3,2332.4,Busy
40080,2,4,2389.7,Busy
40080,2,5,2474.1,Busy
40080,2,6,2540.1,Busy
40080,2,7,2460.9,Busy
40080,2,8,2573.1,Busy
40080,2,9,2762.0,Busy
40080,2,10,2836.0,Busy
40080,2,11,2715.8,Busy
40080,2,12,2485.4,Busy
40080,3,1,2059.0,Busy
40080,3,2,2265.9,Busy
40080,3,3,2353.4,Busy
40080,3,4,2427.5,Busy
40080,3,5,2511.9,Busy
40080,3,6,2577.9,Busy
40080,3,7,2495.5,Busy
40080,3,8,2606.8,Busy
40080,3,9,2815.9,Busy
40080,3,10,2876.0,Busy
40080,3,11,2759.3,Busy
40080,3,12,2506.7,Busy
40080,4,1,2094.6,Busy
40080,4,2,2266.0,Busy
40080,4,3,2366.4,Busy
40080,4,4,2440.4,Busy
40080,4,5,2534.6,Busy
40080,4,6,2634.2,Busy
40080,4,7,2551.8,Busy
40080,4,8,2663.1,Busy
40080,4,9,2864.2,Busy
40080,4,10,2915.2,Busy
40080,4,11,2760.2,Busy
40080,4,12,2523.3,Busy
40080,5,1,1784.7,Moderate
40080,5,2,2076.6,Moderate
40080,5,3,2141.0,Moderate
40080,5,4,2225.2,Moderate
40080,5,5,2333.9,Moderate
40080,5,6,2503.3,Moderate
40080,5,7,2423.3,Moderate
40080,5,8,2545.9,Moderate
40080,5,9,2697.0,Moderate
40080,5,10,2717.9,Moderate
40080,5,11,2514.1,Moderate
40080,5,12,2268.1,Moderate
40080,6,1,1479.2,Quiet
40080,6,2,1763.5,Quiet
40080,6,3,1974.7,Quiet
40080,6,4,1955.9,Quiet
40080,6,5,2044.9,Quiet
40080,6,6,2252.5,Quiet
40080,6,7,2174.0,Quiet
40080,6,8,2296.6,Quiet
40080,6,9,2352.4,Quiet
40080,6,10,2322.2,Quiet
40080,6,11,2122.3,Quiet
40080,6,12,1961.3,Quiet
40090,0,1,419.1,Quiet
40090,0,2,545.3,Quiet
40090,0,3,575.8,Quiet
40090,0,4,591.9,Quiet
40090,0,5,625.4,Quiet
40090,0,6,707.9,Quiet
40090,0,7,647.1,Quiet
40090,0,8,676.9,Quiet
40090,0,9,732.2,Quiet
40090,0,10,761.4,Quiet
40090,0,11,696.8,Quiet
40090,0,12,690.9,Quiet
40090,1,1,1123.1,Moderate
40090,1,2,1278.0,Moderate
40090,1,3,1300.9,Moderate
40090,1,4,1305.8,Moderate
40090,1,5,1346.7,Moderate
40090,1,6,1362.2,Moderate
40090,1,7,1296.2,Moderate
40090,1,8,1311.9,Moderate
40090,1,9,1467.3,Moderate
40090,1,10,1533.2,Moderate
40090,1,11,1516.9,Moderate
40090,1,12,1445.6,Moderate
40090,2,1,1246.0,Busy
40090,2,2,1418.4,Busy
40090,2,3,1441.3,Busy
40090,2,4,1454.5,Busy
40090,2,5,1495.4,Busy
40090,2,6,1511.0,Busy
40090,2,7,1444.9,Busy
40090,2,8,1460.6,Busy
40090,2,9,1649.4,Busy
40090,2,10,1703.1,Busy
40090,2,11,1692.6,Busy
40090,2,12,1611.1,Busy
40090,3,1,1321.9,Busy
40090,3,2,1440.9,Busy
40090,3,3,1465.8,Busy
40090,3,4,1487.0,Busy
40090,3,5,1527.9,Busy
40090,3,6,1543.4,Busy
40090,3,7,1477.3,Busy
40090,3,8,1492.0,Busy
40090,3,9,1703.3,Busy
40090,3,10,1754.8,Busy
40090,3,11,1744.2,Busy
40090,3,12,1650.9,Busy
40090,4,1,1336.0,Busy
40090,4,2,1432.5,Busy
40090,4,3,1464.0,Busy
40090,4,4,1485.1,Busy
40090,4,5,1526.1,Busy
40090,4,6,1541.6,Busy
40090,4,7,1486.1,Busy
40090,4,8,1500.8,Busy
40090,4,9,1708.0,Busy
40090,4,10,1752.7,Busy
40090,4,11,1742.2,Busy
40090,4,12,1664.4,Busy
40090,5,1,1144.8,Moderate
40090,5,2,1285.1,Moderate
40090,5,3,1329.0,Moderate
40090,5,4,1349.5,Moderate
40090,5,5,1397.0,Moderate
40090,5,6,1426.3,Moderate
40090,5,7,1373.3,Moderate
40090,5,8,1389.0,Moderate
40090,5,9,1571.4,Moderate
40090,5,10,1614.8,Moderate
40090,5,11,1574.4,Moderate
40090,5,12,1477.8,Moderate
40090,6,1,743.3,Quiet
40090,6,2,845.9,Quiet
40090,6,3,969.6,Quiet
40090,6,4,928.8,Quiet
40090,6,5,983.7,Quiet
40090,6,6,1031.6,Quiet
40090,6,7,978.5,Quiet
40090,6,8,994.2,Quiet
40090,6,9,1097.4,Quiet
40090,6,10,1117.8,Quiet
40090,6,11,1077.4,Quiet
40090,6,12,1031.5,Quiet
40100,0,1,1051.4,Quiet
40100,0,2,1282.2,Quiet
40100,0,3,1307.7,Quiet
40100,0,4,1331.8,Quiet
40100,0,5,1400.0,Quiet
40100,0,6,1556.8,Quiet
40100,0,7,1527.4,Quiet
40100,0,8,1652.0,Quiet
40100,0,9,1665.7,Quiet
40100,0,10,1781.3,Quiet
40100,0,11,1533.8,Quiet
40100,0,12,1450.0,Quiet
40100,1,1,1691.0,Moderate
40100,1,2,1961.8,Moderate
40100,1,3,1958.7,Moderate
40100,1,4,1981.6,Moderate
40100,1,5,2007.6,Moderate
40100,1,6,2064.0,Moderate
40100,1,7,2044.2,Moderate
40100,1,8,2133.0,Moderate
40100,1,9,2277.8,Moderate
40100,1,10,2335.8,Moderate
40100,1,11,2321.7,Moderate
40100,1,12,2216.0,Moderate
40100,2,1,1884.1,Busy
40100,2,2,2187.3,Busy
40100,2,3,2214.3,Busy
40100,2,4,2237.2,Busy
40100,2,5,2263.2,Busy
40100,2,6,2255.2,Moderate
40100,2,7,2235.4,Moderate
40100,2,8,2309.0,Moderate
40100,2,9,2479.3,Moderate
40100,2,10,2534.4,Busy
40100,2,11,2512.8,Busy
40100,2,12,2405.2,Busy
40100,3,1,1938.1,Busy
40100,3,2,2187.8,Busy
40100,3,3,2214.8,Busy
40100,3,4,2250.7,Busy
40100,3,5,2276.8,Busy
40100,3,6,2268.8,Busy
40100,3,7,2249.0,Busy
40100,3,8,2323.4,Busy
40100,3,9,2499.4,Busy
40100,3,10,2554.4,Busy
40100,3,11,2532.8,Busy
40100,3,12,2413.8,Busy
40100,4,1,1967.6,Busy
40100,4,2,2194.3,Busy
40100,4,3,2233.5,Busy
40100,4,4,2278.8,Busy
40100,4,5,2304.8,Busy
40100,4,6,2301.9,Busy
40100,4,7,2282.1,Busy
40100,4,8,2356.5,Busy
40100,4,9,2524.4,Busy
40100,4,10,2570.4,Busy
40100,4,11,2548.9,Busy
40100,4,12,2418.1,Busy
40100,5,1,1800.5,Moderate
40100,5,2,2088.3,Moderate
40100,5,3,2119.0,Moderate
40100,5,4,2174.3,Moderate
40100,5,5,2214.9,Moderate
40100,5,6,2266.9,Busy
40100,5,7,2247.7,Busy
40100,5,8,2332.4,Busy
40100,5,9,2493.0,Busy
40100,5,10,2528.3,Moderate
40100,5,11,2482.2,Moderate
40100,5,12,2335.8,Moderate
40100,6,1,1435.5,Quiet
40100,6,2,1666.6,Quiet
40100,6,3,1813.1,Quiet
40100,6,4,1770.9,Quiet
40100,6,5,1791.8,Quiet
40100,6,6,1891.9,Quiet
40100,6,7,1874.2,Quiet
40100,6,8,1958.8,Quiet
40100,6,9,2057.1,Quiet
40100,6,10,2051.1,Quiet
40100,6,11,2008.9,Quiet
40100,6,12,1908.1,Quiet
40120,0,1,431.9,Quiet
40120,0,2,596.7,Quiet
40120,0,3,625.3,Quiet
40120,0,4,671.9,Quiet
40120,0,5,733.5,Quiet
40120,0,6,778.2,Quiet
40120,0,7,771.9,Quiet
40120,0,8,810.3,Quiet
40120,0,9,846.6,Quiet
40120,0,10,874.8,Quiet
40120,0,11,792.8,Quiet
40120,0,12,720.5,Quiet
40120,1,1,1210.8,Moderate
40120,1,2,1453.7,Moderate
40120,1,3,1461.3,Moderate
40120,1,4,1504.2,Moderate
40120,1,5,1557.3,Moderate
40120,1,6,1567.7,Moderate
40120,1,7,1516.0,Moderate
40120,1,8,1554.5,Moderate
40120,1,9,1686.9,Moderate
40120,1,10,1770.6,Moderate
40120,1,11,1730.1,Moderate
40120,1,12,1611.2,Moderate
40120,2,1,1355.6,Busy
40120,2,2,1635.9,Busy
40120,2,3,1673.5,Busy
40120,2,4,1724.8,Busy
40120,2,5,1774.7,Busy
40120,2,6,1785.1,Busy
40120,2,7,1733.4,Busy
40120,2,8,1771.9,Busy
40120,2,9,1943.0,Busy
40120,2,10,2004.3,Busy
40120,2,11,1957.7,Busy
40120,2,12,1829.5,Busy
40120,3,1,1406.4,Busy
40120,3,2,1633.5,Busy
40120,3,3,1677.1,Busy
40120,3,4,1728.8,Busy
40120,3,5,1781.9,Busy
40120,3,6,1792.3,Busy
40120,3,7,1737.4,Busy
40120,3,8,1780.0,Busy
40120,3,9,1962.6,Busy
40120,3,10,2016.6,Busy
40120,3,11,1968.7,Busy
40120,3,12,1827.4,Busy
40120,4,1,1424.9,Busy
40120,4,2,1629.0,Busy
40120,4,3,1679.6,Busy
40120,4,4,1731.3,Busy
40120,4,5,1784.4,Busy
40120,4,6,1794.8,Busy
40120,4,7,1741.4,Busy
40120,4,8,1784.0,Busy
40120,4,9,1966.5,Busy
40120,4,10,2018.9,Busy
40120,4,11,1971.0,Busy
40120,4,12,1829.0,Busy
40120,5,1,1267.6,Moderate
40120,5,2,1480.4,Moderate
40120,5,3,1536.9,Moderate
40120,5,4,1588.0,Moderate
40120,5,5,1641.0,Moderate
40120,5,6,1672.1,Moderate
40120,5,7,1630.2,Moderate
40120,5,8,1673.8,Moderate
40120,5,9,1801.7,Moderate
40120,5,10,1850.8,Moderate
40120,5,11,1788.6,Moderate
40120,5,12,1637.5,Moderate
40120,6,1,608.3,Quiet
40120,6,2,751.4,Quiet
40120,6,3,980.4,Quiet
40120,6,4,891.9,Quiet
40120,6,5,952.3,Quiet
40120,6,6,1022.0,Quiet
40120,6,7,980.7,Quiet
40120,6,8,1024.3,Quiet
40120,6,9,1095.9,Quiet
40120,6,10,1063.8,Quiet
40120,6,11,1013.2,Quiet
40120,6,12,928.8,Quiet
40130,0,1,167.6,Quiet
40130,0,2,236.2,Quiet
40130,0,3,243.2,Quiet
40130,0,4,254.7,Quiet
40130,0,5,283.1,Quiet
40130,0,6,299.0,Quiet
40130,0,7,289.9,Quiet
40130,0,8,310.7,Quiet
40130,0,9,312.8,Quiet
40130,0,10,328.8,Quiet
40130,0,11,285.7,Quiet
40130,0,12,260.8,Quiet
40130,1,1,379.9,Moderate
40130,1,2,436.1,Moderate
40130,1,3,443.2,Moderate
40130,1,4,454.7,Moderate
40130,1,5,474.6,Moderate
40130,1,6,481.3,Moderate
40130,1,7,470.8,Moderate
40130,1,8,491.6,Moderate
40130,1,9,503.9,Moderate
40130,1,10,527.1,Moderate
40130,1,11,518.5,Moderate
40130,1,12,493.6,Moderate
40130,2,1,420.4,Busy
40130,2,2,463.9,Busy
40130,2,3,471.0,Busy
40130,2,4,482.5,Busy
40130,2,5,499.1,Busy
40130,2,6,505.9,Moderate
40130,2,7,495.3,Moderate
40130,2,8,516.1,Moderate
40130,2,9,537.3,Moderate
40130,2,10,555.9,Moderate
40130,2,11,541.1,Busy
40130,2,12,512.4,Busy
40130,3,1,442.2,Busy
40130,3,2,466.6,Busy
40130,3,3,473.6,Busy
40130,3,4,485.5,Busy
40130,3,5,505.4,Busy
40130,3,6,512.1,Busy
40130,3,7,501.6,Busy
40130,3,8,523.2,Busy
40130,3,9,550.1,Busy
40130,3,10,567.4,Busy
40130,3,11,553.8,Busy
40130,3,12,519.8,Busy
40130,4,1,436.6,Busy
40130,4,2,462.6,Busy
40130,4,3,470.4,Busy
40130,4,4,482.3,Busy
40130,4,5,502.2,Busy
40130,4,6,508.9,Busy
40130,4,7,499.8,Busy
40130,4,8,521.5,Busy
40130,4,9,548.4,Busy
40130,4,10,564.0,Busy
40130,4,11,550.4,Busy
40130,4,12,515.7,Busy
40130,5,1,389.8,Moderate
40130,5,2,447.0,Moderate
40130,5,3,466.9,Moderate
40130,5,4,478.2,Moderate
40130,5,5,498.0,Moderate
40130,5,6,506.3,Busy
40130,5,7,497.2,Busy
40130,5,8,518.8,Busy
40130,5,9,545.7,Busy
40130,5,10,559.9,Busy
40130,5,11,532.0,Moderate
40130,5,12,481.7,Moderate
40130,6,1,252.8,Quiet
40130,6,2,305.0,Quiet
40130,6,3,370.0,Quiet
40130,6,4,353.7,Quiet
40130,6,5,381.0,Quiet
40130,6,6,397.9,Quiet
40130,6,7,388.8,Quiet
40130,6,8,410.5,Quiet
40130,6,9,425.1,Quiet
40130,6,10,425.4,Quiet
40130,6,11,397.5,Quiet
40130,6,12,361.3,Quiet
40140,0,1,231.2,Quiet
40140,0,2,342.5,Quiet
40140,0,3,361.1,Quiet
40140,0,4,376.4,Quiet
40140,0,5,438.4,Quiet
40140,0,6,564.8,Quiet
40140,0,7,565.7,Quiet
40140,0,8,620.1,Quiet
40140,0,9,534.0,Quiet
40140,0,10,608.8,Quiet
40140,0,11,383.3,Quiet
40140,0,12,223.8,Quiet
40140,1,1,526.6,Moderate
40140,1,2,638.7,Moderate
40140,1,3,655.8,Moderate
40140,1,4,671.2,Moderate
40140,1,5,763.3,Moderate
40140,1,6,845.9,Moderate
40140,1,7,838.3,Moderate
40140,1,8,878.6,Moderate
40140,1,9,826.9,Moderate
40140,1,10,822.0,Moderate
40140,1,11,732.0,Moderate
40140,1,12,572.4,Busy
40140,2,1,582.2,Busy
40140,2,2,681.7,Busy
40140,2,3,698.9,Busy
40140,2,4,722.6,Busy
40140,2,5,823.8,Busy
40140,2,6,909.4,Moderate
40140,2,7,898.9,Moderate
40140,2,8,939.2,Moderate
40140,2,9,897.7,Moderate
40140,2,10,889.2,Busy
40140,2,11,776.1,Busy
40140,2,12,564.8,Busy
40140,3,1,609.7,Busy
40140,3,2,686.5,Busy
40140,3,3,705.7,Busy
40140,3,4,729.8,Busy
40140,3,5,831.1,Busy
40140,3,6,916.7,Busy
40140,3,7,903.0,Busy
40140,3,8,942.4,Busy
40140,3,9,921.2,Busy
40140,3,10,905.2,Busy
40140,3,11,789.0,Busy
40140,3,12,533.6,Busy
40140,4,1,606.2,Busy
40140,4,2,675.7,Busy
40140,4,3,701.4,Busy
40140,4,4,725.5,Busy
40140,4,5,836.5,Busy
40140,4,6,921.9,Busy
40140,4,7,909.7,Busy
40140,4,8,949.1,Busy
40140,4,9,927.9,Busy
40140,4,10,910.3,Busy
40140,4,11,784.4,Busy
40140,4,12,529.0,Moderate
40140,5,1,505.7,Moderate
40140,5,2,632.6,Moderate
40140,5,3,670.2,Moderate
40140,5,4,704.2,Moderate
40140,5,5,817.1,Moderate
40140,5,6,918.1,Busy
40140,5,7,905.9,Busy
40140,5,8,953.5,Busy
40140,5,9,924.6,Busy
40140,5,10,880.0,Moderate
40140,5,11,684.8,Moderate
40140,5,12,458.5,Moderate
40140,6,1,294.7,Quiet
40140,6,2,371.2,Quiet
40140,6,3,581.4,Quiet
40140,6,4,475.8,Quiet
40140,6,5,588.7,Quiet
40140,6,6,716.0,Quiet
40140,6,7,705.2,Quiet
40140,6,8,748.0,Quiet
40140,6,9,709.8,Quiet
40140,6,10,607.4,Quiet
40140,6,11,412.2,Quiet
40140,6,12,251.1,Quiet
40150,0,1,271.3,Quiet
40150,0,2,335.8,Quiet
40150,0,3,347.7,Quiet
40150,0,4,360.4,Quiet
40150,0,5,393.5,Quiet
40150,0,6,416.5,Quiet
40150,0,7,406.3,Quiet
40150,0,8,419.3,Quiet
40150,0,9,432.8,Quiet
40150,0,10,439.2,Quiet
40150,0,11,406.1,Quiet
40150,0,12,385.7,Quiet
40150,1,1,565.9,Moderate
40150,1,2,638.9,Moderate
40150,1,3,649.4,Moderate
40150,1,4,662.1,Moderate
40150,1,5,676.5,Moderate
40150,1,6,690.8,Moderate
40150,1,7,677.8,Moderate
40150,1,8,690.8,Moderate
40150,1,9,718.0,Moderate
40150,1,10,749.3,Moderate
40150,1,11,736.5,Moderate
40150,1,12,706.0,Moderate
40150,2,1,608.9,Busy
40150,2,2,669.2,Busy
40150,2,3,679.7,Busy
40150,2,4,700.7,Busy
40150,2,5,715.1,Busy
40150,2,6,729.4,Busy
40150,2,7,716.4,Moderate
40150,2,8,729.4,Moderate
40150,2,9,769.4,Moderate
40150,2,10,796.1,Busy
40150,2,11,779.7,Busy
40150,2,12,739.0,Busy
40150,3,1,634.5,Busy
40150,3,2,675.6,Busy
40150,3,3,686.1,Busy
40150,3,4,707.6,Busy
40150,3,5,721.9,Busy
40150,3,6,736.3,Busy
40150,3,7,723.3,Busy
40150,3,8,737.1,Busy
40150,3,9,779.7,Busy
40150,3,10,806.3,Busy
40150,3,11,790.0,Busy
40150,3,12,743.9,Busy
40150,4,1,634.4,Busy
40150,4,2,673.8,Busy
40150,4,3,685.1,Busy
40150,4,4,706.5,Busy
40150,4,5,720.9,Busy
40150,4,6,735.2,Busy
40150,4,7,723.6,Busy
40150,4,8,737.5,Busy
40150,4,9,780.1,Busy
40150,4,10,805.0,Busy
40150,4,11,788.7,Busy
40150,4,12,741.9,Busy
40150,5,1,580.5,Moderate
40150,5,2,646.3,Moderate
40150,5,3,671.3,Moderate
40150,5,4,692.2,Moderate
40150,5,5,713.1,Moderate
40150,5,6,729.0,Moderate
40150,5,7,717.4,Busy
40150,5,8,731.2,Busy
40150,5,9,773.8,Busy
40150,5,10,795.5,Moderate
40150,5,11,766.5,Moderate
40150,5,12,704.1,Moderate
40150,6,1,355.4,Quiet
40150,6,2,403.8,Quiet
40150,6,3,560.7,Quiet
40150,6,4,469.4,Quiet
40150,6,5,497.7,Quiet
40150,6,6,527.1,Quiet
40150,6,7,516.9,Quiet
40150,6,8,530.8,Quiet
40150,6,9,551.8,Quiet
40150,6,10,548.0,Quiet
40150,6,11,519.0,Quiet
40150,6,12,483.4,Quiet
40160,0,1,184.9,Quiet
40160,0,2,254.7,Quiet
40160,0,3,304.9,Quiet
40160,0,4,326.8,Quiet
40160,0,5,377.9,Quiet
40160,0,6,416.0,Quiet
40160,0,7,421.5,Quiet
40160,0,8,441.6,Quiet
40160,0,9,429.8,Quiet
40160,0,10,516.3,Quiet
40160,0,11,353.8,Quiet
40160,0,12,323.5,Quiet
40160,1,1,1077.6,Moderate
40160,1,2,1198.2,Moderate
40160,1,3,1235.3,Moderate
40160,1,4,1257.2,Moderate
40160,1,5,1308.3,Moderate
40160,1,6,1359.2,Moderate
40160,1,7,1369.9,Moderate
40160,1,8,1390.0,Moderate
40160,1,9,1433.8,Moderate
40160,1,10,1530.8,Moderate
40160,1,11,1476.6,Moderate
40160,1,12,1460.1,Moderate
40160,2,1,1354.6,Busy
40160,2,2,1544.9,Busy
40160,2,3,1560.0,Busy
40160,2,4,1590.1,Busy
40160,2,5,1687.3,Busy
40160,2,6,1706.5,Busy
40160,2,7,1717.1,Busy
40160,2,8,1808.8,Busy
40160,2,9,1819.4,Busy
40160,2,10,1915.4,Busy
40160,2,11,1843.0,Busy
40160,2,12,1863.2,Busy
40160,3,1,1428.3,Busy
40160,3,2,1536.5,Busy
40160,3,3,1560.4,Busy
40160,3,4,1591.0,Busy
40160,3,5,1688.1,Busy
40160,3,6,1707.3,Busy
40160,3,7,1717.9,Busy
40160,3,8,1808.5,Busy
40160,3,9,1810.8,Busy
40160,3,10,1924.2,Busy
40160,3,11,1855.9,Busy
40160,3,12,1863.0,Busy
40160,4,1,1424.9,Busy
40160,4,2,1531.6,Busy
40160,4,3,1556.1,Busy
40160,4,4,1586.7,Busy
40160,4,5,1637.9,Busy
40160,4,6,1689.2,Busy
40160,4,7,1701.3,Busy
40160,4,8,1720.3,Busy
40160,4,9,1817.9,Busy
40160,4,10,1906.4,Busy
40160,4,11,1855.9,Busy
40160,4,12,1844.4,Busy
40160,5,1,945.4,Moderate
40160,5,2,1030.8,Moderate
40160,5,3,1047.2,Moderate
40160,5,4,1080.2,Moderate
40160,5,5,1131.3,Moderate
40160,5,6,1190.0,Moderate
40160,5,7,1205.8,Moderate
40160,5,8,1205.6,Moderate
40160,5,9,1236.1,Moderate
40160,5,10,1298.6,Moderate
40160,5,11,1173.6,Moderate
40160,5,12,1170.2,Moderate
40160,6,1,295.1,Quiet
40160,6,2,344.2,Quiet
40160,6,3,690.5,Quiet
40160,6,4,422.3,Quiet
40160,6,5,473.4,Quiet
40160,6,6,535.7,Quiet
40160,6,7,552.2,Quiet
40160,6,8,552.0,Quiet
40160,6,9,550.2,Quiet
40160,6,10,592.6,Quiet
40160,6,11,479.2,Quiet
40160,6,12,474.4,Quiet
40170,0,1,516.7,Quiet
40170,0,2,738.2,Quiet
40170,0,3,784.3,Quiet
40170,0,4,843.9,Quiet
40170,0,5,852.5,Quiet
40170,0,6,956.2,Quiet
40170,0,7,1138.1,Quiet
40170,0,8,1098.0,Quiet
40170,0,9,1155.2,Quiet
40170,0,10,1339.5,Quiet
40170,0,11,966.5,Quiet
40170,0,12,855.8,Quiet
40170,1,1,1271.4,Moderate
40170,1,2,1430.2,Moderate
40170,1,3,1433.3,Moderate
40170,1,4,1470.3,Moderate
40170,1,5,1496.6,Moderate
40170,1,6,1502.9,Moderate
40170,1,7,1602.2,Moderate
40170,1,8,1567.2,Moderate
40170,1,9,1707.2,Moderate
40170,1,10,1790.5,Moderate
40170,1,11,1736.3,Moderate
40170,1,12,1607.2,Moderate
40170,2,1,1419.6,Busy
40170,2,2,1602.2,Busy
40170,2,3,1635.3,Busy
40170,2,4,1680.7,Busy
40170,2,5,1707.0,Busy
40170,2,6,1713.3,Moderate
40170,2,7,1812.6,Moderate
40170,2,8,1777.6,Moderate
40170,2,9,1940.1,Moderate
40170,2,10,2022.8,Moderate
40170,2,11,1967.7,Busy
40170,2,12,1828.3,Busy
40170,3,1,1481.5,Busy
40170,3,2,1612.9,Busy
40170,3,3,1655.6,Busy
40170,3,4,1714.0,Busy
40170,3,5,1740.3,Busy
40170,3,6,1746.6,Busy
40170,3,7,1856.9,Busy
40170,3,8,1803.9,Busy
40170,3,9,1990.5,Busy
40170,3,10,2076.5,Busy
40170,3,11,2019.5,Busy
40170,3,12,1829.9,Busy
40170,4,1,1495.6,Busy
40170,4,2,1612.4,Busy
40170,4,3,1667.3,Busy
40170,4,4,1735.1,Busy
40170,4,5,1761.3,Busy
40170,4,6,1801.6,Busy
40170,4,7,1950.8,Busy
40170,4,8,1858.8,Busy
40170,4,9,2045.4,Busy
40170,4,10,2122.4,Busy
40170,4,11,2036.6,Busy
40170,4,12,1838.7,Busy
40170,5,1,1321.0,Moderate
40170,5,2,1528.1,Moderate
40170,5,3,1575.0,Moderate
40170,5,4,1677.9,Moderate
40170,5,5,1679.8,Moderate
40170,5,6,1755.2,Busy
40170,5,7,1946.3,Busy
40170,5,8,1841.1,Busy
40170,5,9,2065.0,Busy
40170,5,10,2088.2,Busy
40170,5,11,1880.0,Moderate
40170,5,12,1689.4,Moderate
40170,6,1,849.9,Quiet
40170,6,2,1019.2,Quiet
40170,6,3,1234.0,Quiet
40170,6,4,1201.2,Quiet
40170,6,5,1182.6,Quiet
40170,6,6,1366.8,Quiet
40170,6,7,1588.8,Quiet
40170,6,8,1445.7,Quiet
40170,6,9,1577.7,Quiet
40170,6,10,1518.4,Quiet
40170,6,11,1312.3,Quiet
40170,6,12,1209.1,Quiet
40180,0,1,120.6,Quiet
40180,0,2,170.5,Quiet
40180,0,3,185.0,Quiet
40180,0,4,191.4,Quiet
40180,0,5,222.5,Quiet
40180,0,6,230.8,Quiet
40180,0,7,201.4,Quiet
40180,0,8,178.2,Quiet
40180,0,9,200.8,Quiet
40180,0,10,226.7,Quiet
40180,0,11,192.9,Quiet
40180,0,12,186.9,Quiet
40180,1,1,412.9,Moderate
40180,1,2,503.6,Moderate
40180,1,3,503.6,Moderate
40180,1,4,506.3,Moderate
40180,1,5,518.6,Moderate
40180,1,6,524.0,Moderate
40180,1,7,486.1,Moderate
40180,1,8,462.9,Moderate
40180,1,9,496.9,Moderate
40180,1,10,539.3,Moderate
40180,1,11,540.4,Moderate
40180,1,12,534.4,Moderate
40180,2,1,487.4,Busy
40180,2,2,569.4,Busy
40180,2,3,569.4,Busy
40180,2,4,572.1,Busy
40180,2,5,584.4,Busy
40180,2,6,589.8,Busy
40180,2,7,551.9,Busy
40180,2,8,528.7,Busy
40180,2,9,565.2,Busy
40180,2,10,603.7,Busy
40180,2,11,601.2,Busy
40180,2,12,591.5,Busy
40180,3,1,547.0,Busy
40180,3,2,590.9,Busy
40180,3,3,594.8,Busy
40180,3,4,597.9,Busy
40180,3,5,610.2,Busy
40180,3,6,615.6,Busy
40180,3,7,577.7,Busy
40180,3,8,551.2,Busy
40180,3,9,597.7,Busy
40180,3,10,636.2,Busy
40180,3,11,633.7,Busy
40180,3,12,622.8,Busy
40180,4,1,540.9,Busy
40180,4,2,576.9,Busy
40180,4,3,587.8,Busy
40180,4,4,590.9,Busy
40180,4,5,603.2,Busy
40180,4,6,608.6,Busy
40180,4,7,572.2,Busy
40180,4,8,545.7,Busy
40180,4,9,592.2,Busy
40180,4,10,629.0,Busy
40180,4,11,626.5,Busy
40180,4,12,623.4,Busy
40180,5,1,401.0,Moderate
40180,5,2,473.7,Moderate
40180,5,3,498.1,Moderate
40180,5,4,490.4,Moderate
40180,5,5,509.4,Moderate
40180,5,6,522.1,Moderate
40180,5,7,485.7,Moderate
40180,5,8,459.2,Moderate
40180,5,9,491.0,Moderate
40180,5,10,525.9,Moderate
40180,5,11,504.3,Moderate
40180,5,12,497.4,Moderate
40180,6,1,161.6,Quiet
40180,6,2,202.3,Quiet
40180,6,3,359.6,Quiet
40180,6,4,238.5,Quiet
40180,6,5,264.8,Quiet
40180,6,6,296.8,Quiet
40180,6,7,261.8,Quiet
40180,6,8,235.3,Quiet
40180,6,9,254.0,Quiet
40180,6,10,267.2,Quiet
40180,6,11,245.6,Quiet
40180,6,12,258.1,Quiet
40190,0,1,618.2,Quiet
40190,0,2,871.1,Quiet
40190,0,3,970.5,Quiet
40190,0,4,1292.4,Quiet
40190,0,5,1528.6,Quiet
40190,0,6,1845.1,Quiet
40190,0,7,1787.6,Quiet
40190,0,8,2110.0,Quiet
40190,0,9,1819.0,Quiet
40190,0,10,1833.9,Quiet
40190,0,11,1060.1,Quiet
40190,0,12,878.5,Quiet
40190,1,1,1208.9,Moderate
40190,1,2,1558.3,Moderate
40190,1,3,1623.2,Quiet
40190,1,4,1937.6,Quiet
40190,1,5,2073.3,Quiet
40190,1,6,2095.4,Quiet
40190,1,7,2052.7,Quiet
40190,1,8,2341.0,Quiet
40190,1,9,2208.4,Quiet
40190,1,10,1880.0,Moderate
40190,1,11,1880.7,Moderate
40190,1,12,1670.4,Moderate
40190,2,1,1350.9,Busy
40190,2,2,1727.3,Busy
40190,2,3,1822.3,Moderate
40190,2,4,2154.6,Moderate
40190,2,5,2322.8,Busy
40190,2,6,2422.7,Moderate
40190,2,7,2302.1,Moderate
40190,2,8,2575.2,Moderate
40190,2,9,2470.8,Moderate
40190,2,10,2124.9,Busy
40190,2,11,2073.6,Busy
40190,2,12,1833.3,Busy
40190,3,1,1442.4,Busy
40190,3,2,1751.7,Busy
40190,3,3,1848.7,Busy
40190,3,4,2167.6,Busy
40190,3,5,2335.8,Busy
40190,3,6,2435.7,Busy
40190,3,7,2315.1,Busy
40190,3,8,2639.1,Busy
40190,3,9,2529.2,Moderate
40190,3,10,2148.0,Busy
40190,3,11,2085.0,Busy
40190,3,12,1841.8,Busy
40190,4,1,1442.8,Busy
40190,4,2,1730.8,Busy
40190,4,3,1829.2,Busy
40190,4,4,2177.2,Busy
40190,4,5,2306.4,Moderate
40190,4,6,2422.1,Moderate
40190,4,7,2302.9,Moderate
40190,4,8,2626.9,Moderate
40190,4,9,2529.9,Busy
40190,4,10,2147.1,Busy
40190,4,11,2081.8,Busy
40190,4,12,1837.9,Busy
40190,5,1,1286.0,Moderate
40190,5,2,1630.0,Moderate
40190,5,3,1739.4,Moderate
40190,5,4,2321.1,Busy
40190,5,5,2427.1,Busy
40190,5,6,2964.0,Busy
40190,5,7,2737.6,Busy
40190,5,8,3326.4,Busy
40190,5,9,3072.1,Busy
40190,5,10,2047.0,Moderate
40190,5,11,1914.1,Moderate
40190,5,12,1675.1,Moderate
40190,6,1,804.0,Quiet
40190,6,2,1115.6,Quiet
40190,6,3,1893.1,Busy
40190,6,4,2013.6,Moderate
40190,6,5,2185.9,Moderate
40190,6,6,2766.5,Busy
40190,6,7,2580.5,Busy
40190,6,8,3046.5,Busy
40190,6,9,2662.5,Busy
40190,6,10,1479.8,Quiet
40190,6,11,1407.2,Quiet
40190,6,12,1296.3,Quiet
40210,0,1,352.2,Quiet
40210,0,2,463.8,Quiet
40210,0,3,491.4,Quiet
40210,0,4,510.5,Quiet
40210,0,5,541.9,Quiet
40210,0,6,581.3,Quiet
40210,0,7,576.3,Quiet
40210,0,8,601.8,Quiet
40210,0,9,616.5,Quiet
40210,0,10,643.2,Quiet
40210,0,11,584.9,Quiet
40210,0,12,527.8,Quiet
40210,1,1,796.4,Moderate
40210,1,2,907.8,Moderate
40210,1,3,933.2,Moderate
40210,1,4,944.8,Moderate
40210,1,5,967.6,Moderate
40210,1,6,997.9,Moderate
40210,1,7,991.4,Moderate
40210,1,8,1016.9,Moderate
40210,1,9,1056.9,Moderate
40210,1,10,1100.5,Moderate
40210,1,11,1067.1,Moderate
40210,1,12,1015.9,Moderate
40210,2,1,875.8,Busy
40210,2,2,988.3,Busy
40210,2,3,1013.6,Busy
40210,2,4,1033.5,Busy
40210,2,5,1056.4,Busy
40210,2,6,1086.6,Busy
40210,2,7,1080.2,Busy
40210,2,8,1105.6,Busy
40210,2,9,1179.1,Busy
40210,2,10,1217.9,Busy
40210,2,11,1178.4,Busy
40210,2,12,1105.7,Busy
40210,3,1,922.3,Busy
40210,3,2,1004.5,Busy
40210,3,3,1031.9,Busy
40210,3,4,1059.7,Busy
40210,3,5,1082.6,Busy
40210,3,6,1112.8,Busy
40210,3,7,1103.2,Busy
40210,3,8,1127.8,Busy
40210,3,9,1221.5,Busy
40210,3,10,1253.0,Busy
40210,3,11,1210.3,Busy
40210,3,12,1118.7,Busy
40210,4,1,929.2,Busy
40210,4,2,1009.8,Busy
40210,4,3,1037.9,Busy
40210,4,4,1065.7,Busy
40210,4,5,1088.6,Busy
40210,4,6,1118.8,Busy
40210,4,7,1109.2,Busy
40210,4,8,1133.8,Busy
40210,4,9,1227.5,Busy
40210,4,10,1259.0,Busy
40210,4,11,1216.3,Busy
40210,4,12,1124.7,Busy
40210,5,1,869.2,Moderate
40210,5,2,960.3,Moderate
40210,5,3,1000.9,Moderate
40210,5,4,1028.0,Moderate
40210,5,5,1050.9,Moderate
40210,5,6,1082.6,Moderate
40210,5,7,1073.0,Moderate
40210,5,8,1098.7,Moderate
40210,5,9,1177.4,Moderate
40210,5,10,1207.5,Moderate
40210,5,11,1150.5,Moderate
40210,5,12,1049.9,Moderate
40210,6,1,536.7,Quiet
40210,6,2,610.3,Quiet
40210,6,3,782.7,Quiet
40210,6,4,697.8,Quiet
40210,6,5,728.0,Quiet
40210,6,6,778.9,Quiet
40210,6,7,770.7,Quiet
40210,6,8,796.3,Quiet
40210,6,9,830.1,Quiet
40210,6,10,838.4,Quiet
40210,6,11,781.4,Quiet
40210,6,12,709.6,Quiet
40220,0,1,252.2,Quiet
40220,0,2,333.3,Quiet
40220,0,3,336.9,Quiet
40220,0,4,346.5,Quiet
40220,0,5,385.7,Quiet
40220,0,6,401.8,Quiet
40220,0,7,362.1,Quiet
40220,0,8,338.2,Quiet
40220,0,9,352.6,Quiet
40220,0,10,386.5,Quiet
40220,0,11,342.3,Quiet
40220,0,12,326.5,Quiet
40220,1,1,557.5,Moderate
40220,1,2,644.5,Moderate
40220,1,3,646.6,Moderate
40220,1,4,652.6,Moderate
40220,1,5,662.0,Moderate
40220,1,6,655.1,Moderate
40220,1,7,608.3,Moderate
40220,1,8,584.4,Moderate
40220,1,9,612.5,Moderate
40220,1,10,649.7,Moderate
40220,1,11,641.3,Moderate
40220,1,12,625.5,Moderate
40220,2,1,603.2,Busy
40220,2,2,677.7,Busy
40220,2,3,679.8,Busy
40220,2,4,685.8,Busy
40220,2,5,695.2,Busy
40220,2,6,688.3,Moderate
40220,2,7,641.5,Moderate
40220,2,8,617.6,Moderate
40220,2,9,638.3,Moderate
40220,2,10,679.1,Moderate
40220,2,11,667.1,Busy
40220,2,12,647.6,Busy
40220,3,1,632.3,Busy
40220,3,2,687.6,Busy
40220,3,3,689.8,Busy
40220,3,4,696.1,Busy
40220,3,5,705.5,Busy
40220,3,6,698.6,Busy
40220,3,7,651.9,Busy
40220,3,8,628.8,Busy
40220,3,9,652.0,Busy
40220,3,10,692.8,Busy
40220,3,11,680.9,Busy
40220,3,12,656.0,Busy
40220,4,1,633.9,Busy
40220,4,2,687.6,Busy
40220,4,3,690.5,Busy
40220,4,4,696.9,Busy
40220,4,5,706.2,Busy
40220,4,6,699.3,Busy
40220,4,7,652.6,Busy
40220,4,8,629.5,Busy
40220,4,9,652.7,Busy
40220,4,10,693.5,Busy
40220,4,11,681.6,Busy
40220,4,12,664.5,Busy
40220,5,1,567.1,Moderate
40220,5,2,651.8,Moderate
40220,5,3,668.2,Moderate
40220,5,4,673.9,Moderate
40220,5,5,689.9,Moderate
40220,5,6,689.6,Busy
40220,5,7,645.3,Busy
40220,5,8,622.2,Busy
40220,5,9,643.0,Busy
40220,5,10,680.5,Busy
40220,5,11,655.9,Moderate
40220,5,12,623.2,Moderate
40220,6,1,364.8,Quiet
40220,6,2,422.4,Quiet
40220,6,3,508.8,Quiet
40220,6,4,466.2,Quiet
40220,6,5,500.5,Quiet
40220,6,6,508.0,Quiet
40220,6,7,465.2,Quiet
40220,6,8,442.1,Quiet
40220,6,9,449.8,Quiet
40220,6,10,475.7,Quiet
40220,6,11,451.1,Quiet
40220,6,12,432.5,Quiet
40230,0,1,443.5,Quiet
40230,0,2,634.2,Quiet
40230,0,3,686.9,Quiet
40230,0,4,788.2,Quiet
40230,0,5,873.6,Quiet
40230,0,6,1017.9,Quiet
40230,0,7,1014.9,Quiet
40230,0,8,1098.9,Quiet
40230,0,9,1036.1,Quiet
40230,0,10,1417.6,Quiet
40230,0,11,963.8,Quiet
40230,0,12,847.5,Quiet
40230,1,1,1261.4,Moderate
40230,1,2,1417.5,Moderate
40230,1,3,1455.6,Moderate
40230,1,4,1556.9,Moderate
40230,1,5,1622.3,Moderate
40230,1,6,1749.7,Moderate
40230,1,7,1745.1,Moderate
40230,1,8,1829.1,Moderate
40230,1,9,1859.3,Moderate
40230,1,10,1972.5,Moderate
40230,1,11,1859.7,Moderate
40230,1,12,1682.6,Moderate
40230,2,1,1416.6,Busy
40230,2,2,1624.3,Busy
40230,2,3,1710.0,Busy
40230,2,4,1819.5,Busy
40230,2,5,1894.1,Busy
40230,2,6,2024.5,Busy
40230,2,7,2017.0,Busy
40230,2,8,2085.7,Busy
40230,2,9,2146.2,Busy
40230,2,10,2258.8,Busy
40230,2,11,2130.7,Busy
40230,2,12,1943.4,Busy
40230,3,1,1466.9,Busy
40230,3,2,1639.0,Busy
40230,3,3,1730.6,Busy
40230,3,4,1840.6,Busy
40230,3,5,1915.2,Busy
40230,3,6,2045.6,Busy
40230,3,7,2038.0,Busy
40230,3,8,2105.7,Busy
40230,3,9,2179.5,Busy
40230,3,10,2290.8,Busy
40230,3,11,2164.0,Busy
40230,3,12,1963.6,Busy
40230,4,1,1485.9,Busy
40230,4,2,1619.2,Busy
40230,4,3,1723.6,Busy
40230,4,4,1833.6,Busy
40230,4,5,1918.0,Busy
40230,4,6,2048.2,Busy
40230,4,7,2042.1,Busy
40230,4,8,2109.8,Busy
40230,4,9,2183.6,Busy
40230,4,10,2293.2,Busy
40230,4,11,2156.8,Busy
40230,4,12,1955.6,Busy
40230,5,1,1229.3,Moderate
40230,5,2,1434.9,Moderate
40230,5,3,1540.2,Moderate
40230,5,4,1649.6,Moderate
40230,5,5,1733.9,Moderate
40230,5,6,1876.4,Moderate
40230,5,7,1874.1,Moderate
40230,5,8,1953.0,Moderate
40230,5,9,1989.4,Moderate
40230,5,10,2097.2,Moderate
40230,5,11,1905.7,Moderate
40230,5,12,1721.5,Moderate
40230,6,1,634.5,Quiet
40230,6,2,798.1,Quiet
40230,6,3,1314.8,Quiet
40230,6,4,1083.6,Quiet
40230,6,5,1168.0,Quiet
40230,6,6,1361.2,Quiet
40230,6,7,1360.3,Quiet
40230,6,8,1439.2,Quiet
40230,6,9,1405.8,Quiet
40230,6,10,1459.7,Quiet
40230,6,11,1268.3,Quiet
40230,6,12,1140.3,Quiet
40240,0,1,1328.8,Quiet
40240,0,2,1577.2,Quiet
40240,0,3,1586.9,Quiet
40240,0,4,1594.2,Quiet
40240,0,5,1774.1,Quiet
40240,0,6,1967.9,Quiet
40240,0,7,1908.4,Quiet
40240,0,8,1995.9,Quiet
40240,0,9,1992.0,Quiet
40240,0,10,2012.4,Quiet
40240,0,11,1904.1,Quiet
40240,0,12,1838.7,Quiet
40240,1,1,2250.1,Moderate
40240,1,2,2562.0,Moderate
40240,1,3,2586.0,Moderate
40240,1,4,2639.3,Moderate
40240,1,5,2707.8,Moderate
40240,1,6,2803.7,Moderate
40240,1,7,2685.0,Moderate
40240,1,8,2772.5,Moderate
40240,1,9,2878.0,Moderate
40240,1,10,2972.2,Moderate
40240,1,11,2962.2,Moderate
40240,1,12,2817.8,Moderate
40240,2,1,2487.3,Busy
40240,2,2,2788.6,Busy
40240,2,3,2849.3,Busy
40240,2,4,2902.5,Busy
40240,2,5,2967.8,Busy
40240,2,6,3034.1,Busy
40240,2,7,2912.5,Busy
40240,2,8,2984.7,Busy
40240,2,9,3153.6,Busy
40240,2,10,3231.5,Busy
40240,2,11,3170.1,Busy
40240,2,12,2955.0,Busy
40240,3,1,2563.9,Busy
40240,3,2,2746.3,Busy
40240,3,3,2816.3,Busy
40240,3,4,2870.0,Busy
40240,3,5,2938.5,Busy
40240,3,6,3004.8,Busy
40240,3,7,2902.3,Busy
40240,3,8,2974.5,Busy
40240,3,9,3138.2,Busy
40240,3,10,3189.8,Busy
40240,3,11,3129.5,Busy
40240,3,12,2926.7,Busy
40240,4,1,2585.1,Busy
40240,4,2,2747.1,Busy
40240,4,3,2829.9,Busy
40240,4,4,2883.6,Busy
40240,4,5,2952.1,Busy
40240,4,6,3018.4,Busy
40240,4,7,2915.9,Busy
40240,4,8,2988.1,Busy
40240,4,9,3143.7,Busy
40240,4,10,3195.3,Busy
40240,4,11,3135.0,Busy
40240,4,12,2933.2,Busy
40240,5,1,2370.7,Moderate
40240,5,2,2661.2,Moderate
40240,5,3,2713.7,Moderate
40240,5,4,2769.1,Moderate
40240,5,5,2851.0,Moderate
40240,5,6,2974.5,Moderate
40240,5,7,2881.2,Moderate
40240,5,8,2963.7,Moderate
40240,5,9,3084.2,Moderate
40240,5,10,3125.2,Moderate
40240,5,11,3052.2,Moderate
40240,5,12,2850.3,Moderate
40240,6,1,1731.3,Quiet
40240,6,2,1917.9,Quiet
40240,6,3,2115.7,Quiet
40240,6,4,2028.4,Quiet
40240,6,5,2152.8,Quiet
40240,6,6,2361.5,Quiet
40240,6,7,2268.8,Quiet
40240,6,8,2351.3,Quiet
40240,6,9,2382.2,Quiet
40240,6,10,2392.2,Quiet
40240,6,11,2279.0,Quiet
40240,6,12,2268.2,Quiet
40250,0,1,364.1,Quiet
40250,0,2,437.2,Quiet
40250,0,3,450.7,Quiet
40250,0,4,468.2,Quiet
40250,0,5,507.8,Quiet
40250,0,6,533.9,Quiet
40250,0,7,498.0,Quiet
40250,0,8,478.1,Quiet
40250,0,9,488.5,Quiet
40250,0,10,510.4,Quiet
40250,0,11,472.6,Quiet
40250,0,12,459.7,Quiet
40250,1,1,700.7,Moderate
40250,1,2,778.5,Moderate
40250,1,3,790.6,Moderate
40250,1,4,804.5,Moderate
40250,1,5,825.2,Moderate
40250,1,6,842.5,Moderate
40250,1,7,803.1,Moderate
40250,1,8,783.1,Moderate
40250,1,9,808.7,Moderate
40250,1,10,841.8,Moderate
40250,1,11,837.7,Moderate
40250,1,12,824.9,Moderate
40250,2,1,743.3,Busy
40250,2,2,808.3,Busy
40250,2,3,820.5,Busy
40250,2,4,842.6,Busy
40250,2,5,863.4,Busy
40250,2,6,883.6,Busy
40250,2,7,841.3,Busy
40250,2,8,821.3,Busy
40250,2,9,849.3,Busy
40250,2,10,881.9,Busy
40250,2,11,874.3,Busy
40250,2,12,849.4,Busy
40250,3,1,769.0,Busy
40250,3,2,810.7,Busy
40250,3,3,822.8,Busy
40250,3,4,845.4,Busy
40250,3,5,866.2,Busy
40250,3,6,886.4,Busy
40250,3,7,844.1,Busy
40250,3,8,824.9,Busy
40250,3,9,855.5,Busy
40250,3,10,888.1,Busy
40250,3,11,880.5,Busy
40250,3,12,850.2,Busy
40250,4,1,767.5,Busy
40250,4,2,807.6,Busy
40250,4,3,820.5,Busy
40250,4,4,843.1,Busy
40250,4,5,863.9,Busy
40250,4,6,884.1,Busy
40250,4,7,843.2,Busy
40250,4,8,824.0,Busy
40250,4,9,854.6,Busy
40250,4,10,885.5,Busy
40250,4,11,877.9,Busy
40250,4,12,846.9,Busy
40250,5,1,708.9,Moderate
40250,5,2,775.3,Moderate
40250,5,3,789.6,Moderate
40250,5,4,822.3,Moderate
40250,5,5,849.7,Moderate
40250,5,6,871.4,Moderate
40250,5,7,830.4,Moderate
40250,5,8,811.3,Moderate
40250,5,9,834.6,Moderate
40250,5,10,862.2,Moderate
40250,5,11,841.9,Moderate
40250,5,12,795.3,Moderate
40250,6,1,463.7,Quiet
40250,6,2,512.7,Quiet
40250,6,3,658.9,Quiet
40250,6,4,579.4,Quiet
40250,6,5,614.1,Quiet
40250,6,6,653.7,Quiet
40250,6,7,614.2,Quiet
40250,6,8,595.0,Quiet
40250,6,9,605.2,Quiet
40250,6,10,612.0,Quiet
40250,6,11,591.7,Quiet
40250,6,12,562.6,Quiet
40260,0,1,2345.4,Quiet
40260,0,2,3056.8,Quiet
40260,0,3,3499.4,Quiet
40260,0,4,3549.0,Quiet
40260,0,5,4153.8,Quiet
40260,0,6,4913.6,Quiet
40260,0,7,5133.9,Quiet
40260,0,8,5448.0,Quiet
40260,0,9,5344.8,Quiet
40260,0,10,7064.0,Quiet
40260,0,11,4305.5,Quiet
40260,0,12,4132.7,Quiet
40260,1,1,3989.5,Moderate
40260,1,2,4857.5,Moderate
40260,1,3,5495.5,Quiet
40260,1,4,5782.8,Moderate
40260,1,5,5891.7,Moderate
40260,1,6,6463.3,Moderate
40260,1,7,6609.4,Moderate
40260,1,8,6889.1,Moderate
40260,1,9,7103.3,Moderate
40260,1,10,7542.2,Moderate
40260,1,11,6876.7,Moderate
40260,1,12,6358.5,Moderate
40260,2,1,4763.2,Busy
40260,2,2,5686.5,Busy
40260,2,3,6376.3,Moderate
40260,2,4,6764.0,Busy
40260,2,5,6959.5,Busy
40260,2,6,7447.5,Busy
40260,2,7,7593.6,Busy
40260,2,8,7844.7,Busy
40260,2,9,8101.1,Busy
40260,2,10,8590.1,Busy
40260,2,11,7918.2,Busy
40260,2,12,7191.5,Busy
40260,3,1,4941.8,Busy
40260,3,2,5796.5,Busy
40260,3,3,6495.8,Busy
40260,3,4,6900.3,Busy
40260,3,5,7095.8,Busy
40260,3,6,7613.4,Busy
40260,3,7,7774.8,Busy
40260,3,8,8002.6,Busy
40260,3,9,8301.2,Busy
40260,3,10,8751.9,Busy
40260,3,11,8078.3,Busy
40260,3,12,7319.6,Busy
40260,4,1,5047.0,Busy
40260,4,2,5863.4,Busy
40260,4,3,6562.8,Busy
40260,4,4,6976.7,Busy
40260,4,5,7181.9,Busy
40260,4,6,7716.4,Busy
40260,4,7,7856.9,Busy
40260,4,8,8036.2,Busy
40260,4,9,8416.3,Busy
40260,4,10,8813.6,Busy
40260,4,11,8127.1,Busy
40260,4,12,7346.6,Busy
40260,5,1,4368.4,Moderate
40260,5,2,5137.0,Moderate
40260,5,3,5791.2,Moderate
40260,5,4,6234.8,Moderate
40260,5,5,6469.4,Moderate
40260,5,6,7044.7,Moderate
40260,5,7,7296.3,Moderate
40260,5,8,7475.6,Moderate
40260,5,9,7772.4,Moderate
40260,5,10,8090.4,Moderate
40260,5,11,7157.6,Moderate
40260,5,12,6307.3,Moderate
40260,6,1,3512.3,Quiet
40260,6,2,4034.6,Quiet
40260,6,3,6479.5,Busy
40260,6,4,5373.2,Quiet
40260,6,5,5522.0,Quiet
40260,6,6,6127.3,Quiet
40260,6,7,6485.1,Quiet
40260,6,8,6716.0,Quiet
40260,6,9,6866.3,Quiet
40260,6,10,7137.8,Quiet
40260,6,11,6137.6,Quiet
40260,6,12,5712.0,Quiet
40270,0,1,192.8,Quiet
40270,0,2,255.8,Quiet
40270,0,3,270.0,Quiet
40270,0,4,280.2,Quiet
40270,0,5,308.6,Quiet
40270,0,6,337.0,Quiet
40270,0,7,339.6,Quiet
40270,0,8,344.6,Quiet
40270,0,9,349.4,Quiet
40270,0,10,368.2,Quiet
40270,0,11,325.4,Quiet
40270,0,12,320.9,Quiet
40270,1,1,415.2,Moderate
40270,1,2,465.6,Moderate
40270,1,3,477.5,Moderate
40270,1,4,480.3,Moderate
40270,1,5,500.2,Moderate
40270,1,6,519.3,Moderate
40270,1,7,520.5,Moderate
40270,1,8,525.5,Moderate
40270,1,9,537.0,Moderate
40270,1,10,563.2,Moderate
40270,1,11,540.8,Moderate
40270,1,12,532.0,Moderate
40270,2,1,455.8,Busy
40270,2,2,493.4,Busy
40270,2,3,505.3,Busy
40270,2,4,508.1,Moderate
40270,2,5,528.0,Moderate
40270,2,6,547.1,Moderate
40270,2,7,548.3,Moderate
40270,2,8,553.3,Moderate
40270,2,9,573.7,Moderate
40270,2,10,595.2,Moderate
40270,2,11,578.7,Moderate
40270,2,12,577.3,Busy
40270,3,1,478.6,Busy
40270,3,2,500.6,Busy
40270,3,3,512.5,Busy
40270,3,4,523.1,Busy
40270,3,5,543.0,Busy
40270,3,6,562.2,Busy
40270,3,7,563.4,Busy
40270,3,8,569.2,Busy
40270,3,9,592.1,Busy
40270,3,10,612.4,Busy
40270,3,11,597.1,Busy
40270,3,12,584.6,Busy
40270,4,1,478.1,Busy
40270,4,2,501.8,Busy
40270,4,3,514.4,Busy
40270,4,4,525.1,Busy
40270,4,5,545.0,Busy
40270,4,6,564.1,Busy
40270,4,7,565.3,Busy
40270,4,8,571.2,Busy
40270,4,9,594.1,Busy
40270,4,10,614.3,Busy
40270,4,11,599.1,Busy
40270,4,12,585.8,Busy
40270,5,1,436.9,Moderate
40270,5,2,491.8,Moderate
40270,5,3,504.4,Moderate
40270,5,4,525.2,Busy
40270,5,5,545.1,Busy
40270,5,6,565.7,Busy
40270,5,7,566.9,Busy
40270,5,8,572.8,Busy
40270,5,9,595.7,Busy
40270,5,10,614.5,Busy
40270,5,11,586.6,Busy
40270,5,12,557.7,Moderate
40270,6,1,317.7,Quiet
40270,6,2,367.5,Quiet
40270,6,3,446.9,Quiet
40270,6,4,416.8,Quiet
40270,6,5,444.0,Quiet
40270,6,6,470.0,Quiet
40270,6,7,472.6,Quiet
40270,6,8,478.5,Quiet
40270,6,9,492.2,Quiet
40270,6,10,499.5,Quiet
40270,6,11,471.6,Quiet
40270,6,12,456.8,Quiet
40280,0,1,401.8,Quiet
40280,0,2,505.1,Quiet
40280,0,3,528.9,Quiet
40280,0,4,542.0,Quiet
40280,0,5,571.1,Quiet
40280,0,6,618.1,Quiet
40280,0,7,619.9,Quiet
40280,0,8,633.1,Quiet
40280,0,9,649.3,Quiet
40280,0,10,714.1,Quiet
40280,0,11,613.4,Quiet
40280,0,12,583.8,Quiet
40280,1,1,932.8,Moderate
40280,1,2,1022.9,Moderate
40280,1,3,1046.8,Moderate
40280,1,4,1059.9,Moderate
40280,1,5,1080.5,Moderate
40280,1,6,1106.0,Moderate
40280,1,7,1104.9,Moderate
40280,1,8,1118.1,Moderate
40280,1,9,1149.5,Moderate
40280,1,10,1199.3,Moderate
40280,1,11,1174.4,Moderate
40280,1,12,1144.7,Moderate
40280,2,1,980.4,Busy
40280,2,2,1078.5,Busy
40280,2,3,1102.4,Busy
40280,2,4,1123.8,Busy
40280,2,5,1144.4,Busy
40280,2,6,1169.9,Busy
40280,2,7,1168.8,Busy
40280,2,8,1182.1,Busy
40280,2,9,1233.6,Busy
40280,2,10,1274.5,Busy
40280,2,11,1246.0,Busy
40280,2,12,1195.0,Busy
40280,3,1,1009.5,Busy
40280,3,2,1085.3,Busy
40280,3,3,1109.2,Busy
40280,3,4,1131.0,Busy
40280,3,5,1151.6,Busy
40280,3,6,1177.1,Busy
40280,3,7,1176.0,Busy
40280,3,8,1190.1,Busy
40280,3,9,1246.0,Busy
40280,3,10,1284.6,Busy
40280,3,11,1256.1,Busy
40280,3,12,1199.8,Busy
40280,4,1,1007.9,Busy
40280,4,2,1082.1,Busy
40280,4,3,1106.7,Busy
40280,4,4,1128.5,Busy
40280,4,5,1149.1,Busy
40280,4,6,1174.7,Busy
40280,4,7,1175.0,Busy
40280,4,8,1189.1,Busy
40280,4,9,1244.9,Busy
40280,4,10,1281.9,Busy
40280,4,11,1253.5,Busy
40280,4,12,1196.4,Busy
40280,5,1,943.9,Moderate
40280,5,2,1035.4,Moderate
40280,5,3,1060.0,Moderate
40280,5,4,1091.9,Moderate
40280,5,5,1112.5,Moderate
40280,5,6,1139.5,Moderate
40280,5,7,1139.9,Moderate
40280,5,8,1154.0,Moderate
40280,5,9,1202.5,Moderate
40280,5,10,1238.1,Moderate
40280,5,11,1197.0,Moderate
40280,5,12,1124.3,Moderate
40280,6,1,592.9,Quiet
40280,6,2,667.1,Quiet
40280,6,3,823.6,Quiet
40280,6,4,743.3,Quiet
40280,6,5,771.2,Quiet
40280,6,6,813.2,Quiet
40280,6,7,815.0,Quiet
40280,6,8,829.0,Quiet
40280,6,9,856.0,Quiet
40280,6,10,865.3,Quiet
40280,6,11,824.2,Quiet
40280,6,12,780.3,Quiet
40290,0,1,173.0,Quiet
40290,0,2,243.6,Quiet
40290,0,3,250.6,Quiet
40290,0,4,262.1,Quiet
40290,0,5,291.2,Quiet
40290,0,6,307.1,Quiet
40290,0,7,296.9,Quiet
40290,0,8,306.0,Quiet
40290,0,9,324.1,Quiet
40290,0,10,327.6,Quiet
40290,0,11,301.7,Quiet
40290,0,12,305.9,Quiet
40290,1,1,400.6,Moderate
40290,1,2,466.1,Moderate
40290,1,3,473.1,Moderate
40290,1,4,484.7,Moderate
40290,1,5,505.2,Moderate
40290,1,6,511.9,Moderate
40290,1,7,498.9,Moderate
40290,1,8,508.0,Moderate
40290,1,9,532.7,Moderate
40290,1,10,554.7,Moderate
40290,1,11,549.1,Moderate
40290,1,12,553.3,Moderate
40290,2,1,442.6,Busy
40290,2,2,495.4,Busy
40290,2,3,502.4,Busy
40290,2,4,513.9,Busy
40290,2,5,534.5,Busy
40290,2,6,541.2,Busy
40290,2,7,528.2,Busy
40290,2,8,537.3,Busy
40290,2,9,562.6,Busy
40290,2,10,588.2,Busy
40290,2,11,579.0,Busy
40290,2,12,579.5,Busy
40290,3,1,465.2,Busy
40290,3,2,498.7,Busy
40290,3,3,505.7,Busy
40290,3,4,517.7,Busy
40290,3,5,538.3,Busy
40290,3,6,545.0,Busy
40290,3,7,531.9,Busy
40290,3,8,541.9,Busy
40290,3,9,572.8,Busy
40290,3,10,598.4,Busy
40290,3,11,589.3,Busy
40290,3,12,584.4,Busy
40290,4,1,461.6,Busy
40290,4,2,493.5,Busy
40290,4,3,501.3,Busy
40290,4,4,513.2,Busy
40290,4,5,533.8,Busy
40290,4,6,540.5,Busy
40290,4,7,528.9,Busy
40290,4,8,538.8,Busy
40290,4,9,569.8,Busy
40290,4,10,593.7,Busy
40290,4,11,584.6,Busy
40290,4,12,579.0,Busy
40290,5,1,413.6,Moderate
40290,5,2,471.8,Moderate
40290,5,3,491.7,Moderate
40290,5,4,503.0,Moderate
40290,5,5,523.6,Moderate
40290,5,6,531.8,Moderate
40290,5,7,520.2,Moderate
40290,5,8,530.2,Moderate
40290,5,9,561.1,Moderate
40290,5,10,583.6,Moderate
40290,5,11,561.8,Moderate
40290,5,12,540.6,Moderate
40290,6,1,231.0,Quiet
40290,6,2,280.6,Quiet
40290,6,3,383.2,Quiet
40290,6,4,328.3,Quiet
40290,6,5,356.2,Quiet
40290,6,6,373.5,Quiet
40290,6,7,363.4,Quiet
40290,6,8,373.3,Quiet
40290,6,9,392.0,Quiet
40290,6,10,398.5,Quiet
40290,6,11,376.7,Quiet
40290,6,12,373.0,Quiet
40300,0,1,91.5,Quiet
40300,0,2,145.7,Quiet
40300,0,3,152.7,Quiet
40300,0,4,152.2,Quiet
40300,0,5,179.1,Quiet
40300,0,6,195.0,Quiet
40300,0,7,190.5,Quiet
40300,0,8,199.3,Quiet
40300,0,9,210.0,Quiet
40300,0,10,225.0,Quiet
40300,0,11,187.9,Quiet
40300,0,12,170.0,Quiet
40300,1,1,258.2,Moderate
40300,1,2,300.1,Moderate
40300,1,3,307.1,Moderate
40300,1,4,306.6,Moderate
40300,1,5,325.0,Moderate
40300,1,6,331.7,Moderate
40300,1,7,324.4,Moderate
40300,1,8,333.1,Moderate
40300,1,9,347.5,Moderate
40300,1,10,371.5,Moderate
40300,1,11,364.2,Moderate
40300,1,12,346.3,Moderate
40300,2,1,299.8,Busy
40300,2,2,332.7,Busy
40300,2,3,339.7,Busy
40300,2,4,339.2,Busy
40300,2,5,357.6,Busy
40300,2,6,364.3,Busy
40300,2,7,356.9,Busy
40300,2,8,365.7,Busy
40300,2,9,380.7,Moderate
40300,2,10,408.3,Busy
40300,2,11,397.4,Busy
40300,2,12,375.8,Busy
40300,3,1,322.3,Busy
40300,3,2,339.6,Busy
40300,3,3,346.6,Busy
40300,3,4,346.5,Busy
40300,3,5,364.9,Busy
40300,3,6,371.6,Busy
40300,3,7,364.3,Busy
40300,3,8,373.8,Busy
40300,3,9,394.5,Busy
40300,3,10,420.9,Busy
40300,3,11,411.3,Busy
40300,3,12,384.3,Busy
40300,4,1,317.5,Busy
40300,4,2,333.1,Busy
40300,4,3,340.8,Busy
40300,4,4,340.8,Busy
40300,4,5,359.1,Busy
40300,4,6,365.9,Busy
40300,4,7,360.0,Busy
40300,4,8,369.5,Busy
40300,4,9,390.2,Busy
40300,4,10,414.9,Busy
40300,4,11,405.3,Busy
40300,4,12,377.6,Busy
40300,5,1,264.7,Moderate
40300,5,2,311.4,Moderate
40300,5,3,331.3,Moderate
40300,5,4,330.6,Moderate
40300,5,5,348.9,Moderate
40300,5,6,357.2,Moderate
40300,5,7,351.3,Moderate
40300,5,8,360.8,Moderate
40300,5,9,381.5,Busy
40300,5,10,404.8,Moderate
40300,5,11,382.5,Moderate
40300,5,12,339.3,Moderate
40300,6,1,125.1,Quiet
40300,6,2,166.8,Quiet
40300,6,3,231.9,Quiet
40300,6,4,203.5,Quiet
40300,6,5,229.3,Quiet
40300,6,6,241.0,Quiet
40300,6,7,236.5,Quiet
40300,6,8,246.0,Quiet
40300,6,9,257.4,Quiet
40300,6,10,270.4,Quiet
40300,6,11,248.0,Quiet
40300,6,12,218.8,Quiet
40310,0,1,727.6,Quiet
40310,0,2,869.2,Quiet
40310,0,3,896.8,Quiet
40310,0,4,963.1,Quiet
40310,0,5,999.9,Quiet
40310,0,6,1060.3,Quiet
40310,0,7,1017.9,Quiet
40310,0,8,1075.5,Quiet
40310,0,9,1133.6,Quiet
40310,0,10,1164.8,Quiet
40310,0,11,1095.6,Quiet
40310,0,12,978.4,Quiet
40310,1,1,1684.5,Moderate
40310,1,2,1971.7,Moderate
40310,1,3,1977.5,Moderate
40310,1,4,2054.8,Moderate
40310,1,5,2099.0,Moderate
40310,1,6,2122.3,Moderate
40310,1,7,2061.2,Moderate
40310,1,8,2118.8,Moderate
40310,1,9,2297.1,Moderate
40310,1,10,2429.8,Moderate
40310,1,11,2434.2,Moderate
40310,1,12,2256.2,Moderate
40310,2,1,1818.0,Busy
40310,2,2,2157.9,Busy
40310,2,3,2211.2,Busy
40310,2,4,2296.9,Busy
40310,2,5,2337.8,Busy
40310,2,6,2361.1,Busy
40310,2,7,2300.1,Busy
40310,2,8,2342.4,Busy
40310,2,9,2595.0,Busy
40310,2,10,2668.1,Busy
40310,2,11,2649.6,Busy
40310,2,12,2449.1,Busy
40310,3,1,1852.1,Busy
40310,3,2,2121.9,Busy
40310,3,3,2189.2,Busy
40310,3,4,2279.8,Busy
40310,3,5,2324.0,Busy
40310,3,6,2347.2,Busy
40310,3,7,2305.3,Busy
40310,3,8,2348.5,Busy
40310,3,9,2603.6,Busy
40310,3,10,2649.2,Busy
40310,3,11,2631.9,Busy
40310,3,12,2438.5,Busy
40310,4,1,1881.5,Busy
40310,4,2,2134.5,Busy
40310,4,3,2202.6,Busy
40310,4,4,2293.2,Busy
40310,4,5,2337.4,Busy
40310,4,6,2360.6,Busy
40310,4,7,2320.2,Busy
40310,4,8,2363.3,Busy
40310,4,9,2618.5,Busy
40310,4,10,2662.4,Busy
40310,4,11,2645.1,Busy
40310,4,12,2441.4,Busy
40310,5,1,1675.6,Moderate
40310,5,2,1950.9,Moderate
40310,5,3,2007.4,Moderate
40310,5,4,2097.4,Moderate
40310,5,5,2141.5,Moderate
40310,5,6,2185.5,Moderate
40310,5,7,2151.2,Moderate
40310,5,8,2204.6,Moderate
40310,5,9,2410.3,Moderate
40310,5,10,2451.0,Moderate
40310,5,11,2405.9,Moderate
40310,5,12,2173.2,Moderate
40310,6,1,889.2,Quiet
40310,6,2,1081.8,Quiet
40310,6,3,1292.2,Quiet
40310,6,4,1282.6,Quiet
40310,6,5,1318.2,Quiet
40310,6,6,1367.3,Quiet
40310,6,7,1333.7,Quiet
40310,6,8,1387.1,Quiet
40310,6,9,1500.9,Quiet
40310,6,10,1492.0,Quiet
40310,6,11,1406.6,Quiet
40310,6,12,1352.9,Quiet
40320,0,1,1136.7,Quiet
40320,0,2,1338.5,Quiet
40320,0,3,1398.8,Quiet
40320,0,4,1423.1,Quiet
40320,0,5,1571.1,Quiet
40320,0,6,1912.0,Quiet
40320,0,7,1835.7,Quiet
40320,0,8,2016.4,Quiet
40320,0,9,1997.5,Quiet
40320,0,10,2094.3,Quiet
40320,0,11,1714.7,Quiet
40320,0,12,1659.8,Quiet
40320,1,1,2251.5,Moderate
40320,1,2,2605.8,Moderate
40320,1,3,2628.3,Moderate
40320,1,4,2733.8,Moderate
40320,1,5,2811.3,Moderate
40320,1,6,2942.4,Moderate
40320,1,7,2801.8,Moderate
40320,1,8,2946.9,Moderate
40320,1,9,3136.4,Moderate
40320,1,10,3233.3,Moderate
40320,1,11,3193.0,Moderate
40320,1,12,3069.2,Moderate
40320,2,1,2586.3,Busy
40320,2,2,3109.9,Busy
40320,2,3,3186.4,Busy
40320,2,4,3291.9,Busy
40320,2,5,3369.4,Busy
40320,2,6,3470.9,Busy
40320,2,7,3327.4,Busy
40320,2,8,3427.9,Busy
40320,2,9,3738.0,Busy
40320,2,10,3842.3,Busy
40320,2,11,3794.6,Busy
40320,2,12,3649.4,Busy
40320,3,1,2715.9,Busy
40320,3,2,3163.3,Busy
40320,3,3,3247.3,Busy
40320,3,4,3370.9,Busy
40320,3,5,3448.4,Busy
40320,3,6,3549.9,Busy
40320,3,7,3417.4,Busy
40320,3,8,3485.4,Busy
40320,3,9,3835.0,Busy
40320,3,10,3930.6,Busy
40320,3,11,3881.0,Busy
40320,3,12,3701.2,Busy
40320,4,1,2841.4,Busy
40320,4,2,3236.8,Busy
40320,4,3,3319.5,Busy
40320,4,4,3452.5,Busy
40320,4,5,3530.0,Busy
40320,4,6,3636.6,Busy
40320,4,7,3504.0,Busy
40320,4,8,3572.0,Busy
40320,4,9,3913.5,Busy
40320,4,10,4008.1,Busy
40320,4,11,3958.5,Busy
40320,4,12,3757.8,Busy
40320,5,1,2371.6,Moderate
40320,5,2,2855.1,Moderate
40320,5,3,2919.4,Moderate
40320,5,4,3054.3,Moderate
40320,5,5,3139.6,Moderate
40320,5,6,3287.6,Moderate
40320,5,7,3194.2,Moderate
40320,5,8,3301.8,Moderate
40320,5,9,3524.2,Moderate
40320,5,10,3574.9,Moderate
40320,5,11,3450.4,Moderate
40320,5,12,3218.6,Moderate
40320,6,1,1773.1,Quiet
40320,6,2,2042.9,Quiet
40320,6,3,2449.9,Quiet
40320,6,4,2207.2,Quiet
40320,6,5,2362.0,Quiet
40320,6,6,2629.5,Quiet
40320,6,7,2562.2,Quiet
40320,6,8,2669.8,Quiet
40320,6,9,2703.4,Quiet
40320,6,10,2674.1,Quiet
40320,6,11,2541.9,Quiet
40320,6,12,2494.6,Quiet
40330,0,1,2835.8,Quiet
40330,0,2,3407.2,Quiet
40330,0,3,3843.0,Quiet
40330,0,4,4014.8,Quiet
40330,0,5,4710.1,Quiet
40330,0,6,5859.2,Moderate
40330,0,7,6219.8,Moderate
40330,0,8,6350.7,Quiet
40330,0,9,6088.2,Moderate
40330,0,10,7598.1,Busy
40330,0,11,4647.0,Quiet
40330,0,12,4371.0,Quiet
40330,1,1,3065.3,Quiet
40330,1,2,3562.4,Quiet
40330,1,3,4051.6,Quiet
40330,1,4,4339.5,Quiet
40330,1,5,4568.4,Quiet
40330,1,6,5183.2,Quiet
40330,1,7,5413.2,Quiet
40330,1,8,5913.2,Quiet
40330,1,9,5280.9,Quiet
40330,1,10,5316.9,Quiet
40330,1,11,4533.6,Quiet
40330,1,12,4617.8,Quiet
40330,2,1,3447.7,Moderate
40330,2,2,3691.4,Moderate
40330,2,3,4419.8,Moderate
40330,2,4,4925.9,Moderate
40330,2,5,5154.9,Moderate
40330,2,6,5753.7,Quiet
40330,2,7,5933.3,Quiet
40330,2,8,6433.4,Moderate
40330,2,9,5857.4,Quiet
40330,2,10,5870.5,Quiet
40330,2,11,5085.9,Moderate
40330,2,12,4878.7,Moderate
40330,3,1,3511.6,Moderate
40330,3,2,3782.8,Moderate
40330,3,3,4513.2,Moderate
40330,3,4,5011.2,Moderate
40330,3,5,5240.1,Moderate
40330,3,6,5839.0,Moderate
40330,3,7,6033.7,Moderate
40330,3,8,6503.4,Moderate
40330,3,9,5934.9,Moderate
40330,3,10,5922.9,Moderate
40330,3,11,5164.9,Moderate
40330,3,12,4883.3,Moderate
40330,4,1,3672.7,Busy
40330,4,2,3989.4,Busy
40330,4,3,4767.8,Busy
40330,4,4,5231.0,Busy
40330,4,5,5498.7,Busy
40330,4,6,6193.2,Busy
40330,4,7,6315.8,Busy
40330,4,8,6610.0,Busy
40330,4,9,6414.9,Busy
40330,4,10,6359.4,Moderate
40330,4,11,5466.9,Busy
40330,4,12,5096.1,Busy
40330,5,1,3775.6,Busy
40330,5,2,4247.1,Busy
40330,5,3,5169.0,Busy
40330,5,4,5632.1,Busy
40330,5,5,5899.9,Busy
40330,5,6,6868.2,Busy
40330,5,7,7302.6,Busy
40330,5,8,7435.6,Busy
40330,5,9,7209.7,Busy
40330,5,10,7061.1,Busy
40330,5,11,5927.5,Busy
40330,5,12,5437.2,Busy
40330,6,1,3911.7,Busy
40330,6,2,4457.2,Busy
40330,6,3,8423.4,Busy
40330,6,4,6469.3,Busy
40330,6,5,6308.4,Busy
40330,6,6,7656.8,Busy
40330,6,7,8276.1,Busy
40330,6,8,8438.5,Busy
40330,6,9,8300.0,Busy
40330,6,10,8064.7,Busy
40330,6,11,6864.7,Busy
40330,6,12,6455.2,Busy
40340,0,1,0.0,Moderate
40340,0,2,0.0,Quiet
40340,0,3,0.0,Quiet
40340,0,4,0.0,Quiet
40340,0,5,0.0,Moderate
40340,0,6,15.2,Busy
40340,0,7,3.4,Busy
40340,0,8,3.0,Busy
40340,0,9,48.6,Busy
40340,0,10,49.5,Busy
40340,0,11,0.0,Quiet
40340,0,12,0.0,Quiet
40340,1,1,0.0,Moderate
40340,1,2,14.8,Busy
40340,1,3,9.8,Moderate
40340,1,4,0.0,Quiet
40340,1,5,0.0,Moderate
40340,1,6,0.0,Quiet
40340,1,7,0.0,Moderate
40340,1,8,0.0,Moderate
40340,1,9,25.8,Quiet
40340,1,10,26.1,Quiet
40340,1,11,0.7,Moderate
40340,1,12,38.6,Busy
40340,2,1,14.7,Busy
40340,2,2,25.2,Busy
40340,2,3,20.1,Busy
40340,2,4,1.4,Moderate
40340,2,5,0.0,Moderate
40340,2,6,0.0,Quiet
40340,2,7,0.0,Moderate
40340,2,8,0.0,Moderate
40340,2,9,29.8,Moderate
40340,2,10,33.8,Moderate
40340,2,11,11.5,Busy
40340,2,12,49.4,Busy
40340,3,1,26.6,Busy
40340,3,2,11.7,Moderate
40340,3,3,6.7,Quiet
40340,3,4,4.8,Busy
40340,3,5,0.0,Moderate
40340,3,6,4.3,Moderate
40340,3,7,0.0,Moderate
40340,3,8,0.0,Moderate
40340,3,9,30.9,Moderate
40340,3,10,34.9,Moderate
40340,3,11,12.6,Busy
40340,3,12,28.6,Busy
40340,4,1,23.3,Busy
40340,4,2,10.1,Moderate
40340,4,3,11.0,Moderate
40340,4,4,9.0,Busy
40340,4,5,0.0,Moderate
40340,4,6,8.6,Busy
40340,4,7,0.0,Moderate
40340,4,8,0.0,Moderate
40340,4,9,35.2,Busy
40340,4,10,39.2,Busy
40340,4,11,16.9,Busy
40340,4,12,27.2,Moderate
40340,5,1,0.0,Moderate
40340,5,2,13.2,Busy
40340,5,3,26.3,Busy
40340,5,4,13.6,Busy
40340,5,5,0.0,Moderate
40340,5,6,19.7,Busy
40340,5,7,2.4,Busy
40340,5,8,0.0,Moderate
40340,5,9,46.4,Busy
40340,5,10,48.9,Busy
40340,5,11,10.1,Moderate
40340,5,12,16.6,Moderate
40340,6,1,0.0,Moderate
40340,6,2,0.0,Quiet
40340,6,3,117.1,Busy
40340,6,4,0.0,Quiet
40340,6,5,0.0,Moderate
40340,6,6,0.0,Quiet
40340,6,7,0.0,Moderate
40340,6,8,0.0,Moderate
40340,6,9,25.2,Quiet
40340,6,10,19.9,Quiet
40340,6,11,0.0,Quiet
40340,6,12,0.0,Quiet
40350,0,1,645.5,Quiet
40350,0,2,938.4,Quiet
40350,0,3,1034.8,Quiet
40350,0,4,1025.5,Quiet
40350,0,5,678.1,Quiet
40350,0,6,601.4,Quiet
40350,0,7,627.0,Quiet
40350,0,8,631.8,Quiet
40350,0,9,1619.5,Quiet
40350,0,10,2308.0,Quiet
40350,0,11,1291.2,Quiet
40350,0,12,962.2,Quiet
40350,1,1,2691.9,Moderate
40350,1,2,3852.0,Busy
40350,1,3,3486.8,Moderate
40350,1,4,3161.3,Moderate
40350,1,5,2190.4,Moderate
40350,1,6,1759.2,Moderate
40350,1,7,1550.8,Moderate
40350,1,8,1443.9,Moderate
40350,1,9,4196.5,Moderate
40350,1,10,4704.7,Moderate
40350,1,11,4441.3,Moderate
40350,1,12,3066.0,Moderate
40350,2,1,2869.6,Busy
40350,2,2,4104.7,Busy
40350,2,3,3776.0,Busy
40350,2,4,3414.3,Busy
40350,2,5,2393.5,Busy
40350,2,6,1939.4,Busy
40350,2,7,1770.8,Busy
40350,2,8,1591.2,Moderate
40350,2,9,4764.5,Busy
40350,2,10,5173.1,Busy
40350,2,11,4857.7,Busy
40350,2,12,3304.0,Busy
40350,3,1,2994.1,Busy
40350,3,2,3827.3,Busy
40350,3,3,3734.4,Busy
40350,3,4,3377.7,Busy
40350,3,5,2370.5,Busy
40350,3,6,1916.4,Busy
40350,3,7,1886.2,Busy
40350,3,8,1689.7,Busy
40350,3,9,4972.6,Busy
40350,3,10,5074.3,Busy
40350,3,11,4765.5,Busy
40350,3,12,3297.6,Busy
40350,4,1,2994.5,Busy
40350,4,2,3789.3,Moderate
40350,4,3,3715.0,Busy
40350,4,4,3387.3,Busy
40350,4,5,2329.3,Busy
40350,4,6,1875.2,Busy
40350,4,7,1856.2,Busy
40350,4,8,1683.0,Busy
40350,4,9,4919.5,Busy
40350,4,10,5058.9,Busy
40350,4,11,4750.1,Busy
40350,4,12,3276.9,Busy
40350,5,1,2317.7,Moderate
40350,5,2,3200.9,Moderate
40350,5,3,3149.0,Moderate
40350,5,4,2946.9,Moderate
40350,5,5,2075.7,Moderate
40350,5,6,1782.5,Moderate
40350,5,7,1682.1,Moderate
40350,5,8,1635.4,Busy
40350,5,9,4430.4,Moderate
40350,5,10,4566.0,Moderate
40350,5,11,4132.6,Moderate
40350,5,12,2712.6,Moderate
40350,6,1,997.7,Quiet
40350,6,2,1330.1,Quiet
40350,6,3,1801.6,Quiet
40350,6,4,1485.5,Quiet
40350,6,5,902.0,Quiet
40350,6,6,852.5,Quiet
40350,6,7,878.6,Quiet
40350,6,8,847.3,Quiet
40350,6,9,2185.5,Quiet
40350,6,10,2062.9,Quiet
40350,6,11,1696.9,Quiet
40350,6,12,1411.4,Quiet
40360,0,1,724.3,Quiet
40360,0,2,926.2,Quiet
40360,0,3,964.4,Quiet
40360,0,4,1034.0,Quiet
40360,0,5,1125.0,Quiet
40360,0,6,1251.0,Quiet
40360,0,7,1215.0,Quiet
40360,0,8,1263.2,Quiet
40360,0,9,1260.4,Quiet
40360,0,10,1519.1,Quiet
40360,0,11,1141.2,Quiet
40360,0,12,1116.3,Quiet
40360,1,1,1316.5,Moderate
40360,1,2,1501.8,Moderate
40360,1,3,1527.9,Quiet
40360,1,4,1597.6,Moderate
40360,1,5,1660.1,Moderate
40360,1,6,1714.7,Quiet
40360,1,7,1701.7,Quiet
40360,1,8,1747.1,Quiet
40360,1,9,1827.7,Quiet
40360,1,10,1874.1,Quiet
40360,1,11,1804.5,Moderate
40360,1,12,1722.2,Quiet
40360,2,1,1566.8,Busy
40360,2,2,1798.1,Busy
40360,2,3,1854.3,Moderate
40360,2,4,1932.3,Busy
40360,2,5,2004.0,Busy
40360,2,6,2061.6,Busy
40360,2,7,2045.6,Busy
40360,2,8,2093.9,Busy
40360,2,9,2208.0,Busy
40360,2,10,2241.6,Busy
40360,2,11,2165.8,Busy
40360,2,12,2085.6,Busy
40360,3,1,1631.6,Busy
40360,3,2,1821.7,Busy
40360,3,3,1879.9,Busy
40360,3,4,1958.3,Busy
40360,3,5,2030.0,Busy
40360,3,6,2087.6,Busy
40360,3,7,2071.6,Busy
40360,3,8,2118.8,Busy
40360,3,9,2245.8,Busy
40360,3,10,2279.4,Busy
40360,3,11,2203.6,Busy
40360,3,12,2118.2,Busy
40360,4,1,1650.8,Busy
40360,4,2,1812.1,Busy
40360,4,3,1883.2,Busy
40360,4,4,1961.6,Busy
40360,4,5,2043.0,Busy
40360,4,6,2116.0,Busy
40360,4,7,2101.4,Busy
40360,4,8,2140.3,Busy
40360,4,9,2267.5,Busy
40360,4,10,2299.5,Busy
40360,4,11,2198.5,Busy
40360,4,12,2114.1,Busy
40360,5,1,1379.0,Moderate
40360,5,2,1605.4,Moderate
40360,5,3,1638.9,Moderate
40360,5,4,1756.2,Moderate
40360,5,5,1837.7,Moderate
40360,5,6,1944.6,Moderate
40360,5,7,1930.0,Moderate
40360,5,8,1969.9,Moderate
40360,5,9,2074.7,Moderate
40360,5,10,2091.2,Moderate
40360,5,11,1937.5,Moderate
40360,5,12,1874.2,Moderate
40360,6,1,1215.5,Quiet
40360,6,2,1394.6,Quiet
40360,6,3,2451.5,Busy
40360,6,4,1534.3,Quiet
40360,6,5,1627.4,Quiet
40360,6,6,1848.7,Moderate
40360,6,7,1903.1,Moderate
40360,6,8,1864.0,Moderate
40360,6,9,1962.2,Moderate
40360,6,10,1885.2,Moderate
40360,6,11,1713.0,Quiet
40360,6,12,1786.2,Moderate
40370,0,1,2142.1,Quiet
40370,0,2,2679.5,Quiet
40370,0,3,2762.0,Quiet
40370,0,4,2916.9,Quiet
40370,0,5,3465.3,Quiet
40370,0,6,4109.0,Quiet
40370,0,7,4126.4,Quiet
40370,0,8,4227.2,Quiet
40370,0,9,4061.3,Quiet
40370,0,10,4770.8,Quiet
40370,0,11,3634.7,Quiet
40370,0,12,3816.3,Quiet
40370,1,1,4284.7,Moderate
40370,1,2,5029.6,Moderate
40370,1,3,5403.3,Moderate
40370,1,4,5595.6,Moderate
40370,1,5,5703.5,Moderate
40370,1,6,6176.2,Moderate
40370,1,7,6193.2,Moderate
40370,1,8,6246.7,Moderate
40370,1,9,6099.4,Moderate
40370,1,10,6464.9,Moderate
40370,1,11,6230.7,Moderate
40370,1,12,6608.0,Moderate
40370,2,1,4892.2,Busy
40370,2,2,5643.5,Busy
40370,2,3,6256.3,Busy
40370,2,4,6666.8,Busy
40370,2,5,6838.5,Busy
40370,2,6,7221.1,Busy
40370,2,7,7235.0,Busy
40370,2,8,7260.0,Busy
40370,2,9,7141.0,Busy
40370,2,10,7534.4,Busy
40370,2,11,7233.6,Busy
40370,2,12,7364.5,Busy
40370,3,1,5107.6,Busy
40370,3,2,5620.1,Busy
40370,3,3,6250.6,Busy
40370,3,4,6661.6,Busy
40370,3,5,6846.9,Busy
40370,3,6,7229.5,Busy
40370,3,7,7247.6,Busy
40370,3,8,7242.3,Busy
40370,3,9,7151.5,Busy
40370,3,10,7524.0,Busy
40370,3,11,7215.8,Busy
40370,3,12,7374.1,Busy
40370,4,1,5155.6,Busy
40370,4,2,5629.9,Busy
40370,4,3,6261.2,Busy
40370,4,4,6672.1,Busy
40370,4,5,6857.5,Busy
40370,4,6,7240.1,Busy
40370,4,7,7238.5,Busy
40370,4,8,7205.0,Busy
40370,4,9,7163.5,Busy
40370,4,10,7526.3,Busy
40370,4,11,7218.2,Busy
40370,4,12,7389.2,Busy
40370,5,1,4164.1,Moderate
40370,5,2,4827.3,Moderate
40370,5,3,5434.9,Moderate
40370,5,4,5846.7,Moderate
40370,5,5,6118.4,Moderate
40370,5,6,6585.4,Moderate
40370,5,7,6624.5,Moderate
40370,5,8,6591.0,Moderate
40370,5,9,6478.2,Moderate
40370,5,10,6791.0,Moderate
40370,5,11,6588.3,Moderate
40370,5,12,6571.9,Moderate
40370,6,1,2848.0,Quiet
40370,6,2,3125.4,Quiet
40370,6,3,4124.9,Quiet
40370,6,4,4191.1,Quiet
40370,6,5,4385.3,Quiet
40370,6,6,5010.0,Quiet
40370,6,7,5050.6,Quiet
40370,6,8,5147.1,Quiet
40370,6,9,5015.4,Quiet
40370,6,10,5238.5,Quiet
40370,6,11,4911.9,Quiet
40370,6,12,5420.4,Quiet
40380,0,1,2265.6,Quiet
40380,0,2,2660.5,Quiet
40380,0,3,2940.2,Quiet
40380,0,4,2970.6,Quiet
40380,0,5,3405.9,Quiet
40380,0,6,4097.5,Quiet
40380,0,7,4090.5,Quiet
40380,0,8,4371.8,Quiet
40380,0,9,4384.1,Quiet
40380,0,10,5905.2,Quiet
40380,0,11,3856.4,Quiet
40380,0,12,3911.8,Quiet
40380,1,1,5252.9,Moderate
40380,1,2,5851.8,Moderate
40380,1,3,6589.5,Moderate
40380,1,4,6835.5,Moderate
40380,1,5,7149.7,Moderate
40380,1,6,7543.2,Moderate
40380,1,7,7521.4,Moderate
40380,1,8,7717.4,Moderate
40380,1,9,7913.9,Moderate
40380,1,10,8752.6,Moderate
40380,1,11,8192.0,Moderate
40380,1,12,7741.0,Moderate
40380,2,1,6395.1,Busy
40380,2,2,7302.5,Busy
40380,2,3,8081.7,Busy
40380,2,4,8523.3,Busy
40380,2,5,8869.9,Busy
40380,2,6,9262.4,Busy
40380,2,7,9228.0,Busy
40380,2,8,9317.4,Busy
40380,2,9,9670.7,Busy
40380,2,10,10507.2,Busy
40380,2,11,9796.4,Busy
40380,2,12,9097.1,Busy
40380,3,1,6705.0,Busy
40380,3,2,7324.0,Busy
40380,3,3,8119.0,Busy
40380,3,4,8577.3,Busy
40380,3,5,8959.7,Busy
40380,3,6,9381.8,Busy
40380,3,7,9362.5,Busy
40380,3,8,9383.1,Busy
40380,3,9,9831.3,Busy
40380,3,10,10592.0,Busy
40380,3,11,9907.8,Busy
40380,3,12,9259.3,Busy
40380,4,1,6714.6,Busy
40380,4,2,7327.9,Busy
40380,4,3,8141.5,Busy
40380,4,4,8599.8,Busy
40380,4,5,8952.5,Busy
40380,4,6,9386.0,Busy
40380,4,7,9330.1,Busy
40380,4,8,9371.7,Busy
40380,4,9,9849.8,Busy
40380,4,10,10610.4,Busy
40380,4,11,9928.3,Busy
40380,4,12,9301.9,Busy
40380,5,1,4873.0,Moderate
40380,5,2,5380.5,Moderate
40380,5,3,6285.2,Moderate
40380,5,4,6660.5,Moderate
40380,5,5,7092.8,Moderate
40380,5,6,7636.6,Moderate
40380,5,7,7627.1,Moderate
40380,5,8,7749.5,Moderate
40380,5,9,7985.6,Moderate
40380,5,10,8426.5,Moderate
40380,5,11,7672.7,Moderate
40380,5,12,7426.5,Moderate
40380,6,1,2739.5,Quiet
40380,6,2,3061.8,Quiet
40380,6,3,5426.1,Quiet
40380,6,4,3954.5,Quiet
40380,6,5,4115.8,Quiet
40380,6,6,4768.1,Quiet
40380,6,7,4871.1,Quiet
40380,6,8,5101.5,Quiet
40380,6,9,5245.3,Quiet
40380,6,10,5651.9,Quiet
40380,6,11,4742.3,Quiet
40380,6,12,5111.4,Quiet
40390,0,1,390.0,Quiet
40390,0,2,472.9,Quiet
40390,0,3,501.0,Quiet
40390,0,4,520.6,Quiet
40390,0,5,528.5,Quiet
40390,0,6,600.2,Quiet
40390,0,7,566.4,Quiet
40390,0,8,556.1,Quiet
40390,0,9,547.5,Quiet
40390,0,10,579.3,Quiet
40390,0,11,529.5,Quiet
40390,0,12,514.3,Quiet
40390,1,1,992.4,Moderate
40390,1,2,1083.8,Moderate
40390,1,3,1097.3,Moderate
40390,1,4,1113.3,Moderate
40390,1,5,1117.5,Moderate
40390,1,6,1137.3,Moderate
40390,1,7,1111.9,Moderate
40390,1,8,1101.7,Moderate
40390,1,9,1110.8,Moderate
40390,1,10,1151.8,Moderate
40390,1,11,1137.8,Moderate
40390,1,12,1122.7,Moderate
40390,2,1,1079.9,Busy
40390,2,2,1172.3,Busy
40390,2,3,1185.8,Busy
40390,2,4,1210.1,Busy
40390,2,5,1214.3,Busy
40390,2,6,1237.1,Busy
40390,2,7,1208.8,Busy
40390,2,8,1198.5,Busy
40390,2,9,1220.8,Busy
40390,2,10,1261.2,Busy
40390,2,11,1243.6,Busy
40390,2,12,1216.4,Busy
40390,3,1,1128.2,Busy
40390,3,2,1183.9,Busy
40390,3,3,1201.4,Busy
40390,3,4,1226.1,Busy
40390,3,5,1230.2,Busy
40390,3,6,1253.0,Busy
40390,3,7,1224.7,Busy
40390,3,8,1211.2,Busy
40390,3,9,1236.1,Busy
40390,3,10,1276.4,Busy
40390,3,11,1258.9,Busy
40390,3,12,1230.4,Busy
40390,4,1,1118.8,Busy
40390,4,2,1169.9,Busy
40390,4,3,1194.4,Busy
40390,4,4,1219.1,Busy
40390,4,5,1223.3,Busy
40390,4,6,1246.0,Busy
40390,4,7,1219.2,Busy
40390,4,8,1205.7,Busy
40390,4,9,1230.5,Busy
40390,4,10,1269.2,Busy
40390,4,11,1251.7,Busy
40390,4,12,1222.5,Busy
40390,5,1,991.7,Moderate
40390,5,2,1066.6,Moderate
40390,5,3,1104.9,Moderate
40390,5,4,1129.0,Moderate
40390,5,5,1139.8,Moderate
40390,5,6,1170.9,Moderate
40390,5,7,1144.1,Moderate
40390,5,8,1130.6,Moderate
40390,5,9,1148.1,Moderate
40390,5,10,1183.6,Moderate
40390,5,11,1153.3,Moderate
40390,5,12,1108.5,Moderate
40390,6,1,542.9,Quiet
40390,6,2,585.8,Quiet
40390,6,3,744.3,Quiet
40390,6,4,674.7,Quiet
40390,6,5,703.9,Quiet
40390,6,6,750.7,Quiet
40390,6,7,724.5,Quiet
40390,6,8,711.0,Quiet
40390,6,9,699.5,Quiet
40390,6,10,713.8,Quiet
40390,6,11,670.7,Quiet
40390,6,12,663.4,Quiet
40400,0,1,148.3,Quiet
40400,0,2,220.8,Quiet
40400,0,3,223.4,Quiet
40400,0,4,223.5,Quiet
40400,0,5,254.6,Quiet
40400,0,6,256.9,Quiet
40400,0,7,235.8,Quiet
40400,0,8,233.0,Quiet
40400,0,9,267.9,Quiet
40400,0,10,341.5,Quiet
40400,0,11,255.5,Quiet
40400,0,12,212.7,Quiet
40400,1,1,395.9,Moderate
40400,1,2,462.2,Moderate
40400,1,3,462.5,Moderate
40400,1,4,451.5,Moderate
40400,1,5,463.8,Moderate
40400,1,6,462.1,Moderate
40400,1,7,435.5,Moderate
40400,1,8,432.7,Moderate
40400,1,9,474.2,Moderate
40400,1,10,522.5,Moderate
40400,1,11,501.9,Moderate
40400,1,12,465.0,Moderate
40400,2,1,437.2,Busy
40400,2,2,494.9,Busy
40400,2,3,495.2,Busy
40400,2,4,484.2,Moderate
40400,2,5,496.5,Moderate
40400,2,6,494.8,Moderate
40400,2,7,468.1,Moderate
40400,2,8,465.4,Moderate
40400,2,9,516.8,Moderate
40400,2,10,568.7,Moderate
40400,2,11,544.6,Moderate
40400,2,12,494.6,Busy
40400,3,1,469.4,Busy
40400,3,2,499.0,Busy
40400,3,3,499.3,Busy
40400,3,4,496.1,Busy
40400,3,5,508.5,Busy
40400,3,6,506.8,Busy
40400,3,7,480.1,Busy
40400,3,8,478.2,Busy
40400,3,9,535.2,Busy
40400,3,10,585.9,Busy
40400,3,11,563.1,Busy
40400,3,12,501.8,Busy
40400,4,1,472.2,Busy
40400,4,2,500.2,Busy
40400,4,3,501.2,Busy
40400,4,4,498.1,Busy
40400,4,5,510.4,Busy
40400,4,6,508.7,Busy
40400,4,7,482.1,Busy
40400,4,8,480.1,Busy
40400,4,9,537.2,Busy
40400,4,10,587.8,Busy
40400,4,11,565.0,Busy
40400,4,12,503.8,Busy
40400,5,1,414.2,Moderate
40400,5,2,483.6,Moderate
40400,5,3,484.6,Moderate
40400,5,4,491.6,Busy
40400,5,5,510.5,Busy
40400,5,6,510.3,Busy
40400,5,7,483.7,Busy
40400,5,8,481.7,Busy
40400,5,9,538.8,Busy
40400,5,10,588.0,Busy
40400,5,11,550.9,Busy
40400,5,12,482.5,Moderate
40400,6,1,279.3,Quiet
40400,6,2,334.1,Quiet
40400,6,3,396.2,Quiet
40400,6,4,357.7,Quiet
40400,6,5,384.0,Quiet
40400,6,6,395.4,Quiet
40400,6,7,368.8,Quiet
40400,6,8,366.8,Quiet
40400,6,9,402.3,Quiet
40400,6,10,438.9,Quiet
40400,6,11,401.7,Quiet
40400,6,12,356.8,Quiet
40420,0,1,294.4,Quiet
40420,0,2,397.8,Quiet
40420,0,3,416.1,Quiet
40420,0,4,446.7,Quiet
40420,0,5,474.4,Quiet
40420,0,6,533.0,Quiet
40420,0,7,544.8,Quiet
40420,0,8,561.5,Quiet
40420,0,9,547.3,Quiet
40420,0,10,601.8,Quiet
40420,0,11,503.0,Quiet
40420,0,12,472.9,Quiet
40420,1,1,591.9,Moderate
40420,1,2,679.9,Moderate
40420,1,3,698.2,Moderate
40420,1,4,728.8,Moderate
40420,1,5,748.0,Moderate
40420,1,6,793.3,Moderate
40420,1,7,802.3,Moderate
40420,1,8,819.0,Moderate
40420,1,9,819.9,Moderate
40420,1,10,850.7,Moderate
40420,1,11,818.3,Moderate
40420,1,12,788.2,Moderate
40420,2,1,632.8,Busy
40420,2,2,708.3,Moderate
40420,2,3,726.6,Moderate
40420,2,4,765.5,Moderate
40420,2,5,784.7,Moderate
40420,2,6,830.1,Moderate
40420,2,7,839.0,Moderate
40420,2,8,855.7,Moderate
40420,2,9,865.5,Moderate
40420,2,10,891.7,Moderate
40420,2,11,865.1,Moderate
40420,2,12,822.9,Busy
40420,3,1,658.4,Busy
40420,3,2,715.6,Busy
40420,3,3,733.9,Busy
40420,3,4,773.3,Busy
40420,3,5,792.5,Busy
40420,3,6,837.8,Busy
40420,3,7,846.8,Busy
40420,3,8,864.3,Busy
40420,3,9,878.5,Busy
40420,3,10,902.4,Busy
40420,3,11,875.8,Busy
40420,3,12,828.3,Busy
40420,4,1,659.5,Busy
40420,4,2,715.1,Busy
40420,4,3,734.1,Busy
40420,4,4,773.5,Busy
40420,4,5,792.7,Busy
40420,4,6,838.0,Busy
40420,4,7,848.4,Busy
40420,4,8,866.0,Busy
40420,4,9,880.1,Busy
40420,4,10,902.3,Busy
40420,4,11,875.7,Busy
40420,4,12,828.2,Busy
40420,5,1,626.6,Moderate
40420,5,2,708.5,Busy
40420,5,3,727.6,Busy
40420,5,4,777.0,Busy
40420,5,5,796.3,Busy
40420,5,6,846.2,Busy
40420,5,7,856.6,Busy
40420,5,8,874.1,Busy
40420,5,9,888.3,Busy
40420,5,10,907.3,Busy
40420,5,11,868.1,Busy
40420,5,12,805.0,Moderate
40420,6,1,450.8,Quiet
40420,6,2,515.3,Quiet
40420,6,3,670.2,Quiet
40420,6,4,602.1,Quiet
40420,6,5,628.6,Quiet
40420,6,6,683.9,Quiet
40420,6,7,695.7,Quiet
40420,6,8,713.2,Quiet
40420,6,9,709.8,Quiet
40420,6,10,717.2,Quiet
40420,6,11,678.0,Quiet
40420,6,12,628.9,Quiet
40430,0,1,390.5,Quiet
40430,0,2,551.2,Quiet
40430,0,3,588.8,Quiet
40430,0,4,631.5,Quiet
40430,0,5,716.7,Quiet
40430,0,6,753.9,Quiet
40430,0,7,725.5,Quiet
40430,0,8,594.2,Quiet
40430,0,9,777.3,Quiet
40430,0,10,994.3,Quiet
40430,0,11,748.8,Quiet
40430,0,12,734.7,Quiet
40430,1,1,1167.4,Moderate
40430,1,2,1323.8,Moderate
40430,1,3,1340.0,Moderate
40430,1,4,1379.0,Moderate
40430,1,5,1451.0,Moderate
40430,1,6,1494.3,Moderate
40430,1,7,1370.6,Moderate
40430,1,8,1239.4,Moderate
40430,1,9,1543.8,Moderate
40430,1,10,1663.6,Moderate
40430,1,11,1642.8,Moderate
40430,1,12,1589.2,Moderate
40430,2,1,1348.7,Busy
40430,2,2,1578.7,Busy
40430,2,3,1594.9,Busy
40430,2,4,1642.2,Busy
40430,2,5,1714.3,Busy
40430,2,6,1770.2,Busy
40430,2,7,1633.9,Busy
40430,2,8,1502.6,Busy
40430,2,9,1859.3,Busy
40430,2,10,1974.2,Busy
40430,2,11,1946.9,Busy
40430,2,12,1885.9,Busy
40430,3,1,1432.8,Busy
40430,3,2,1568.4,Busy
40430,3,3,1591.3,Busy
40430,3,4,1639.0,Busy
40430,3,5,1711.0,Busy
40430,3,6,1767.0,Busy
40430,3,7,1630.6,Busy
40430,3,8,1489.7,Busy
40430,3,9,1865.8,Busy
40430,3,10,1975.0,Busy
40430,3,11,1949.0,Busy
40430,3,12,1886.8,Busy
40430,4,1,1450.3,Busy
40430,4,2,1570.7,Busy
40430,4,3,1595.8,Busy
40430,4,4,1643.5,Busy
40430,4,5,1715.5,Busy
40430,4,6,1771.5,Busy
40430,4,7,1636.6,Busy
40430,4,8,1495.6,Busy
40430,4,9,1871.8,Busy
40430,4,10,1979.3,Busy
40430,4,11,1953.3,Busy
40430,4,12,1892.0,Busy
40430,5,1,1042.0,Moderate
40430,5,2,1181.7,Moderate
40430,5,3,1200.3,Moderate
40430,5,4,1252.9,Moderate
40430,5,5,1324.6,Moderate
40430,5,6,1400.4,Moderate
40430,5,7,1287.3,Moderate
40430,5,8,1155.5,Moderate
40430,5,9,1452.0,Moderate
40430,5,10,1561.1,Moderate
40430,5,11,1493.8,Moderate
40430,5,12,1428.5,Moderate
40430,6,1,525.3,Quiet
40430,6,2,608.4,Quiet
40430,6,3,1125.0,Quiet
40430,6,4,726.4,Quiet
40430,6,5,805.4,Quiet
40430,6,6,886.2,Quiet
40430,6,7,814.4,Quiet
40430,6,8,678.7,Quiet
40430,6,9,860.7,Quiet
40430,6,10,935.9,Quiet
40430,6,11,868.6,Quiet
40430,6,12,860.9,Quiet
40440,0,1,333.3,Quiet
40440,0,2,429.1,Quiet
40440,0,3,444.6,Quiet
40440,0,4,479.5,Quiet
40440,0,5,471.2,Quiet
40440,0,6,589.7,Quiet
40440,0,7,574.0,Quiet
40440,0,8,573.6,Quiet
40440,0,9,698.2,Quiet
40440,0,10,643.5,Quiet
40440,0,11,521.1,Quiet
40440,0,12,480.1,Quiet
40440,1,1,747.2,Moderate
40440,1,2,837.0,Moderate
40440,1,3,843.2,Moderate
40440,1,4,870.7,Moderate
40440,1,5,904.1,Moderate
40440,1,6,955.2,Moderate
40440,1,7,938.1,Moderate
40440,1,8,937.7,Moderate
40440,1,9,1078.0,Quiet
40440,1,10,1059.2,Moderate
40440,1,11,990.0,Moderate
40440,1,12,934.7,Moderate
40440,2,1,793.0,Busy
40440,2,2,877.1,Busy
40440,2,3,883.4,Moderate
40440,2,4,919.1,Moderate
40440,2,5,952.5,Moderate
40440,2,6,1003.7,Moderate
40440,2,7,986.6,Moderate
40440,2,8,986.2,Moderate
40440,2,9,1166.8,Moderate
40440,2,10,1121.2,Moderate
40440,2,11,1045.8,Moderate
40440,2,12,969.1,Busy
40440,3,1,826.1,Busy
40440,3,2,882.2,Busy
40440,3,3,890.5,Busy
40440,3,4,934.2,Busy
40440,3,5,967.6,Busy
40440,3,6,1018.7,Busy
40440,3,7,998.5,Busy
40440,3,8,999.1,Busy
40440,3,9,1305.9,Busy
40440,3,10,1169.8,Busy
40440,3,11,1084.8,Busy
40440,3,12,976.3,Busy
40440,4,1,834.2,Busy
40440,4,2,883.4,Busy
40440,4,3,892.4,Busy
40440,4,4,936.1,Busy
40440,4,5,969.5,Busy
40440,4,6,1036.0,Busy
40440,4,7,1015.7,Busy
40440,4,8,1016.4,Busy
40440,4,9,1323.2,Busy
40440,4,10,1187.1,Busy
40440,4,11,1086.7,Busy
40440,4,12,977.5,Busy
40440,5,1,774.4,Moderate
40440,5,2,871.2,Moderate
40440,5,3,885.8,Busy
40440,5,4,939.5,Busy
40440,5,5,972.9,Busy
40440,5,6,1065.9,Busy
40440,5,7,1048.1,Busy
40440,5,8,1075.1,Busy
40440,5,9,1375.4,Busy
40440,5,10,1195.4,Busy
40440,5,11,1056.0,Busy
40440,5,12,947.2,Moderate
40440,6,1,453.0,Quiet
40440,6,2,532.3,Quiet
40440,6,3,739.0,Quiet
40440,6,4,637.0,Quiet
40440,6,5,677.7,Quiet
40440,6,6,838.5,Quiet
40440,6,7,822.0,Quiet
40440,6,8,826.7,Quiet
40440,6,9,1102.9,Moderate
40440,6,10,784.4,Quiet
40440,6,11,644.9,Quiet
40440,6,12,632.1,Quiet
40450,0,1,1873.1,Quiet
40450,0,2,2056.1,Quiet
40450,0,3,2099.4,Quiet
40450,0,4,2127.0,Quiet
40450,0,5,2373.0,Quiet
40450,0,6,2583.6,Quiet
40450,0,7,2515.0,Quiet
40450,0,8,2641.8,Quiet
40450,0,9,2691.2,Quiet
40450,0,10,2674.3,Quiet
40450,0,11,2545.4,Quiet
40450,0,12,2285.7,Quiet
40450,1,1,3595.5,Moderate
40450,1,2,3985.8,Moderate
40450,1,3,4046.1,Moderate
40450,1,4,4042.5,Moderate
40450,1,5,4277.3,Moderate
40450,1,6,4272.2,Moderate
40450,1,7,4123.2,Moderate
40450,1,8,4192.7,Moderate
40450,1,9,4392.5,Moderate
40450,1,10,4545.6,Moderate
40450,1,11,4611.6,Moderate
40450,1,12,4183.3,Moderate
40450,2,1,3758.4,Busy
40450,2,2,4153.6,Busy
40450,2,3,4308.8,Busy
40450,2,4,4389.3,Busy
40450,2,5,4620.8,Busy
40450,2,6,4615.8,Busy
40450,2,7,4466.8,Busy
40450,2,8,4536.3,Busy
40450,2,9,4787.1,Busy
40450,2,10,4902.0,Busy
40450,2,11,4916.6,Busy
40450,2,12,4523.3,Busy
40450,3,1,3930.8,Busy
40450,3,2,4132.7,Busy
40450,3,3,4302.0,Busy
40450,3,4,4387.3,Busy
40450,3,5,4622.1,Busy
40450,3,6,4617.1,Busy
40450,3,7,4487.2,Busy
40450,3,8,4557.5,Busy
40450,3,9,4810.9,Busy
40450,3,10,4899.5,Busy
40450,3,11,4914.1,Busy
40450,3,12,4530.5,Busy
40450,4,1,3944.3,Busy
40450,4,2,4131.6,Busy
40450,4,3,4307.9,Busy
40450,4,4,4393.2,Busy
40450,4,5,4628.0,Busy
40450,4,6,4623.0,Busy
40450,4,7,4494.5,Busy
40450,4,8,4564.9,Busy
40450,4,9,4818.3,Busy
40450,4,10,4905.2,Busy
40450,4,11,4919.8,Busy
40450,4,12,4535.3,Busy
40450,5,1,3643.7,Moderate
40450,5,2,3923.1,Moderate
40450,5,3,4141.6,Moderate
40450,5,4,4235.2,Moderate
40450,5,5,4476.7,Moderate
40450,5,6,4501.1,Moderate
40450,5,7,4386.5,Moderate
40450,5,8,4456.9,Moderate
40450,5,9,4682.1,Moderate
40450,5,10,4714.7,Moderate
40450,5,11,4676.4,Moderate
40450,5,12,4268.8,Moderate
40450,6,1,2413.2,Quiet
40450,6,2,2474.0,Quiet
40450,6,3,2834.7,Quiet
40450,6,4,2704.9,Quiet
40450,6,5,2999.1,Quiet
40450,6,6,3127.0,Quiet
40450,6,7,3044.8,Quiet
40450,6,8,3140.0,Quiet
40450,6,9,3225.1,Quiet
40450,6,10,3190.5,Quiet
40450,6,11,3098.0,Quiet
40450,6,12,2920.7,Quiet
40460,0,1,605.1,Quiet
40460,0,2,806.1,Quiet
40460,0,3,897.3,Quiet
40460,0,4,903.4,Quiet
40460,0,5,955.5,Quiet
40460,0,6,1234.2,Quiet
40460,0,7,1253.2,Quiet
40460,0,8,1375.7,Quiet
40460,0,9,1256.2,Quiet
40460,0,10,1622.0,Quiet
40460,0,11,1102.9,Quiet
40460,0,12,1239.7,Quiet
40460,1,1,2421.9,Moderate
40460,1,2,2804.8,Moderate
40460,1,3,2886.6,Moderate
40460,1,4,3005.9,Moderate
40460,1,5,3059.4,Moderate
40460,1,6,3246.4,Moderate
40460,1,7,3288.6,Moderate
40460,1,8,3382.8,Moderate
40460,1,9,3396.8,Moderate
40460,1,10,3527.2,Moderate
40460,1,11,3392.1,Moderate
40460,1,12,3338.6,Moderate
40460,2,1,3064.1,Busy
40460,2,2,3674.1,Busy
40460,2,3,3901.9,Busy
40460,2,4,4021.1,Busy
40460,2,5,4107.0,Busy
40460,2,6,4274.1,Busy
40460,2,7,4303.7,Busy
40460,2,8,4353.4,Busy
40460,2,9,4479.5,Busy
40460,2,10,4621.3,Busy
40460,2,11,4448.5,Busy
40460,2,12,4354.1,Busy
40460,3,1,3246.9,Busy
40460,3,2,3672.5,Busy
40460,3,3,3909.1,Busy
40460,3,4,4028.8,Busy
40460,3,5,4114.7,Busy
40460,3,6,4281.7,Busy
40460,3,7,4315.5,Busy
40460,3,8,4329.7,Busy
40460,3,9,4491.8,Busy
40460,3,10,4622.4,Busy
40460,3,11,4456.2,Busy
40460,3,12,4467.1,Busy
40460,4,1,3312.5,Busy
40460,4,2,3685.9,Busy
40460,4,3,3922.5,Busy
40460,4,4,4042.2,Busy
40460,4,5,4114.6,Busy
40460,4,6,4281.6,Busy
40460,4,7,4294.3,Busy
40460,4,8,4329.5,Busy
40460,4,9,4483.5,Busy
40460,4,10,4614.2,Busy
40460,4,11,4461.5,Busy
40460,4,12,4545.1,Busy
40460,5,1,1891.5,Moderate
40460,5,2,2335.9,Moderate
40460,5,3,2449.8,Quiet
40460,5,4,2560.7,Moderate
40460,5,5,2633.1,Moderate
40460,5,6,2812.8,Moderate
40460,5,7,2836.5,Moderate
40460,5,8,2892.1,Moderate
40460,5,9,2927.1,Moderate
40460,5,10,3023.5,Moderate
40460,5,11,2804.1,Moderate
40460,5,12,2928.3,Moderate
40460,6,1,1082.7,Quiet
40460,6,2,1235.8,Quiet
40460,6,3,2645.8,Moderate
40460,6,4,1409.5,Quiet
40460,6,5,1543.7,Quiet
40460,6,6,1802.6,Quiet
40460,6,7,1891.2,Quiet
40460,6,8,1929.3,Quiet
40460,6,9,1935.3,Quiet
40460,6,10,1880.9,Quiet
40460,6,11,1662.8,Quiet
40460,6,12,2147.7,Quiet
40470,0,1,285.1,Quiet
40470,0,2,336.5,Quiet
40470,0,3,342.3,Quiet
40470,0,4,352.3,Quiet
40470,0,5,405.9,Quiet
40470,0,6,368.5,Quiet
40470,0,7,343.5,Quiet
40470,0,8,272.5,Quiet
40470,0,9,323.8,Quiet
40470,0,10,355.4,Quiet
40470,0,11,311.2,Quiet
40470,0,12,341.3,Quiet
40470,1,1,775.4,Moderate
40470,1,2,888.4,Moderate
40470,1,3,881.7,Moderate
40470,1,4,857.4,Moderate
40470,1,5,884.8,Moderate
40470,1,6,766.9,Moderate
40470,1,7,594.1,Moderate
40470,1,8,523.1,Moderate
40470,1,9,716.7,Moderate
40470,1,10,766.5,Moderate
40470,1,11,775.3,Moderate
40470,1,12,810.8,Moderate
40470,2,1,864.5,Busy
40470,2,2,968.8,Busy
40470,2,3,962.1,Busy
40470,2,4,937.8,Busy
40470,2,5,965.2,Busy
40470,2,6,859.9,Busy
40470,2,7,674.5,Moderate
40470,2,8,603.5,Moderate
40470,2,9,810.2,Busy
40470,2,10,860.5,Busy
40470,2,11,862.8,Busy
40470,2,12,905.8,Busy
40470,3,1,899.9,Busy
40470,3,2,981.3,Busy
40470,3,3,974.7,Busy
40470,3,4,958.3,Busy
40470,3,5,985.6,Busy
40470,3,6,880.4,Busy
40470,3,7,694.9,Busy
40470,3,8,614.3,Busy
40470,3,9,812.0,Busy
40470,3,10,871.9,Busy
40470,3,11,874.3,Busy
40470,3,12,918.0,Busy
40470,4,1,898.2,Busy
40470,4,2,981.3,Busy
40470,4,3,975.4,Busy
40470,4,4,959.0,Busy
40470,4,5,986.4,Busy
40470,4,6,881.1,Busy
40470,4,7,695.6,Busy
40470,4,8,615.0,Busy
40470,4,9,812.7,Busy
40470,4,10,872.7,Busy
40470,4,11,875.0,Busy
40470,4,12,934.2,Busy
40470,5,1,773.0,Moderate
40470,5,2,894.1,Moderate
40470,5,3,907.7,Moderate
40470,5,4,890.7,Moderate
40470,5,5,924.7,Moderate
40470,5,6,850.6,Moderate
40470,5,7,718.1,Busy
40470,5,8,646.6,Busy
40470,5,9,766.0,Moderate
40470,5,10,821.7,Moderate
40470,5,11,797.7,Moderate
40470,5,12,831.7,Moderate
40470,6,1,387.5,Quiet
40470,6,2,480.2,Quiet
40470,6,3,628.7,Quiet
40470,6,4,508.8,Quiet
40470,6,5,561.2,Quiet
40470,6,6,515.5,Quiet
40470,6,7,437.5,Quiet
40470,6,8,362.1,Quiet
40470,6,9,438.1,Quiet
40470,6,10,453.8,Quiet
40470,6,11,429.9,Quiet
40470,6,12,475.4,Quiet
40480,0,1,232.7,Quiet
40480,0,2,305.5,Quiet
40480,0,3,315.3,Quiet
40480,0,4,328.3,Quiet
40480,0,5,359.2,Quiet
40480,0,6,382.8,Quiet
40480,0,7,372.6,Quiet
40480,0,8,385.6,Quiet
40480,0,9,403.3,Quiet
40480,0,10,406.8,Quiet
40480,0,11,373.7,Quiet
40480,0,12,348.2,Quiet
40480,1,1,508.1,Moderate
40480,1,2,578.6,Moderate
40480,1,3,587.0,Moderate
40480,1,4,600.1,Moderate
40480,1,5,622.4,Moderate
40480,1,6,636.8,Moderate
40480,1,7,623.8,Moderate
40480,1,8,636.8,Moderate
40480,1,9,669.6,Moderate
40480,1,10,697.7,Moderate
40480,1,11,684.9,Moderate
40480,1,12,659.4,Moderate
40480,2,1,548.0,Busy
40480,2,2,605.7,Busy
40480,2,3,614.1,Busy
40480,2,4,635.5,Busy
40480,2,5,657.9,Busy
40480,2,6,672.2,Busy
40480,2,7,659.2,Busy
40480,2,8,672.2,Busy
40480,2,9,714.0,Moderate
40480,2,10,733.1,Busy
40480,2,11,716.8,Busy
40480,2,12,679.2,Busy
40480,3,1,577.1,Busy
40480,3,2,616.5,Busy
40480,3,3,625.0,Busy
40480,3,4,646.8,Busy
40480,3,5,669.1,Busy
40480,3,6,683.5,Busy
40480,3,7,670.5,Busy
40480,3,8,684.3,Busy
40480,3,9,730.5,Busy
40480,3,10,747.3,Busy
40480,3,11,731.0,Busy
40480,3,12,688.1,Busy
40480,4,1,577.0,Busy
40480,4,2,614.7,Busy
40480,4,3,623.9,Busy
40480,4,4,645.7,Busy
40480,4,5,668.1,Busy
40480,4,6,682.4,Busy
40480,4,7,670.8,Busy
40480,4,8,684.7,Busy
40480,4,9,730.8,Busy
40480,4,10,746.0,Busy
40480,4,11,729.7,Busy
40480,4,12,686.1,Busy
40480,5,1,518.4,Moderate
40480,5,2,587.3,Moderate
40480,5,3,610.3,Moderate
40480,5,4,631.4,Moderate
40480,5,5,653.8,Moderate
40480,5,6,669.6,Moderate
40480,5,7,658.1,Moderate
40480,5,8,671.9,Moderate
40480,5,9,718.1,Busy
40480,5,10,730.0,Moderate
40480,5,11,701.0,Moderate
40480,5,12,641.8,Moderate
40480,6,1,326.8,Quiet
40480,6,2,378.3,Quiet
40480,6,3,493.0,Quiet
40480,6,4,443.7,Quiet
40480,6,5,473.4,Quiet
40480,6,6,492.8,Quiet
40480,6,7,482.6,Quiet
40480,6,8,496.4,Quiet
40480,6,9,524.9,Quiet
40480,6,10,526.5,Quiet
40480,6,11,497.5,Quiet
40480,6,12,452.3,Quiet
40490,0,1,588.3,Quiet
40490,0,2,761.6,Quiet
40490,0,3,834.1,Quiet
40490,0,4,941.0,Quiet
40490,0,5,1050.2,Quiet
40490,0,6,1244.4,Quiet
40490,0,7,1234.9,Quiet
40490,0,8,1287.1,Quiet
40490,0,9,1226.6,Quiet
40490,0,10,1558.2,Quiet
40490,0,11,1094.6,Quiet
40490,0,12,1024.2,Quiet
40490,1,1,1122.9,Moderate
40490,1,2,1289.0,Moderate
40490,1,3,1332.1,Quiet
40490,1,4,1420.7,Moderate
40490,1,5,1510.0,Moderate
40490,1,6,1647.1,Moderate
40490,1,7,1633.8,Moderate
40490,1,8,1688.0,Moderate
40490,1,9,1699.9,Moderate
40490,1,10,1751.4,Moderate
40490,1,11,1675.9,Moderate
40490,1,12,1614.5,Moderate
40490,2,1,1277.1,Busy
40490,2,2,1466.1,Busy
40490,2,3,1539.3,Moderate
40490,2,4,1645.7,Busy
40490,2,5,1744.2,Busy
40490,2,6,1893.8,Busy
40490,2,7,1868.0,Moderate
40490,2,8,1922.2,Moderate
40490,2,9,1964.6,Busy
40490,2,10,2019.6,Busy
40490,2,11,1938.2,Busy
40490,2,12,1858.3,Busy
40490,3,1,1361.6,Busy
40490,3,2,1516.1,Busy
40490,3,3,1598.7,Busy
40490,3,4,1714.5,Busy
40490,3,5,1812.9,Busy
40490,3,6,1962.6,Busy
40490,3,7,1947.7,Busy
40490,3,8,2006.0,Busy
40490,3,9,2057.0,Busy
40490,3,10,2104.6,Busy
40490,3,11,2020.0,Busy
40490,3,12,1881.7,Busy
40490,4,1,1410.0,Busy
40490,4,2,1566.1,Busy
40490,4,3,1641.7,Busy
40490,4,4,1766.8,Busy
40490,4,5,1875.0,Busy
40490,4,6,2022.5,Busy
40490,4,7,2021.7,Busy
40490,4,8,2065.9,Busy
40490,4,9,2116.9,Busy
40490,4,10,2170.5,Busy
40490,4,11,2076.3,Busy
40490,4,12,1921.8,Busy
40490,5,1,1185.1,Moderate
40490,5,2,1365.3,Moderate
40490,5,3,1470.9,Moderate
40490,5,4,1595.4,Moderate
40490,5,5,1703.6,Moderate
40490,5,6,1850.9,Moderate
40490,5,7,1885.5,Busy
40490,5,8,1930.7,Busy
40490,5,9,1949.8,Moderate
40490,5,10,1997.6,Moderate
40490,5,11,1882.8,Moderate
40490,5,12,1729.4,Moderate
40490,6,1,820.3,Quiet
40490,6,2,962.8,Quiet
40490,6,3,1563.5,Busy
40490,6,4,1196.2,Quiet
40490,6,5,1304.4,Quiet
40490,6,6,1494.0,Quiet
40490,6,7,1527.6,Quiet
40490,6,8,1572.8,Quiet
40490,6,9,1510.4,Quiet
40490,6,10,1534.5,Quiet
40490,6,11,1400.0,Quiet
40490,6,12,1360.1,Quiet
40510,0,1,214.7,Quiet
40510,0,2,295.2,Quiet
40510,0,3,309.5,Quiet
40510,0,4,331.4,Quiet
40510,0,5,362.1,Quiet
40510,0,6,394.0,Quiet
40510,0,7,394.1,Quiet
40510,0,8,404.8,Quiet
40510,0,9,406.6,Quiet
40510,0,10,476.5,Quiet
40510,0,11,376.8,Quiet
40510,0,12,344.3,Quiet
40510,1,1,457.6,Moderate
40510,1,2,529.2,Moderate
40510,1,3,543.6,Moderate
40510,1,4,565.4,Moderate
40510,1,5,587.6,Moderate
40510,1,6,610.9,Moderate
40510,1,7,609.6,Moderate
40510,1,8,620.3,Moderate
40510,1,9,635.8,Moderate
40510,1,10,679.5,Moderate
40510,1,11,647.7,Moderate
40510,1,12,615.2,Moderate
40510,2,1,495.8,Busy
40510,2,2,554.6,Busy
40510,2,3,568.9,Busy
40510,2,4,599.1,Busy
40510,2,5,621.3,Busy
40510,2,6,644.6,Busy
40510,2,7,643.3,Busy
40510,2,8,654.0,Busy
40510,2,9,678.4,Moderate
40510,2,10,717.5,Moderate
40510,2,11,679.4,Busy
40510,2,12,634.9,Busy
40510,3,1,523.1,Busy
40510,3,2,561.5,Busy
40510,3,3,575.9,Busy
40510,3,4,606.4,Busy
40510,3,5,628.6,Busy
40510,3,6,651.9,Busy
40510,3,7,650.7,Busy
40510,3,8,662.2,Busy
40510,3,9,692.2,Busy
40510,3,10,730.0,Busy
40510,3,11,693.2,Busy
40510,3,12,643.4,Busy
40510,4,1,518.3,Busy
40510,4,2,558.3,Busy
40510,4,3,573.4,Busy
40510,4,4,604.0,Busy
40510,4,5,626.2,Busy
40510,4,6,649.5,Busy
40510,4,7,649.7,Busy
40510,4,8,661.2,Busy
40510,4,9,691.2,Busy
40510,4,10,727.4,Busy
40510,4,11,690.6,Busy
40510,4,12,640.7,Busy
40510,5,1,459.8,Moderate
40510,5,2,537.3,Moderate
40510,5,3,564.8,Moderate
40510,5,4,594.8,Moderate
40510,5,5,617.0,Moderate
40510,5,6,641.7,Moderate
40510,5,7,641.9,Moderate
40510,5,8,653.4,Moderate
40510,5,9,683.5,Busy
40510,5,10,718.2,Busy
40510,5,11,667.1,Moderate
40510,5,12,601.7,Moderate
40510,6,1,278.1,Quiet
40510,6,2,341.8,Quiet
40510,6,3,439.4,Quiet
40510,6,4,419.7,Quiet
40510,6,5,449.2,Quiet
40510,6,6,477.5,Quiet
40510,6,7,477.7,Quiet
40510,6,8,489.2,Quiet
40510,6,9,498.5,Quiet
40510,6,10,523.3,Quiet
40510,6,11,472.2,Quiet
40510,6,12,420.9,Quiet
40520,0,1,137.5,Quiet
40520,0,2,205.0,Quiet
40520,0,3,227.2,Quiet
40520,0,4,233.2,Quiet
40520,0,5,273.5,Quiet
40520,0,6,297.4,Quiet
40520,0,7,269.9,Quiet
40520,0,8,259.4,Quiet
40520,0,9,261.6,Quiet
40520,0,10,330.6,Quiet
40520,0,11,220.8,Quiet
40520,0,12,187.1,Quiet
40520,1,1,311.5,Moderate
40520,1,2,367.3,Moderate
40520,1,3,375.2,Quiet
40520,1,4,365.7,Quiet
40520,1,5,397.5,Quiet
40520,1,6,405.5,Quiet
40520,1,7,372.4,Quiet
40520,1,8,361.9,Quiet
40520,1,9,367.8,Quiet
40520,1,10,403.5,Quiet
40520,1,11,382.3,Quiet
40520,1,12,359.4,Moderate
40520,2,1,352.5,Busy
40520,2,2,399.6,Moderate
40520,2,3,407.5,Moderate
40520,2,4,398.1,Moderate
40520,2,5,429.9,Moderate
40520,2,6,437.8,Moderate
40520,2,7,404.8,Moderate
40520,2,8,394.3,Moderate
40520,2,9,400.7,Moderate
40520,2,10,440.0,Moderate
40520,2,11,422.1,Moderate
40520,2,12,395.4,Busy
40520,3,1,370.8,Busy
40520,3,2,405.9,Busy
40520,3,3,413.8,Moderate
40520,3,4,412.3,Busy
40520,3,5,444.1,Busy
40520,3,6,452.0,Busy
40520,3,7,419.0,Busy
40520,3,8,409.3,Busy
40520,3,9,421.4,Busy
40520,3,10,459.5,Busy
40520,3,11,442.8,Busy
40520,3,12,404.9,Busy
40520,4,1,372.7,Busy
40520,4,2,406.1,Busy
40520,4,3,420.0,Busy
40520,4,4,422.8,Busy
40520,4,5,454.5,Busy
40520,4,6,462.5,Busy
40520,4,7,429.5,Busy
40520,4,8,419.8,Busy
40520,4,9,431.9,Busy
40520,4,10,470.0,Busy
40520,4,11,453.3,Busy
40520,4,12,410.5,Busy
40520,5,1,338.3,Moderate
40520,5,2,407.7,Busy
40520,5,3,421.6,Busy
40520,5,4,434.5,Busy
40520,5,5,466.3,Busy
40520,5,6,478.8,Busy
40520,5,7,446.4,Busy
40520,5,8,436.7,Busy
40520,5,9,448.9,Busy
40520,5,10,483.7,Busy
40520,5,11,444.8,Busy
40520,5,12,394.9,Moderate
40520,6,1,287.0,Quiet
40520,6,2,338.3,Quiet
40520,6,3,447.1,Busy
40520,6,4,377.9,Moderate
40520,6,5,417.0,Moderate
40520,6,6,434.9,Moderate
40520,6,7,402.5,Moderate
40520,6,8,392.8,Moderate
40520,6,9,394.7,Moderate
40520,6,10,428.6,Moderate
40520,6,11,389.7,Moderate
40520,6,12,351.6,Quiet
40530,0,1,897.7,Quiet
40530,0,2,1114.7,Quiet
40530,0,3,1144.6,Quiet
40530,0,4,1144.3,Quiet
40530,0,5,1167.2,Quiet
40530,0,6,1420.4,Quiet
40530,0,7,1353.8,Quiet
40530,0,8,1445.5,Quiet
40530,0,9,1397.3,Quiet
40530,0,10,1745.3,Quiet
40530,0,11,1333.1,Quiet
40530,0,12,1257.5,Quiet
40530,1,1,2048.2,Moderate
40530,1,2,2304.0,Moderate
40530,1,3,2365.9,Moderate
40530,1,4,2408.1,Moderate
40530,1,5,2489.3,Moderate
40530,1,6,2576.3,Moderate
40530,1,7,2514.2,Moderate
40530,1,8,2591.9,Moderate
40530,1,9,2696.4,Moderate
40530,1,10,2849.3,Moderate
40530,1,11,2760.7,Moderate
40530,1,12,2563.9,Moderate
40530,2,1,2477.1,Busy
40530,2,2,2891.5,Busy
40530,2,3,3007.3,Busy
40530,2,4,3049.6,Busy
40530,2,5,3130.8,Busy
40530,2,6,3156.5,Busy
40530,2,7,3091.4,Busy
40530,2,8,3124.6,Busy
40530,2,9,3377.4,Busy
40530,2,10,3512.0,Busy
40530,2,11,3418.2,Busy
40530,2,12,3221.5,Busy
40530,3,1,2644.6,Busy
40530,3,2,2912.7,Busy
40530,3,3,3030.6,Busy
40530,3,4,3073.2,Busy
40530,3,5,3154.5,Busy
40530,3,6,3180.1,Busy
40530,3,7,3115.0,Busy
40530,3,8,3147.1,Busy
40530,3,9,3420.6,Busy
40530,3,10,3548.6,Busy
40530,3,11,3461.4,Busy
40530,3,12,3269.1,Busy
40530,4,1,2691.5,Busy
40530,4,2,2908.4,Busy
40530,4,3,3039.0,Busy
40530,4,4,3081.7,Busy
40530,4,5,3162.9,Busy
40530,4,6,3188.6,Busy
40530,4,7,3134.1,Busy
40530,4,8,3166.2,Busy
40530,4,9,3435.7,Busy
40530,4,10,3556.9,Busy
40530,4,11,3469.7,Busy
40530,4,12,3283.4,Busy
40530,5,1,2007.6,Moderate
40530,5,2,2318.7,Moderate
40530,5,3,2411.8,Moderate
40530,5,4,2460.8,Moderate
40530,5,5,2548.6,Moderate
40530,5,6,2621.6,Moderate
40530,5,7,2567.1,Moderate
40530,5,8,2639.8,Moderate
40530,5,9,2817.2,Moderate
40530,5,10,2925.4,Moderate
40530,5,11,2797.1,Moderate
40530,5,12,2563.5,Moderate
40530,6,1,1409.9,Quiet
40530,6,2,1627.4,Quiet
40530,6,3,2251.7,Quiet
40530,6,4,1833.1,Quiet
40530,6,5,1864.7,Quiet
40530,6,6,2010.2,Quiet
40530,6,7,1956.8,Quiet
40530,6,8,2029.5,Quiet
40530,6,9,2052.2,Quiet
40530,6,10,2147.6,Quiet
40530,6,11,2019.3,Quiet
40530,6,12,1974.8,Quiet
40540,0,1,1903.7,Quiet
40540,0,2,2603.3,Quiet
40540,0,3,2532.8,Quiet
40540,0,4,2575.8,Quiet
40540,0,5,2739.8,Quiet
40540,0,6,3267.5,Quiet
40540,0,7,3081.3,Quiet
40540,0,8,3231.4,Quiet
40540,0,9,3345.7,Quiet
40540,0,10,3761.2,Quiet
40540,0,11,2888.6,Quiet
40540,0,12,2848.2,Quiet
40540,1,1,3268.0,Moderate
40540,1,2,4207.8,Moderate
40540,1,3,4289.0,Moderate
40540,1,4,4307.0,Moderate
40540,1,5,4433.6,Moderate
40540,1,6,4469.6,Moderate
40540,1,7,4291.8,Moderate
40540,1,8,4447.5,Moderate
40540,1,9,4920.0,Moderate
40540,1,10,5137.1,Moderate
40540,1,11,4999.5,Moderate
40540,1,12,4826.4,Moderate
40540,2,1,3761.9,Busy
40540,2,2,4535.9,Busy
40540,2,3,4707.1,Busy
40540,2,4,4809.3,Busy
40540,2,5,4935.8,Busy
40540,2,6,4962.3,Busy
40540,2,7,4784.5,Busy
40540,2,8,4940.2,Busy
40540,2,9,5463.3,Busy
40540,2,10,5680.2,Busy
40540,2,11,5535.2,Busy
40540,2,12,5317.5,Busy
40540,3,1,3919.5,Busy
40540,3,2,4560.9,Busy
40540,3,3,4738.8,Busy
40540,3,4,4858.6,Busy
40540,3,5,4985.1,Busy
40540,3,6,5011.5,Busy
40540,3,7,4833.8,Busy
40540,3,8,4985.4,Busy
40540,3,9,5559.7,Busy
40540,3,10,5776.6,Busy
40540,3,11,5631.5,Busy
40540,3,12,5374.8,Busy
40540,4,1,3979.1,Busy
40540,4,2,4575.0,Busy
40540,4,3,4752.9,Busy
40540,4,4,4872.6,Busy
40540,4,5,4999.2,Busy
40540,4,6,5025.6,Busy
40540,4,7,4858.5,Busy
40540,4,8,5010.0,Busy
40540,4,9,5548.8,Busy
40540,4,10,5746.8,Busy
40540,4,11,5601.7,Busy
40540,4,12,5329.0,Busy
40540,5,1,3692.1,Moderate
40540,5,2,4338.8,Moderate
40540,5,3,4522.7,Moderate
40540,5,4,4631.7,Moderate
40540,5,5,4764.9,Moderate
40540,5,6,4890.8,Moderate
40540,5,7,4758.8,Moderate
40540,5,8,4910.3,Moderate
40540,5,9,5384.7,Moderate
40540,5,10,5526.1,Moderate
40540,5,11,5298.0,Moderate
40540,5,12,4993.5,Moderate
40540,6,1,2948.6,Quiet
40540,6,2,3350.8,Quiet
40540,6,3,3888.2,Quiet
40540,6,4,3722.6,Quiet
40540,6,5,3856.9,Quiet
40540,6,6,4019.3,Quiet
40540,6,7,3913.3,Quiet
40540,6,8,4086.3,Quiet
40540,6,9,4448.4,Quiet
40540,6,10,4500.3,Quiet
40540,6,11,4246.8,Quiet
40540,6,12,4038.4,Quiet
40550,0,1,753.1,Quiet
40550,0,2,932.4,Quiet
40550,0,3,964.6,Quiet
40550,0,4,1029.3,Quiet
40550,0,5,1036.7,Quiet
40550,0,6,1153.2,Quiet
40550,0,7,1157.7,Quiet
40550,0,8,1205.6,Quiet
40550,0,9,1235.5,Quiet
40550,0,10,1374.0,Quiet
40550,0,11,1188.0,Quiet
40550,0,12,1131.5,Quiet
40550,1,1,1571.2,Moderate
40550,1,2,1839.8,Moderate
40550,1,3,1870.6,Moderate
40550,1,4,1956.7,Moderate
40550,1,5,2006.6,Moderate
40550,1,6,2069.8,Moderate
40550,1,7,2074.5,Moderate
40550,1,8,2122.3,Moderate
40550,1,9,2267.0,Moderate
40550,1,10,2358.1,Moderate
40550,1,11,2323.5,Moderate
40550,1,12,2218.3,Moderate
40550,2,1,1695.8,Busy
40550,2,2,2016.8,Busy
40550,2,3,2095.1,Busy
40550,2,4,2189.6,Busy
40550,2,5,2239.4,Busy
40550,2,6,2302.7,Busy
40550,2,7,2307.3,Busy
40550,2,8,2339.9,Busy
40550,2,9,2537.3,Busy
40550,2,10,2627.8,Busy
40550,2,11,2576.8,Busy
40550,2,12,2437.0,Busy
40550,3,1,1768.7,Busy
40550,3,2,2045.6,Busy
40550,3,3,2123.9,Busy
40550,3,4,2218.8,Busy
40550,3,5,2268.7,Busy
40550,3,6,2331.9,Busy
40550,3,7,2336.6,Busy
40550,3,8,2365.9,Busy
40550,3,9,2565.8,Busy
40550,3,10,2655.1,Busy
40550,3,11,2605.3,Busy
40550,3,12,2479.3,Busy
40550,4,1,1778.8,Busy
40550,4,2,2051.6,Busy
40550,4,3,2136.4,Busy
40550,4,4,2231.3,Busy
40550,4,5,2281.2,Busy
40550,4,6,2344.4,Busy
40550,4,7,2349.1,Busy
40550,4,8,2378.4,Busy
40550,4,9,2578.3,Busy
40550,4,10,2667.6,Busy
40550,4,11,2617.8,Busy
40550,4,12,2483.2,Busy
40550,5,1,1607.7,Moderate
40550,5,2,1868.1,Moderate
40550,5,3,1941.4,Moderate
40550,5,4,2035.7,Moderate
40550,5,5,2085.5,Moderate
40550,5,6,2169.5,Moderate
40550,5,7,2174.1,Moderate
40550,5,8,2213.7,Moderate
40550,5,9,2374.3,Moderate
40550,5,10,2460.3,Moderate
40550,5,11,2365.6,Moderate
40550,5,12,2196.0,Moderate
40550,6,1,951.9,Quiet
40550,6,2,1155.3,Quiet
40550,6,3,1325.5,Quiet
40550,6,4,1346.9,Quiet
40550,6,5,1377.1,Quiet
40550,6,6,1472.5,Quiet
40550,6,7,1477.8,Quiet
40550,6,8,1517.4,Quiet
40550,6,9,1599.4,Quiet
40550,6,10,1651.7,Quiet
40550,6,11,1537.9,Quiet
40550,6,12,1512.2,Quiet
40560,0,1,1164.0,Quiet
40560,0,2,1362.8,Quiet
40560,0,3,1468.1,Quiet
40560,0,4,1551.2,Quiet
40560,0,5,1701.0,Quiet
40560,0,6,2032.0,Quiet
40560,0,7,1891.3,Quiet
40560,0,8,2049.2,Quiet
40560,0,9,2217.6,Quiet
40560,0,10,3443.1,Quiet
40560,0,11,1952.8,Quiet
40560,0,12,1369.0,Quiet
40560,1,1,2991.8,Moderate
40560,1,2,3592.6,Moderate
40560,1,3,3401.0,Moderate
40560,1,4,3568.3,Moderate
40560,1,5,3613.8,Moderate
40560,1,6,3397.9,Moderate
40560,1,7,2916.1,Moderate
40560,1,8,3022.1,Moderate
40560,1,9,3871.0,Moderate
40560,1,10,4730.4,Moderate
40560,1,11,4167.1,Moderate
40560,1,12,3091.2,Moderate
40560,2,1,3367.2,Busy
40560,2,2,4076.2,Busy
40560,2,3,3917.2,Busy
40560,2,4,4107.5,Busy
40560,2,5,4149.7,Busy
40560,2,6,3901.3,Busy
40560,2,7,3419.4,Busy
40560,2,8,3480.9,Busy
40560,2,9,4467.7,Busy
40560,2,10,5248.2,Busy
40560,2,11,4655.7,Busy
40560,2,12,3477.8,Busy
40560,3,1,3640.4,Busy
40560,3,2,3938.4,Busy
40560,3,3,3870.2,Busy
40560,3,4,4065.4,Busy
40560,3,5,4110.8,Busy
40560,3,6,3873.4,Busy
40560,3,7,3568.4,Busy
40560,3,8,3585.6,Busy
40560,3,9,4721.2,Busy
40560,3,10,5157.3,Busy
40560,3,11,4595.7,Busy
40560,3,12,3431.5,Busy
40560,4,1,3699.2,Busy
40560,4,2,3924.8,Busy
40560,4,3,3869.3,Busy
40560,4,4,4064.5,Busy
40560,4,5,4109.9,Busy
40560,4,6,3886.1,Busy
40560,4,7,3613.9,Busy
40560,4,8,3616.6,Busy
40560,4,9,4735.2,Busy
40560,4,10,5098.5,Busy
40560,4,11,4532.0,Busy
40560,4,12,3406.9,Busy
40560,5,1,2282.1,Moderate
40560,5,2,2795.2,Moderate
40560,5,3,2818.8,Moderate
40560,5,4,2997.3,Moderate
40560,5,5,3070.7,Moderate
40560,5,6,3126.1,Moderate
40560,5,7,2954.3,Moderate
40560,5,8,3051.9,Moderate
40560,5,9,3771.9,Moderate
40560,5,10,4088.5,Moderate
40560,5,11,3422.4,Moderate
40560,5,12,2536.5,Moderate
40560,6,1,1542.8,Quiet
40560,6,2,1770.2,Quiet
40560,6,3,2661.6,Quiet
40560,6,4,2112.3,Quiet
40560,6,5,2193.0,Quiet
40560,6,6,2788.5,Quiet
40560,6,7,2697.9,Quiet
40560,6,8,2582.8,Quiet
40560,6,9,2945.4,Quiet
40560,6,10,3095.6,Quiet
40560,6,11,2424.2,Quiet
40560,6,12,2003.3,Quiet
40570,0,1,804.9,Quiet
40570,0,2,1041.1,Quiet
40570,0,3,1085.8,Quiet
40570,0,4,1067.9,Quiet
40570,0,5,1122.5,Quiet
40570,0,6,1528.8,Quiet
40570,0,7,1525.8,Quiet
40570,0,8,1631.0,Quiet
40570,0,9,1642.3,Quiet
40570,0,10,1870.8,Quiet
40570,0,11,1440.1,Quiet
40570,0,12,1431.3,Quiet
40570,1,1,1896.2,Moderate
40570,1,2,2171.4,Moderate
40570,1,3,2239.2,Moderate
40570,1,4,2266.9,Moderate
40570,1,5,2339.8,Moderate
40570,1,6,2509.6,Moderate
40570,1,7,2503.2,Moderate
40570,1,8,2588.6,Moderate
40570,1,9,2731.4,Moderate
40570,1,10,2842.6,Moderate
40570,1,11,2751.3,Moderate
40570,1,12,2655.9,Moderate
40570,2,1,2172.9,Busy
40570,2,2,2548.6,Busy
40570,2,3,2670.5,Busy
40570,2,4,2698.2,Busy
40570,2,5,2771.1,Busy
40570,2,6,2879.5,Busy
40570,2,7,2870.1,Busy
40570,2,8,2940.3,Busy
40570,2,9,3221.3,Busy
40570,2,10,3315.6,Busy
40570,2,11,3215.1,Busy
40570,2,12,3104.8,Busy
40570,3,1,2310.0,Busy
40570,3,2,2586.2,Busy
40570,3,3,2710.0,Busy
40570,3,4,2759.7,Busy
40570,3,5,2832.6,Busy
40570,3,6,2941.0,Busy
40570,3,7,2942.6,Busy
40570,3,8,2997.8,Busy
40570,3,9,3304.6,Busy
40570,3,10,3392.5,Busy
40570,3,11,3290.2,Busy
40570,3,12,3141.1,Busy
40570,4,1,2388.9,Busy
40570,4,2,2596.8,Busy
40570,4,3,2738.6,Busy
40570,4,4,2797.7,Busy
40570,4,5,2870.6,Busy
40570,4,6,3012.9,Busy
40570,4,7,3028.6,Busy
40570,4,8,3069.7,Busy
40570,4,9,3368.4,Busy
40570,4,10,3455.2,Busy
40570,4,11,3324.0,Busy
40570,4,12,3156.2,Busy
40570,5,1,1914.0,Moderate
40570,5,2,2251.9,Moderate
40570,5,3,2366.0,Moderate
40570,5,4,2424.4,Moderate
40570,5,5,2497.3,Moderate
40570,5,6,2718.0,Moderate
40570,5,7,2750.0,Moderate
40570,5,8,2802.4,Moderate
40570,5,9,2986.9,Moderate
40570,5,10,3064.0,Moderate
40570,5,11,2903.9,Moderate
40570,5,12,2713.7,Moderate
40570,6,1,1335.5,Quiet
40570,6,2,1587.8,Quiet
40570,6,3,2038.0,Quiet
40570,6,4,1678.7,Quiet
40570,6,5,1693.3,Quiet
40570,6,6,2164.1,Quiet
40570,6,7,2196.7,Quiet
40570,6,8,2228.8,Quiet
40570,6,9,2284.9,Quiet
40570,6,10,2285.1,Quiet
40570,6,11,2099.0,Quiet
40570,6,12,2068.6,Quiet
40580,0,1,444.6,Quiet
40580,0,2,570.5,Quiet
40580,0,3,598.8,Quiet
40580,0,4,621.8,Quiet
40580,0,5,646.2,Quiet
40580,0,6,751.1,Quiet
40580,0,7,740.7,Quiet
40580,0,8,764.8,Quiet
40580,0,9,790.6,Quiet
40580,0,10,807.0,Quiet
40580,0,11,714.9,Quiet
40580,0,12,655.5,Quiet
40580,1,1,1121.6,Moderate
40580,1,2,1289.3,Moderate
40580,1,3,1307.0,Moderate
40580,1,4,1330.0,Moderate
40580,1,5,1372.0,Moderate
40580,1,6,1423.1,Moderate
40580,1,7,1410.6,Moderate
40580,1,8,1434.7,Moderate
40580,1,9,1552.8,Moderate
40580,1,10,1589.7,Moderate
40580,1,11,1520.0,Moderate
40580,1,12,1409.8,Moderate
40580,2,1,1235.9,Busy
40580,2,2,1427.5,Busy
40580,2,3,1445.2,Busy
40580,2,4,1476.5,Busy
40580,2,5,1518.6,Busy
40580,2,6,1569.7,Busy
40580,2,7,1557.1,Busy
40580,2,8,1581.2,Busy
40580,2,9,1732.8,Busy
40580,2,10,1765.9,Busy
40580,2,11,1687.1,Busy
40580,2,12,1555.5,Busy
40580,3,1,1269.2,Busy
40580,3,2,1434.8,Busy
40580,3,3,1454.6,Busy
40580,3,4,1486.3,Busy
40580,3,5,1528.3,Busy
40580,3,6,1579.4,Busy
40580,3,7,1563.7,Busy
40580,3,8,1591.9,Busy
40580,3,9,1754.9,Busy
40580,3,10,1785.8,Busy
40580,3,11,1704.4,Busy
40580,3,12,1559.8,Busy
40580,4,1,1267.0,Busy
40580,4,2,1424.8,Busy
40580,4,3,1451.5,Busy
40580,4,4,1483.2,Busy
40580,4,5,1525.2,Busy
40580,4,6,1576.2,Busy
40580,4,7,1561.9,Busy
40580,4,8,1590.1,Busy
40580,4,9,1753.1,Busy
40580,4,10,1782.3,Busy
40580,4,11,1701.1,Busy
40580,4,12,1555.7,Busy
40580,5,1,1162.6,Moderate
40580,5,2,1339.0,Moderate
40580,5,3,1367.1,Moderate
40580,5,4,1408.9,Moderate
40580,5,5,1450.9,Moderate
40580,5,6,1515.6,Moderate
40580,5,7,1505.1,Moderate
40580,5,8,1534.4,Moderate
40580,5,9,1674.7,Moderate
40580,5,10,1699.6,Moderate
40580,5,11,1599.7,Moderate
40580,5,12,1445.4,Moderate
40580,6,1,634.9,Quiet
40580,6,2,770.0,Quiet
40580,6,3,930.0,Quiet
40580,6,4,859.6,Quiet
40580,6,5,909.0,Quiet
40580,6,6,988.7,Quiet
40580,6,7,979.6,Quiet
40580,6,8,1008.8,Quiet
40580,6,9,1073.8,Quiet
40580,6,10,1067.5,Quiet
40580,6,11,967.6,Quiet
40580,6,12,881.0,Quiet
40590,0,1,1237.3,Quiet
40590,0,2,1488.1,Quiet
40590,0,3,1645.6,Quiet
40590,0,4,1683.8,Quiet
40590,0,5,1861.8,Quiet
40590,0,6,2346.7,Quiet
40590,0,7,2398.0,Quiet
40590,0,8,2518.1,Quiet
40590,0,9,2417.2,Quiet
40590,0,10,2799.4,Quiet
40590,0,11,2017.8,Quiet
40590,0,12,1897.5,Quiet
40590,1,1,2090.3,Moderate
40590,1,2,2433.6,Moderate
40590,1,3,2561.8,Quiet
40590,1,4,2629.1,Moderate
40590,1,5,2741.3,Moderate
40590,1,6,2983.0,Quiet
40590,1,7,3034.6,Quiet
40590,1,8,3120.9,Quiet
40590,1,9,3188.6,Quiet
40590,1,10,3278.8,Moderate
40590,1,11,3182.0,Moderate
40590,1,12,3014.3,Moderate
40590,2,1,2405.8,Busy
40590,2,2,2824.5,Busy
40590,2,3,2998.7,Busy
40590,2,4,3066.1,Busy
40590,2,5,3178.3,Busy
40590,2,6,3390.4,Moderate
40590,2,7,3439.0,Moderate
40590,2,8,3510.1,Moderate
40590,2,9,3602.9,Moderate
40590,2,10,3696.7,Busy
40590,2,11,3605.7,Busy
40590,2,12,3405.4,Busy
40590,3,1,2486.7,Busy
40590,3,2,2875.1,Busy
40590,3,3,3058.8,Busy
40590,3,4,3140.6,Busy
40590,3,5,3252.8,Busy
40590,3,6,3464.9,Busy
40590,3,7,3513.5,Busy
40590,3,8,3574.4,Busy
40590,3,9,3688.1,Busy
40590,3,10,3774.5,Busy
40590,3,11,3682.9,Busy
40590,3,12,3435.3,Busy
40590,4,1,2534.5,Busy
40590,4,2,2903.7,Busy
40590,4,3,3099.1,Busy
40590,4,4,3190.3,Busy
40590,4,5,3302.5,Busy
40590,4,6,3548.2,Busy
40590,4,7,3610.9,Busy
40590,4,8,3657.7,Busy
40590,4,9,3763.3,Busy
40590,4,10,3848.5,Busy
40590,4,11,3728.4,Busy
40590,4,12,3459.9,Busy
40590,5,1,2258.1,Moderate
40590,5,2,2672.2,Moderate
40590,5,3,2893.4,Moderate
40590,5,4,2984.6,Moderate
40590,5,5,3096.8,Moderate
40590,5,6,3412.7,Busy
40590,5,7,3513.1,Busy
40590,5,8,3571.2,Busy
40590,5,9,3634.3,Busy
40590,5,10,3695.8,Moderate
40590,5,11,3556.4,Moderate
40590,5,12,3294.5,Moderate
40590,6,1,1904.2,Quiet
40590,6,2,2120.4,Quiet
40590,6,3,2985.8,Moderate
40590,6,4,2559.1,Quiet
40590,6,5,2635.9,Quiet
40590,6,6,3097.9,Moderate
40590,6,7,3227.4,Moderate
40590,6,8,3288.9,Moderate
40590,6,9,3216.5,Moderate
40590,6,10,3234.5,Quiet
40590,6,11,3016.0,Quiet
40590,6,12,2951.1,Quiet
40600,0,1,69.7,Quiet
40600,0,2,113.0,Quiet
40600,0,3,120.0,Quiet
40600,0,4,121.6,Quiet
40600,0,5,138.5,Quiet
40600,0,6,151.8,Quiet
40600,0,7,143.6,Quiet
40600,0,8,141.0,Quiet
40600,0,9,151.1,Quiet
40600,0,10,167.0,Quiet
40600,0,11,143.0,Quiet
40600,0,12,132.8,Quiet
40600,1,1,195.4,Moderate
40600,1,2,228.4,Moderate
40600,1,3,235.5,Moderate
40600,1,4,237.0,Moderate
40600,1,5,245.4,Moderate
40600,1,6,257.7,Moderate
40600,1,7,248.2,Moderate
40600,1,8,245.5,Moderate
40600,1,9,262.9,Moderate
40600,1,10,295.1,Moderate
40600,1,11,291.4,Moderate
40600,1,12,281.3,Moderate
40600,2,1,233.6,Busy
40600,2,2,256.1,Busy
40600,2,3,263.1,Busy
40600,2,4,264.7,Busy
40600,2,5,269.9,Moderate
40600,2,6,282.2,Moderate
40600,2,7,272.6,Moderate
40600,2,8,270.0,Moderate
40600,2,9,288.0,Moderate
40600,2,10,323.8,Moderate
40600,2,11,316.5,Busy
40600,2,12,302.7,Busy
40600,3,1,250.8,Busy
40600,3,2,261.3,Busy
40600,3,3,268.3,Busy
40600,3,4,270.3,Busy
40600,3,5,278.7,Busy
40600,3,6,291.0,Busy
40600,3,7,281.4,Busy
40600,3,8,279.6,Busy
40600,3,9,295.4,Busy
40600,3,10,331.3,Busy
40600,3,11,324.0,Busy
40600,3,12,312.6,Busy
40600,4,1,246.0,Busy
40600,4,2,258.1,Busy
40600,4,3,265.9,Busy
40600,4,4,267.9,Busy
40600,4,5,276.2,Busy
40600,4,6,288.5,Busy
40600,4,7,280.4,Busy
40600,4,8,278.6,Busy
40600,4,9,294.4,Busy
40600,4,10,328.6,Busy
40600,4,11,321.3,Busy
40600,4,12,309.2,Busy
40600,5,1,200.2,Moderate
40600,5,2,242.5,Moderate
40600,5,3,262.4,Moderate
40600,5,4,263.8,Moderate
40600,5,5,272.1,Busy
40600,5,6,285.9,Busy
40600,5,7,277.8,Busy
40600,5,8,276.0,Busy
40600,5,9,291.8,Busy
40600,5,10,324.6,Busy
40600,5,11,304.7,Moderate
40600,5,12,277.0,Moderate
40600,6,1,90.0,Quiet
40600,6,2,112.8,Quiet
40600,6,3,211.0,Quiet
40600,6,4,151.0,Quiet
40600,6,5,166.7,Quiet
40600,6,6,185.9,Quiet
40600,6,7,177.8,Quiet
40600,6,8,176.0,Quiet
40600,6,9,190.3,Quiet
40600,6,10,216.5,Quiet
40600,6,11,196.5,Quiet
40600,6,12,172.8,Quiet
40610,0,1,122.1,Quiet
40610,0,2,176.9,Quiet
40610,0,3,191.3,Quiet
40610,0,4,205.7,Quiet
40610,0,5,236.4,Quiet
40610,0,6,269.2,Quiet
40610,0,7,275.7,Quiet
40610,0,8,282.9,Quiet
40610,0,9,276.9,Quiet
40610,0,10,284.2,Quiet
40610,0,11,237.9,Quiet
40610,0,12,216.9,Quiet
40610,1,1,456.4,Moderate
40610,1,2,527.1,Moderate
40610,1,3,536.2,Moderate
40610,1,4,550.7,Moderate
40610,1,5,572.9,Moderate
40610,1,6,597.3,Moderate
40610,1,7,601.0,Moderate
40610,1,8,608.2,Moderate
40610,1,9,623.8,Moderate
40610,1,10,664.1,Moderate
40610,1,11,645.7,Moderate
40610,1,12,624.7,Moderate
40610,2,1,540.5,Busy
40610,2,2,606.9,Busy
40610,2,3,615.9,Busy
40610,2,4,630.4,Busy
40610,2,5,652.6,Busy
40610,2,6,677.1,Busy
40610,2,7,680.8,Busy
40610,2,8,688.0,Busy
40610,2,9,726.4,Busy
40610,2,10,757.8,Busy
40610,2,11,733.1,Busy
40610,2,12,699.1,Busy
40610,3,1,604.9,Busy
40610,3,2,622.0,Busy
40610,3,3,634.9,Busy
40610,3,4,649.8,Busy
40610,3,5,672.0,Busy
40610,3,6,696.5,Busy
40610,3,7,700.2,Busy
40610,3,8,708.2,Busy
40610,3,9,756.6,Busy
40610,3,10,784.2,Busy
40610,3,11,759.6,Busy
40610,3,12,720.2,Busy
40610,4,1,604.1,Busy
40610,4,2,614.3,Busy
40610,4,3,628.0,Busy
40610,4,4,642.9,Busy
40610,4,5,665.1,Busy
40610,4,6,689.5,Busy
40610,4,7,694.7,Busy
40610,4,8,702.7,Busy
40610,4,9,751.1,Busy
40610,4,10,777.0,Busy
40610,4,11,752.4,Busy
40610,4,12,712.3,Busy
40610,5,1,430.2,Moderate
40610,5,2,500.9,Moderate
40610,5,3,528.4,Moderate
40610,5,4,532.6,Moderate
40610,5,5,554.8,Moderate
40610,5,6,586.6,Moderate
40610,5,7,591.7,Moderate
40610,5,8,599.7,Moderate
40610,5,9,633.4,Moderate
40610,5,10,657.4,Moderate
40610,5,11,618.5,Moderate
40610,5,12,574.6,Moderate
40610,6,1,187.2,Quiet
40610,6,2,221.7,Quiet
40610,6,3,405.3,Quiet
40610,6,4,274.0,Quiet
40610,6,5,303.5,Quiet
40610,6,6,348.7,Quiet
40610,6,7,355.2,Quiet
40610,6,8,363.2,Quiet
40610,6,9,359.9,Quiet
40610,6,10,357.6,Quiet
40610,6,11,318.7,Quiet
40610,6,12,303.5,Quiet
40630,0,1,2086.2,Quiet
40630,0,2,2473.6,Quiet
40630,0,3,2577.0,Quiet
40630,0,4,2613.9,Quiet
40630,0,5,2923.1,Quiet
40630,0,6,3354.5,Quiet
40630,0,7,3214.7,Quiet
40630,0,8,3464.6,Quiet
40630,0,9,3446.2,Quiet
40630,0,10,4075.7,Quiet
40630,0,11,3006.1,Quiet
40630,0,12,2909.6,Quiet
40630,1,1,3152.1,Moderate
40630,1,2,3551.8,Moderate
40630,1,3,3623.4,Quiet
40630,1,4,3653.9,Quiet
40630,1,5,3956.3,Quiet
40630,1,6,4030.5,Quiet
40630,1,7,3970.4,Quiet
40630,1,8,4167.5,Quiet
40630,1,9,4250.0,Quiet
40630,1,10,4374.8,Quiet
40630,1,11,4197.3,Quiet
40630,1,12,4091.9,Quiet
40630,2,1,3523.0,Busy
40630,2,2,3873.4,Busy
40630,2,3,4030.2,Moderate
40630,2,4,4144.9,Moderate
40630,2,5,4447.3,Moderate
40630,2,6,4560.9,Moderate
40630,2,7,4451.8,Moderate
40630,2,8,4648.9,Moderate
40630,2,9,4754.8,Moderate
40630,2,10,4882.1,Moderate
40630,2,11,4703.8,Busy
40630,2,12,4631.5,Busy
40630,3,1,3719.1,Busy
40630,3,2,3942.8,Busy
40630,3,3,4131.5,Busy
40630,3,4,4265.2,Busy
40630,3,5,4567.6,Busy
40630,3,6,4681.2,Moderate
40630,3,7,4568.9,Moderate
40630,3,8,4765.2,Moderate
40630,3,9,4901.8,Busy
40630,3,10,5015.1,Busy
40630,3,11,4840.3,Busy
40630,3,12,4716.9,Busy
40630,4,1,3770.0,Busy
40630,4,2,3965.2,Busy
40630,4,3,4159.1,Busy
40630,4,4,4302.1,Busy
40630,4,5,4604.5,Busy
40630,4,6,4747.0,Busy
40630,4,7,4646.0,Busy
40630,4,8,4846.5,Busy
40630,4,9,4966.1,Busy
40630,4,10,5072.6,Busy
40630,4,11,4868.9,Busy
40630,4,12,4749.7,Busy
40630,5,1,3454.4,Moderate
40630,5,2,3820.9,Moderate
40630,5,3,4053.7,Moderate
40630,5,4,4199.2,Busy
40630,5,5,4516.2,Busy
40630,5,6,4745.3,Busy
40630,5,7,4644.4,Busy
40630,5,8,4897.2,Busy
40630,5,9,4918.6,Busy
40630,5,10,4961.6,Busy
40630,5,11,4647.4,Moderate
40630,5,12,4531.1,Moderate
40630,6,1,2869.1,Quiet
40630,6,2,3220.0,Quiet
40630,6,3,4413.1,Busy
40630,6,4,3822.0,Moderate
40630,6,5,4171.3,Moderate
40630,6,6,4822.4,Busy
40630,6,7,4612.7,Busy
40630,6,8,4913.4,Busy
40630,6,9,4737.2,Moderate
40630,6,10,4662.5,Moderate
40630,6,11,4333.7,Moderate
40630,6,12,4387.7,Moderate
40650,0,1,1413.5,Quiet
40650,0,2,1689.5,Quiet
40650,0,3,1708.3,Quiet
40650,0,4,1726.1,Quiet
40650,0,5,1881.7,Quiet
40650,0,6,2106.5,Quiet
40650,0,7,2025.1,Quiet
40650,0,8,2182.7,Quiet
40650,0,9,2221.8,Quiet
40650,0,10,2675.9,Quiet
40650,0,11,2104.1,Quiet
40650,0,12,2022.6,Quiet
40650,1,1,2033.4,Moderate
40650,1,2,2314.0,Moderate
40650,1,3,2374.4,Quiet
40650,1,4,2426.0,Quiet
40650,1,5,2524.1,Quiet
40650,1,6,2656.5,Quiet
40650,1,7,2602.4,Quiet
40650,1,8,2692.8,Quiet
40650,1,9,2836.2,Quiet
40650,1,10,2928.2,Quiet
40650,1,11,2832.2,Quiet
40650,1,12,2721.4,Quiet
40650,2,1,2284.0,Busy
40650,2,2,2564.8,Busy
40650,2,3,2661.8,Moderate
40650,2,4,2713.4,Moderate
40650,2,5,2808.2,Moderate
40650,2,6,2908.1,Moderate
40650,2,7,2854.0,Moderate
40650,2,8,2929.1,Moderate
40650,2,9,3149.7,Moderate
40650,2,10,3237.0,Moderate
40650,2,11,3134.8,Moderate
40650,2,12,2963.5,Moderate
40650,3,1,2355.9,Busy
40650,3,2,2569.0,Busy
40650,3,3,2666.1,Moderate
40650,3,4,2723.2,Busy
40650,3,5,2821.3,Busy
40650,3,6,2921.1,Busy
40650,3,7,2867.1,Busy
40650,3,8,2943.0,Busy
40650,3,9,3169.3,Busy
40650,3,10,3255.3,Busy
40650,3,11,3154.4,Busy
40650,3,12,2977.6,Busy
40650,4,1,2398.4,Busy
40650,4,2,2579.0,Busy
40650,4,3,2687.8,Busy
40650,4,4,2754.3,Busy
40650,4,5,2852.4,Busy
40650,4,6,2957.2,Busy
40650,4,7,2903.2,Busy
40650,4,8,2979.2,Busy
40650,4,9,3197.3,Busy
40650,4,10,3282.2,Busy
40650,4,11,3181.3,Busy
40650,4,12,2985.5,Busy
40650,5,1,2224.5,Moderate
40650,5,2,2525.6,Moderate
40650,5,3,2675.4,Busy
40650,5,4,2741.9,Busy
40650,5,5,2846.6,Busy
40650,5,6,2994.1,Busy
40650,5,7,2948.7,Busy
40650,5,8,3034.9,Busy
40650,5,9,3220.5,Busy
40650,5,10,3302.2,Busy
40650,5,11,3188.7,Busy
40650,5,12,2989.1,Busy
40650,6,1,2023.4,Quiet
40650,6,2,2279.9,Quiet
40650,6,3,2766.7,Busy
40650,6,4,2521.9,Moderate
40650,6,5,2635.9,Moderate
40650,6,6,2878.0,Moderate
40650,6,7,2839.0,Moderate
40650,6,8,2925.2,Moderate
40650,6,9,3005.1,Moderate
40650,6,10,3077.4,Moderate
40650,6,11,2925.6,Moderate
40650,6,12,2871.8,Moderate
40660,0,1,731.9,Quiet
40660,0,2,973.4,Quiet
40660,0,3,1022.9,Quiet
40660,0,4,1045.8,Quiet
40660,0,5,1086.7,Quiet
40660,0,6,1218.8,Quiet
40660,0,7,1154.9,Quiet
40660,0,8,1262.1,Quiet
40660,0,9,1284.7,Quiet
40660,0,10,1499.4,Quiet
40660,0,11,1169.6,Quiet
40660,0,12,1121.5,Quiet
40660,1,1,1879.8,Moderate
40660,1,2,2081.0,Moderate
40660,1,3,2100.5,Moderate
40660,1,4,2150.2,Moderate
40660,1,5,2242.0,Moderate
40660,1,6,2209.3,Moderate
40660,1,7,2076.2,Moderate
40660,1,8,2169.4,Moderate
40660,1,9,2377.4,Moderate
40660,1,10,2497.7,Moderate
40660,1,11,2447.9,Moderate
40660,1,12,2354.8,Moderate
40660,2,1,2134.0,Busy
40660,2,2,2467.7,Busy
40660,2,3,2541.2,Busy
40660,2,4,2590.9,Busy
40660,2,5,2682.6,Busy
40660,2,6,2585.6,Busy
40660,2,7,2452.5,Busy
40660,2,8,2501.1,Busy
40660,2,9,2847.4,Busy
40660,2,10,2957.1,Busy
40660,2,11,2897.2,Busy
40660,2,12,2777.9,Busy
40660,3,1,2307.9,Busy
40660,3,2,2503.7,Busy
40660,3,3,2579.2,Busy
40660,3,4,2636.8,Busy
40660,3,5,2728.6,Busy
40660,3,6,2636.2,Busy
40660,3,7,2495.3,Busy
40660,3,8,2523.6,Busy
40660,3,9,2920.0,Busy
40660,3,10,3021.1,Busy
40660,3,11,2959.3,Busy
40660,3,12,2853.5,Busy
40660,4,1,2367.8,Busy
40660,4,2,2515.3,Busy
40660,4,3,2602.5,Busy
40660,4,4,2669.5,Busy
40660,4,5,2761.3,Busy
40660,4,6,2673.9,Busy
40660,4,7,2533.1,Busy
40660,4,8,2561.4,Busy
40660,4,9,2949.7,Busy
40660,4,10,3041.7,Busy
40660,4,11,2980.0,Busy
40660,4,12,2870.9,Busy
40660,5,1,1817.9,Moderate
40660,5,2,2098.9,Moderate
40660,5,3,2208.3,Moderate
40660,5,4,2274.6,Moderate
40660,5,5,2380.9,Moderate
40660,5,6,2346.0,Moderate
40660,5,7,2241.1,Moderate
40660,5,8,2310.0,Moderate
40660,5,9,2524.3,Moderate
40660,5,10,2598.3,Moderate
40660,5,11,2453.8,Moderate
40660,5,12,2335.8,Moderate
40660,6,1,1284.0,Quiet
40660,6,2,1489.6,Quiet
40660,6,3,1951.7,Quiet
40660,6,4,1776.1,Quiet
40660,6,5,1873.8,Quiet
40660,6,6,1887.0,Quiet
40660,6,7,1781.0,Quiet
40660,6,8,1849.9,Quiet
40660,6,9,1978.7,Quiet
40660,6,10,2025.6,Quiet
40660,6,11,1865.2,Quiet
40660,6,12,1847.8,Quiet
40670,0,1,837.2,Quiet
40670,0,2,1068.7,Quiet
40670,0,3,1126.8,Quiet
40670,0,4,1124.8,Quiet
40670,0,5,1233.0,Quiet
40670,0,6,1508.3,Quiet
40670,0,7,1475.0,Quiet
40670,0,8,1558.4,Quiet
40670,0,9,1540.3,Quiet
40670,0,10,1722.2,Quiet
40670,0,11,1480.2,Quiet
40670,0,12,1438.6,Quiet
40670,1,1,1927.5,Moderate
40670,1,2,2190.9,Moderate
40670,1,3,2290.8,Moderate
40670,1,4,2334.1,Moderate
40670,1,5,2410.5,Moderate
40670,1,6,2556.5,Moderate
40670,1,7,2529.5,Moderate
40670,1,8,2612.9,Moderate
40670,1,9,2750.8,Moderate
40670,1,10,2871.2,Moderate
40670,1,11,2806.6,Moderate
40670,1,12,2669.6,Moderate
40670,2,1,2244.9,Busy
40670,2,2,2641.8,Busy
40670,2,3,2795.7,Busy
40670,2,4,2839.0,Busy
40670,2,5,2915.4,Busy
40670,2,6,3028.9,Busy
40670,2,7,3001.8,Busy
40670,2,8,3040.7,Busy
40670,2,9,3293.6,Busy
40670,2,10,3420.1,Busy
40670,2,11,3349.0,Busy
40670,2,12,3190.7,Busy
40670,3,1,2322.0,Busy
40670,3,2,2680.4,Busy
40670,3,3,2836.3,Busy
40670,3,4,2887.5,Busy
40670,3,5,2963.9,Busy
40670,3,6,3077.4,Busy
40670,3,7,3050.3,Busy
40670,3,8,3088.1,Busy
40670,3,9,3360.5,Busy
40670,3,10,3483.4,Busy
40670,3,11,3413.5,Busy
40670,3,12,3258.4,Busy
40670,4,1,2354.1,Busy
40670,4,2,2704.2,Busy
40670,4,3,2860.9,Busy
40670,4,4,2912.1,Busy
40670,4,5,2988.5,Busy
40670,4,6,3101.9,Busy
40670,4,7,3074.9,Busy
40670,4,8,3112.7,Busy
40670,4,9,3377.0,Busy
40670,4,10,3499.9,Busy
40670,4,11,3430.0,Busy
40670,4,12,3272.3,Busy
40670,5,1,1925.8,Moderate
40670,5,2,2288.2,Moderate
40670,5,3,2401.3,Moderate
40670,5,4,2454.4,Moderate
40670,5,5,2530.8,Moderate
40670,5,6,2678.1,Moderate
40670,5,7,2654.9,Moderate
40670,5,8,2733.2,Moderate
40670,5,9,2880.4,Moderate
40670,5,10,2973.2,Moderate
40670,5,11,2862.0,Moderate
40670,5,12,2659.8,Moderate
40670,6,1,1258.7,Quiet
40670,6,2,1535.4,Quiet
40670,6,3,1896.1,Quiet
40670,6,4,1722.8,Quiet
40670,6,5,1779.5,Quiet
40670,6,6,2018.2,Quiet
40670,6,7,1995.5,Quiet
40670,6,8,2069.2,Quiet
40670,6,9,2108.6,Quiet
40670,6,10,2156.8,Quiet
40670,6,11,2045.7,Quiet
40670,6,12,1959.8,Quiet
40680,0,1,905.2,Quiet
40680,0,2,1286.5,Quiet
40680,0,3,1528.9,Quiet
40680,0,4,1550.1,Quiet
40680,0,5,1763.0,Quiet
40680,0,6,2135.0,Quiet
40680,0,7,2047.6,Quiet
40680,0,8,2250.0,Quiet
40680,0,9,2355.0,Quiet
40680,0,10,3505.8,Quiet
40680,0,11,2078.1,Quiet
40680,0,12,1543.9,Quiet
40680,1,1,2883.8,Moderate
40680,1,2,3670.5,Moderate
40680,1,3,3687.8,Moderate
40680,1,4,3773.7,Moderate
40680,1,5,3888.8,Moderate
40680,1,6,3655.3,Moderate
40680,1,7,3408.4,Moderate
40680,1,8,3509.1,Moderate
40680,1,9,4223.7,Moderate
40680,1,10,4754.5,Moderate
40680,1,11,4368.4,Moderate
40680,1,12,3576.2,Moderate
40680,2,1,3079.8,Busy
40680,2,2,3974.0,Busy
40680,2,3,4086.1,Busy
40680,2,4,4172.0,Busy
40680,2,5,4273.4,Busy
40680,2,6,4071.7,Busy
40680,2,7,3824.8,Busy
40680,2,8,3925.5,Busy
40680,2,9,4711.3,Busy
40680,2,10,5216.7,Busy
40680,2,11,4765.0,Busy
40680,2,12,3981.5,Busy
40680,3,1,3211.7,Busy
40680,3,2,3973.9,Busy
40680,3,3,4109.1,Busy
40680,3,4,4239.6,Busy
40680,3,5,4354.6,Busy
40680,3,6,4152.9,Busy
40680,3,7,3917.0,Busy
40680,3,8,3943.3,Busy
40680,3,9,4860.4,Busy
40680,3,10,5358.4,Busy
40680,3,11,4903.5,Busy
40680,3,12,3998.2,Busy
40680,4,1,3303.1,Busy
40680,4,2,4034.6,Busy
40680,4,3,4198.0,Busy
40680,4,4,4337.9,Busy
40680,4,5,4453.0,Busy
40680,4,6,4270.0,Busy
40680,4,7,4073.0,Busy
40680,4,8,4108.7,Busy
40680,4,9,4949.0,Busy
40680,4,10,5471.8,Busy
40680,4,11,4955.3,Busy
40680,4,12,4032.1,Busy
40680,5,1,2352.1,Moderate
40680,5,2,2974.8,Moderate
40680,5,3,3245.6,Moderate
40680,5,4,3391.3,Moderate
40680,5,5,3526.3,Moderate
40680,5,6,3527.8,Moderate
40680,5,7,3442.3,Moderate
40680,5,8,3551.8,Moderate
40680,5,9,4160.5,Moderate
40680,5,10,4593.6,Moderate
40680,5,11,3982.0,Moderate
40680,5,12,3141.9,Moderate
40680,6,1,1347.8,Quiet
40680,6,2,1710.3,Quiet
40680,6,3,2388.9,Quiet
40680,6,4,2068.1,Quiet
40680,6,5,2266.4,Quiet
40680,6,6,2562.3,Quiet
40680,6,7,2531.8,Quiet
40680,6,8,2559.7,Quiet
40680,6,9,2851.5,Quiet
40680,6,10,3103.9,Quiet
40680,6,11,2595.1,Quiet
40680,6,12,2043.3,Quiet
40690,0,1,145.2,Quiet
40690,0,2,231.7,Quiet
40690,0,3,243.3,Quiet
40690,0,4,245.2,Quiet
40690,0,5,273.5,Quiet
40690,0,6,308.8,Quiet
40690,0,7,317.2,Quiet
40690,0,8,316.4,Quiet
40690,0,9,313.9,Quiet
40690,0,10,363.4,Quiet
40690,0,11,267.0,Quiet
40690,0,12,242.1,Quiet
40690,1,1,305.6,Moderate
40690,1,2,358.7,Moderate
40690,1,3,370.3,Quiet
40690,1,4,372.2,Moderate
40690,1,5,392.1,Moderate
40690,1,6,406.2,Moderate
40690,1,7,414.6,Moderate
40690,1,8,413.8,Moderate
40690,1,9,416.3,Moderate
40690,1,10,438.8,Moderate
40690,1,11,416.3,Moderate
40690,1,12,391.4,Moderate
40690,2,1,346.6,Busy
40690,2,2,387.4,Busy
40690,2,3,398.9,Moderate
40690,2,4,400.8,Moderate
40690,2,5,417.5,Moderate
40690,2,6,431.6,Moderate
40690,2,7,440.0,Moderate
40690,2,8,439.2,Moderate
40690,2,9,450.6,Moderate
40690,2,10,468.4,Moderate
40690,2,11,449.1,Busy
40690,2,12,420.5,Busy
40690,3,1,364.0,Busy
40690,3,2,389.1,Busy
40690,3,3,400.6,Busy
40690,3,4,402.9,Busy
40690,3,5,422.8,Busy
40690,3,6,437.0,Busy
40690,3,7,445.4,Busy
40690,3,8,445.4,Busy
40690,3,9,454.7,Busy
40690,3,10,472.4,Busy
40690,3,11,453.1,Busy
40690,3,12,427.0,Busy
40690,4,1,366.8,Busy
40690,4,2,390.3,Busy
40690,4,3,402.6,Busy
40690,4,4,404.9,Busy
40690,4,5,424.8,Busy
40690,4,6,438.9,Busy
40690,4,7,447.3,Busy
40690,4,8,447.4,Busy
40690,4,9,456.6,Busy
40690,4,10,474.4,Busy
40690,4,11,455.1,Busy
40690,4,12,428.2,Busy
40690,5,1,331.0,Moderate
40690,5,2,380.8,Moderate
40690,5,3,392.8,Moderate
40690,5,4,405.2,Busy
40690,5,5,425.1,Busy
40690,5,6,440.7,Busy
40690,5,7,449.1,Busy
40690,5,8,449.2,Busy
40690,5,9,458.4,Busy
40690,5,10,474.8,Busy
40690,5,11,441.2,Moderate
40690,5,12,398.7,Moderate
40690,6,1,261.6,Quiet
40690,6,2,306.4,Quiet
40690,6,3,424.8,Busy
40690,6,4,345.3,Quiet
40690,6,5,372.5,Quiet
40690,6,6,393.6,Quiet
40690,6,7,400.9,Quiet
40690,6,8,401.0,Quiet
40690,6,9,408.7,Quiet
40690,6,10,424.0,Quiet
40690,6,11,390.4,Quiet
40690,6,12,368.4,Quiet
40700,0,1,194.8,Quiet
40700,0,2,262.2,Quiet
40700,0,3,274.0,Quiet
40700,0,4,284.3,Quiet
40700,0,5,313.3,Quiet
40700,0,6,332.6,Quiet
40700,0,7,322.4,Quiet
40700,0,8,335.4,Quiet
40700,0,9,350.4,Quiet
40700,0,10,356.7,Quiet
40700,0,11,325.5,Quiet
40700,0,12,301.2,Quiet
40700,1,1,465.0,Moderate
40700,1,2,538.2,Moderate
40700,1,3,548.7,Moderate
40700,1,4,555.2,Moderate
40700,1,5,575.7,Moderate
40700,1,6,586.8,Moderate
40700,1,7,573.7,Moderate
40700,1,8,586.8,Moderate
40700,1,9,613.1,Moderate
40700,1,10,644.5,Moderate
40700,1,11,633.5,Moderate
40700,1,12,609.2,Moderate
40700,2,1,511.9,Busy
40700,2,2,572.6,Busy
40700,2,3,583.1,Busy
40700,2,4,589.6,Busy
40700,2,5,610.1,Busy
40700,2,6,621.2,Busy
40700,2,7,608.2,Busy
40700,2,8,621.2,Busy
40700,2,9,673.1,Busy
40700,2,10,699.7,Busy
40700,2,11,685.2,Busy
40700,2,12,647.9,Busy
40700,3,1,538.4,Busy
40700,3,2,584.4,Busy
40700,3,3,594.9,Busy
40700,3,4,605.6,Busy
40700,3,5,626.2,Busy
40700,3,6,637.2,Busy
40700,3,7,624.2,Busy
40700,3,8,638.0,Busy
40700,3,9,694.3,Busy
40700,3,10,718.7,Busy
40700,3,11,704.2,Busy
40700,3,12,661.5,Busy
40700,4,1,538.3,Busy
40700,4,2,582.7,Busy
40700,4,3,593.9,Busy
40700,4,4,604.6,Busy
40700,4,5,625.1,Busy
40700,4,6,636.1,Busy
40700,4,7,624.6,Busy
40700,4,8,638.4,Busy
40700,4,9,694.7,Busy
40700,4,10,717.4,Busy
40700,4,11,702.9,Busy
40700,4,12,659.5,Busy
40700,5,1,475.8,Moderate
40700,5,2,546.5,Moderate
40700,5,3,571.5,Moderate
40700,5,4,581.6,Moderate
40700,5,5,602.1,Moderate
40700,5,6,614.6,Moderate
40700,5,7,603.1,Moderate
40700,5,8,616.9,Moderate
40700,5,9,665.9,Moderate
40700,5,10,685.3,Moderate
40700,5,11,658.2,Moderate
40700,5,12,599.2,Moderate
40700,6,1,270.0,Quiet
40700,6,2,308.7,Quiet
40700,6,3,420.8,Quiet
40700,6,4,359.3,Quiet
40700,6,5,387.2,Quiet
40700,6,6,413.3,Quiet
40700,6,7,403.1,Quiet
40700,6,8,416.9,Quiet
40700,6,9,438.9,Quiet
40700,6,10,433.0,Quiet
40700,6,11,405.8,Quiet
40700,6,12,373.6,Quiet
40710,0,1,954.2,Quiet
40710,0,2,1183.4,Quiet
40710,0,3,1292.7,Quiet
40710,0,4,1312.1,Quiet
40710,0,5,1465.6,Quiet
40710,0,6,1732.5,Quiet
40710,0,7,1758.7,Quiet
40710,0,8,1866.0,Quiet
40710,0,9,1813.7,Quiet
40710,0,10,2118.5,Quiet
40710,0,11,1632.7,Quiet
40710,0,12,1486.3,Quiet
40710,1,1,2509.2,Moderate
40710,1,2,2854.1,Moderate
40710,1,3,2958.4,Moderate
40710,1,4,3068.4,Moderate
40710,1,5,3103.8,Moderate
40710,1,6,3283.4,Moderate
40710,1,7,3302.2,Moderate
40710,1,8,3411.5,Moderate
40710,1,9,3463.6,Moderate
40710,1,10,3608.7,Moderate
40710,1,11,3484.9,Moderate
40710,1,12,3311.6,Moderate
40710,2,1,3012.1,Busy
40710,2,2,3512.2,Busy
40710,2,3,3705.7,Busy
40710,2,4,3815.7,Busy
40710,2,5,3851.1,Busy
40710,2,6,3998.1,Busy
40710,2,7,4016.9,Busy
40710,2,8,4081.7,Busy
40710,2,9,4274.6,Busy
40710,2,10,4397.5,Busy
40710,2,11,4264.5,Busy
40710,2,12,4070.7,Busy
40710,3,1,3139.8,Busy
40710,3,2,3557.7,Busy
40710,3,3,3760.7,Busy
40710,3,4,3892.6,Busy
40710,3,5,3928.1,Busy
40710,3,6,4075.1,Busy
40710,3,7,4104.8,Busy
40710,3,8,4173.7,Busy
40710,3,9,4375.1,Busy
40710,3,10,4484.0,Busy
40710,3,11,4354.6,Busy
40710,3,12,4123.8,Busy
40710,4,1,3165.1,Busy
40710,4,2,3568.9,Busy
40710,4,3,3778.4,Busy
40710,4,4,3910.3,Busy
40710,4,5,3945.8,Busy
40710,4,6,4093.2,Busy
40710,4,7,4138.5,Busy
40710,4,8,4193.2,Busy
40710,4,9,4386.6,Busy
40710,4,10,4493.8,Busy
40710,4,11,4364.0,Busy
40710,4,12,4139.2,Busy
40710,5,1,2478.0,Moderate
40710,5,2,2908.6,Moderate
40710,5,3,3053.3,Moderate
40710,5,4,3187.1,Moderate
40710,5,5,3222.5,Moderate
40710,5,6,3423.8,Moderate
40710,5,7,3472.9,Moderate
40710,5,8,3568.2,Moderate
40710,5,9,3661.7,Moderate
40710,5,10,3728.8,Moderate
40710,5,11,3522.0,Moderate
40710,5,12,3272.2,Moderate
40710,6,1,1718.5,Quiet
40710,6,2,1860.5,Quiet
40710,6,3,2333.6,Quiet
40710,6,4,2143.2,Quiet
40710,6,5,2241.9,Quiet
40710,6,6,2522.6,Quiet
40710,6,7,2572.3,Quiet
40710,6,8,2667.6,Quiet
40710,6,9,2631.2,Quiet
40710,6,10,2665.9,Quiet
40710,6,11,2445.5,Quiet
40710,6,12,2338.1,Quiet
40720,0,1,161.4,Quiet
40720,0,2,233.8,Quiet
40720,0,3,245.0,Quiet
40720,0,4,255.5,Quiet
40720,0,5,282.8,Quiet
40720,0,6,310.8,Quiet
40720,0,7,306.9,Quiet
40720,0,8,315.7,Quiet
40720,0,9,327.4,Quiet
40720,0,10,350.3,Quiet
40720,0,11,307.3,Quiet
40720,0,12,285.5,Quiet
40720,1,1,385.8,Moderate
40720,1,2,453.1,Moderate
40720,1,3,464.2,Moderate
40720,1,4,474.8,Moderate
40720,1,5,493.6,Moderate
40720,1,6,512.4,Moderate
40720,1,7,507.0,Moderate
40720,1,8,515.8,Moderate
40720,1,9,534.2,Moderate
40720,1,10,564.4,Moderate
40720,1,11,551.2,Moderate
40720,1,12,529.4,Moderate
40720,2,1,426.3,Busy
40720,2,2,481.2,Busy
40720,2,3,492.4,Moderate
40720,2,4,502.9,Moderate
40720,2,5,521.7,Moderate
40720,2,6,540.5,Moderate
40720,2,7,535.1,Moderate
40720,2,8,544.0,Moderate
40720,2,9,571.2,Moderate
40720,2,10,596.7,Moderate
40720,2,11,579.9,Busy
40720,2,12,554.4,Busy
40720,3,1,448.9,Busy
40720,3,2,484.5,Busy
40720,3,3,495.7,Busy
40720,3,4,506.7,Busy
40720,3,5,525.4,Busy
40720,3,6,544.3,Busy
40720,3,7,538.9,Busy
40720,3,8,548.5,Busy
40720,3,9,581.4,Busy
40720,3,10,605.7,Busy
40720,3,11,590.2,Busy
40720,3,12,559.3,Busy
40720,4,1,451.7,Busy
40720,4,2,485.7,Busy
40720,4,3,497.6,Busy
40720,4,4,508.6,Busy
40720,4,5,527.4,Busy
40720,4,6,546.2,Busy
40720,4,7,540.8,Busy
40720,4,8,550.5,Busy
40720,4,9,583.4,Busy
40720,4,10,607.7,Busy
40720,4,11,592.1,Busy
40720,4,12,560.5,Busy
40720,5,1,409.2,Moderate
40720,5,2,469.6,Moderate
40720,5,3,493.9,Busy
40720,5,4,504.2,Busy
40720,5,5,523.0,Busy
40720,5,6,543.3,Busy
40720,5,7,537.9,Busy
40720,5,8,547.6,Busy
40720,5,9,580.5,Busy
40720,5,10,603.4,Busy
40720,5,11,575.2,Moderate
40720,5,12,528.0,Moderate
40720,6,1,226.6,Quiet
40720,6,2,281.9,Quiet
40720,6,3,353.0,Quiet
40720,6,4,335.8,Quiet
40720,6,5,361.9,Quiet
40720,6,6,387.5,Quiet
40720,6,7,383.6,Quiet
40720,6,8,393.2,Quiet
40720,6,9,413.9,Quiet
40720,6,10,423.5,Quiet
40720,6,11,395.3,Quiet
40720,6,12,365.6,Quiet
40730,0,1,412.9,Quiet
40730,0,2,475.3,Quiet
40730,0,3,552.9,Quiet
40730,0,4,553.4,Quiet
40730,0,5,681.5,Quiet
40730,0,6,984.4,Quiet
40730,0,7,981.5,Quiet
40730,0,8,1137.3,Quiet
40730,0,9,1057.9,Quiet
40730,0,10,1349.3,Quiet
40730,0,11,908.2,Quiet
40730,0,12,848.5,Quiet
40730,1,1,2885.1,Moderate
40730,1,2,3421.5,Moderate
40730,1,3,3425.3,Moderate
40730,1,4,3509.4,Moderate
40730,1,5,3569.5,Moderate
40730,1,6,3713.3,Moderate
40730,1,7,3746.6,Moderate
40730,1,8,3874.2,Moderate
40730,1,9,3902.3,Moderate
40730,1,10,4213.2,Moderate
40730,1,11,4178.3,Moderate
40730,1,12,3938.0,Moderate
40730,2,1,3711.3,Busy
40730,2,2,4397.5,Busy
40730,2,3,4584.3,Busy
40730,2,4,4681.8,Busy
40730,2,5,4788.0,Busy
40730,2,6,4880.1,Busy
40730,2,7,4900.7,Busy
40730,2,8,5055.3,Busy
40730,2,9,5110.3,Busy
40730,2,10,5428.8,Busy
40730,2,11,5313.0,Busy
40730,2,12,5121.1,Busy
40730,3,1,3899.7,Busy
40730,3,2,4322.1,Busy
40730,3,3,4522.6,Busy
40730,3,4,4620.6,Busy
40730,3,5,4726.7,Busy
40730,3,6,4818.8,Busy
40730,3,7,4843.6,Busy
40730,3,8,4967.8,Busy
40730,3,9,5033.0,Busy
40730,3,10,5285.8,Busy
40730,3,11,5180.5,Busy
40730,3,12,5078.3,Busy
40730,4,1,3920.7,Busy
40730,4,2,4317.1,Busy
40730,4,3,4517.6,Busy
40730,4,4,4615.6,Busy
40730,4,5,4659.4,Busy
40730,4,6,4743.0,Busy
40730,4,7,4731.2,Busy
40730,4,8,4796.6,Busy
40730,4,9,5022.5,Busy
40730,4,10,5252.0,Busy
40730,4,11,5165.0,Busy
40730,4,12,5020.4,Busy
40730,5,1,2085.7,Moderate
40730,5,2,2490.8,Moderate
40730,5,3,2539.1,Moderate
40730,5,4,2650.7,Moderate
40730,5,5,2701.2,Moderate
40730,5,6,2861.2,Moderate
40730,5,7,2890.0,Moderate
40730,5,8,2995.0,Moderate
40730,5,9,3151.5,Moderate
40730,5,10,3351.6,Moderate
40730,5,11,3188.1,Moderate
40730,5,12,3009.8,Moderate
40730,6,1,696.6,Quiet
40730,6,2,682.2,Quiet
40730,6,3,1041.0,Quiet
40730,6,4,649.7,Quiet
40730,6,5,769.7,Quiet
40730,6,6,1006.8,Quiet
40730,6,7,1037.0,Quiet
40730,6,8,1142.0,Quiet
40730,6,9,1078.6,Quiet
40730,6,10,1189.0,Quiet
40730,6,11,971.2,Quiet
40730,6,12,1229.7,Quiet
40740,0,1,286.0,Quiet
40740,0,2,350.2,Quiet
40740,0,3,376.3,Quiet
40740,0,4,389.4,Quiet
40740,0,5,420.2,Quiet
40740,0,6,445.5,Quiet
40740,0,7,432.9,Quiet
40740,0,8,448.9,Quiet
40740,0,9,465.4,Quiet
40740,0,10,491.2,Quiet
40740,0,11,434.8,Quiet
40740,0,12,407.6,Quiet
40740,1,1,612.7,Moderate
40740,1,2,691.0,Moderate
40740,1,3,713.5,Moderate
40740,1,4,719.0,Moderate
40740,1,5,741.4,Moderate
40740,1,6,758.4,Moderate
40740,1,7,744.4,Moderate
40740,1,8,760.4,Moderate
40740,1,9,788.3,Moderate
40740,1,10,827.9,Moderate
40740,1,11,801.4,Moderate
40740,1,12,780.0,Moderate
40740,2,1,675.7,Busy
40740,2,2,745.3,Busy
40740,2,3,767.8,Busy
40740,2,4,781.7,Busy
40740,2,5,804.1,Busy
40740,2,6,821.1,Moderate
40740,2,7,807.1,Moderate
40740,2,8,823.1,Moderate
40740,2,9,868.5,Moderate
40740,2,10,903.4,Busy
40740,2,11,873.4,Busy
40740,2,12,843.0,Busy
40740,3,1,703.1,Busy
40740,3,2,751.3,Busy
40740,3,3,773.8,Busy
40740,3,4,795.6,Busy
40740,3,5,818.0,Busy
40740,3,6,835.0,Busy
40740,3,7,817.8,Busy
40740,3,8,834.9,Busy
40740,3,9,892.9,Busy
40740,3,10,919.2,Busy
40740,3,11,887.3,Busy
40740,3,12,845.7,Busy
40740,4,1,706.9,Busy
40740,4,2,753.5,Busy
40740,4,3,776.7,Busy
40740,4,4,798.5,Busy
40740,4,5,820.9,Busy
40740,4,6,837.9,Busy
40740,4,7,820.7,Busy
40740,4,8,837.8,Busy
40740,4,9,895.8,Busy
40740,4,10,922.1,Busy
40740,4,11,890.2,Busy
40740,4,12,848.6,Busy
40740,5,1,649.6,Moderate
40740,5,2,722.6,Moderate
40740,5,3,743.9,Moderate
40740,5,4,778.3,Moderate
40740,5,5,800.7,Moderate
40740,5,6,833.5,Busy
40740,5,7,816.3,Busy
40740,5,8,833.4,Busy
40740,5,9,884.1,Busy
40740,5,10,892.7,Moderate
40740,5,11,848.1,Moderate
40740,5,12,778.5,Moderate
40740,6,1,400.5,Quiet
40740,6,2,456.0,Quiet
40740,6,3,702.4,Quiet
40740,6,4,531.5,Quiet
40740,6,5,561.2,Quiet
40740,6,6,607.6,Quiet
40740,6,7,591.8,Quiet
40740,6,8,608.9,Quiet
40740,6,9,638.0,Quiet
40740,6,10,621.2,Quiet
40740,6,11,576.6,Quiet
40740,6,12,533.8,Quiet
40750,0,1,377.8,Quiet
40750,0,2,487.4,Quiet
40750,0,3,513.1,Quiet
40750,0,4,525.8,Quiet
40750,0,5,574.4,Quiet
40750,0,6,634.4,Quiet
40750,0,7,631.8,Quiet
40750,0,8,641.0,Quiet
40750,0,9,684.1,Quiet
40750,0,10,753.7,Quiet
40750,0,11,655.5,Quiet
40750,0,12,596.4,Quiet
40750,1,1,1140.8,Moderate
40750,1,2,1299.9,Moderate
40750,1,3,1311.0,Moderate
40750,1,4,1323.7,Moderate
40750,1,5,1363.8,Moderate
40750,1,6,1392.6,Moderate
40750,1,7,1387.9,Moderate
40750,1,8,1397.0,Moderate
40750,1,9,1511.9,Moderate
40750,1,10,1578.3,Moderate
40750,1,11,1549.2,Moderate
40750,1,12,1450.4,Moderate
40750,2,1,1250.2,Busy
40750,2,2,1431.1,Busy
40750,2,3,1442.2,Busy
40750,2,4,1463.2,Busy
40750,2,5,1503.3,Busy
40750,2,6,1532.1,Busy
40750,2,7,1527.4,Busy
40750,2,8,1536.5,Busy
40750,2,9,1690.0,Busy
40750,2,10,1747.5,Busy
40750,2,11,1712.3,Busy
40750,2,12,1603.3,Busy
40750,3,1,1312.4,Busy
40750,3,2,1445.9,Busy
40750,3,3,1460.9,Busy
40750,3,4,1482.4,Busy
40750,3,5,1522.5,Busy
40750,3,6,1551.2,Busy
40750,3,7,1546.6,Busy
40750,3,8,1556.5,Busy
40750,3,9,1712.6,Busy
40750,3,10,1768.8,Busy
40750,3,11,1734.8,Busy
40750,3,12,1620.5,Busy
40750,4,1,1308.3,Busy
40750,4,2,1426.1,Busy
40750,4,3,1453.9,Busy
40750,4,4,1475.4,Busy
40750,4,5,1515.5,Busy
40750,4,6,1544.2,Busy
40750,4,7,1541.0,Busy
40750,4,8,1551.0,Busy
40750,4,9,1707.0,Busy
40750,4,10,1761.6,Busy
40750,4,11,1727.6,Busy
40750,4,12,1612.5,Busy
40750,5,1,1123.6,Moderate
40750,5,2,1272.4,Moderate
40750,5,3,1314.0,Moderate
40750,5,4,1334.9,Moderate
40750,5,5,1374.9,Moderate
40750,5,6,1424.3,Moderate
40750,5,7,1421.1,Moderate
40750,5,8,1431.1,Moderate
40750,5,9,1565.1,Moderate
40750,5,10,1616.3,Moderate
40750,5,11,1556.2,Moderate
40750,5,12,1425.5,Moderate
40750,6,1,575.8,Quiet
40750,6,2,654.9,Quiet
40750,6,3,783.5,Quiet
40750,6,4,732.8,Quiet
40750,6,5,780.2,Quiet
40750,6,6,843.2,Quiet
40750,6,7,840.6,Quiet
40750,6,8,850.6,Quiet
40750,6,9,901.3,Quiet
40750,6,10,919.6,Quiet
40750,6,11,859.4,Quiet
40750,6,12,785.1,Quiet
40760,0,1,816.2,Quiet
40760,0,2,1136.5,Quiet
40760,0,3,1114.1,Quiet
40760,0,4,1259.0,Quiet
40760,0,5,1172.4,Quiet
40760,0,6,1218.1,Quiet
40760,0,7,1188.2,Quiet
40760,0,8,1318.3,Quiet
40760,0,9,1569.8,Quiet
40760,0,10,1829.1,Quiet
40760,0,11,1476.7,Quiet
40760,0,12,1326.8,Quiet
40760,1,1,1449.6,Moderate
40760,1,2,1871.7,Moderate
40760,1,3,1743.5,Quiet
40760,1,4,1892.8,Moderate
40760,1,5,1758.4,Moderate
40760,1,6,1622.1,Quiet
40760,1,7,1584.5,Quiet
40760,1,8,1674.3,Quiet
40760,1,9,2184.3,Quiet
40760,1,10,2309.1,Quiet
40760,1,11,2265.8,Moderate
40760,1,12,2081.9,Moderate
40760,2,1,1548.5,Busy
40760,2,2,1999.4,Moderate
40760,2,3,1901.3,Moderate
40760,2,4,2059.0,Moderate
40760,2,5,1921.3,Moderate
40760,2,6,1784.9,Moderate
40760,2,7,1747.4,Moderate
40760,2,8,1822.0,Moderate
40760,2,9,2390.3,Moderate
40760,2,10,2512.1,Moderate
40760,2,11,2461.3,Moderate
40760,2,12,2232.1,Moderate
40760,3,1,1593.3,Busy
40760,3,2,2013.0,Busy
40760,3,3,1927.1,Busy
40760,3,4,2103.7,Busy
40760,3,5,1969.3,Busy
40760,3,6,1832.9,Busy
40760,3,7,1792.2,Busy
40760,3,8,1855.8,Busy
40760,3,9,2493.2,Busy
40760,3,10,2604.8,Busy
40760,3,11,2532.7,Busy
40760,3,12,2260.2,Busy
40760,4,1,1623.0,Busy
40760,4,2,2041.8,Busy
40760,4,3,1961.1,Busy
40760,4,4,2147.0,Busy
40760,4,5,2012.6,Busy
40760,4,6,1881.3,Busy
40760,4,7,1840.6,Busy
40760,4,8,1904.1,Busy
40760,4,9,2541.6,Busy
40760,4,10,2652.0,Busy
40760,4,11,2580.0,Busy
40760,4,12,2306.8,Busy
40760,5,1,1538.4,Moderate
40760,5,2,2056.8,Busy
40760,5,3,1968.1,Busy
40760,5,4,2164.1,Busy
40760,5,5,2036.3,Busy
40760,5,6,1910.2,Busy
40760,5,7,1872.7,Busy
40760,5,8,1970.2,Busy
40760,5,9,2633.8,Busy
40760,5,10,2716.7,Busy
40760,5,11,2644.9,Busy
40760,5,12,2356.2,Busy
40760,6,1,1331.5,Quiet
40760,6,2,1766.8,Quiet
40760,6,3,1920.9,Moderate
40760,6,4,1885.8,Quiet
40760,6,5,1717.9,Quiet
40760,6,6,1626.6,Moderate
40760,6,7,1613.7,Moderate
40760,6,8,1729.2,Moderate
40760,6,9,2261.4,Moderate
40760,6,10,2311.4,Moderate
40760,6,11,2223.1,Quiet
40760,6,12,2045.8,Quiet
40770,0,1,0.0,Moderate
40770,0,2,0.0,Quiet
40770,0,3,0.0,Quiet
40770,0,4,0.0,Quiet
40770,0,5,0.0,Moderate
40770,0,6,15.2,Busy
40770,0,7,3.4,Busy
40770,0,8,3.0,Busy
40770,0,9,48.6,Busy
40770,0,10,49.5,Busy
40770,0,11,0.0,Quiet
40770,0,12,0.0,Quiet
40770,1,1,0.0,Moderate
40770,1,2,14.8,Busy
40770,1,3,9.8,Moderate
40770,1,4,0.0,Quiet
40770,1,5,0.0,Moderate
40770,1,6,0.0,Quiet
40770,1,7,0.0,Moderate
40770,1,8,0.0,Moderate
40770,1,9,25.8,Quiet
40770,1,10,26.1,Quiet
40770,1,11,0.7,Moderate
40770,1,12,41.6,Busy
40770,2,1,9.9,Busy
40770,2,2,25.2,Busy
40770,2,3,20.1,Busy
40770,2,4,1.4,Moderate
40770,2,5,0.0,Moderate
40770,2,6,0.0,Quiet
40770,2,7,0.0,Moderate
40770,2,8,0.0,Moderate
40770,2,9,29.8,Moderate
40770,2,10,33.8,Moderate
40770,2,11,11.5,Busy
40770,2,12,52.4,Busy
40770,3,1,21.8,Busy
40770,3,2,11.7,Moderate
40770,3,3,6.7,Quiet
40770,3,4,4.8,Busy
40770,3,5,0.0,Moderate
40770,3,6,4.3,Moderate
40770,3,7,0.0,Moderate
40770,3,8,0.0,Moderate
40770,3,9,30.9,Moderate
40770,3,10,34.9,Moderate
40770,3,11,12.6,Busy
40770,3,12,31.5,Busy
40770,4,1,18.5,Busy
40770,4,2,10.1,Moderate
40770,4,3,11.0,Moderate
40770,4,4,9.0,Busy
40770,4,5,0.0,Moderate
40770,4,6,8.6,Busy
40770,4,7,0.0,Moderate
40770,4,8,0.0,Moderate
40770,4,9,35.2,Busy
40770,4,10,39.2,Busy
40770,4,11,16.9,Busy
40770,4,12,30.2,Moderate
40770,5,1,0.0,Moderate
40770,5,2,13.2,Busy
40770,5,3,26.3,Busy
40770,5,4,13.6,Busy
40770,5,5,0.0,Moderate
40770,5,6,19.7,Busy
40770,5,7,2.4,Busy
40770,5,8,0.0,Moderate
40770,5,9,46.4,Busy
40770,5,10,48.9,Busy
40770,5,11,10.1,Moderate
40770,5,12,19.6,Moderate
40770,6,1,0.0,Moderate
40770,6,2,0.0,Quiet
40770,6,3,117.1,Busy
40770,6,4,0.0,Quiet
40770,6,5,0.0,Moderate
40770,6,6,0.0,Quiet
40770,6,7,0.0,Moderate
40770,6,8,0.0,Moderate
40770,6,9,25.2,Quiet
40770,6,10,19.9,Quiet
40770,6,11,0.0,Quiet
40770,6,12,0.0,Quiet
40780,0,1,231.5,Quiet
40780,0,2,302.4,Quiet
40780,0,3,316.7,Quiet
40780,0,4,335.8,Quiet
40780,0,5,367.2,Quiet
40780,0,6,402.0,Quiet
40780,0,7,399.4,Quiet
40780,0,8,415.2,Quiet
40780,0,9,424.0,Quiet
40780,0,10,429.0,Quiet
40780,0,11,386.3,Quiet
40780,0,12,357.5,Quiet
40780,1,1,525.4,Moderate
40780,1,2,593.9,Moderate
40780,1,3,606.9,Moderate
40780,1,4,625.9,Moderate
40780,1,5,648.8,Moderate
40780,1,6,675.0,Moderate
40780,1,7,669.6,Moderate
40780,1,8,685.4,Moderate
40780,1,9,707.9,Moderate
40780,1,10,737.5,Moderate
40780,1,11,719.7,Moderate
40780,1,12,690.9,Moderate
40780,2,1,577.3,Busy
40780,2,2,633.4,Busy
40780,2,3,646.4,Busy
40780,2,4,673.8,Busy
40780,2,5,696.6,Busy
40780,2,6,722.8,Busy
40780,2,7,717.4,Busy
40780,2,8,733.2,Busy
40780,2,9,775.9,Busy
40780,2,10,796.6,Busy
40780,2,11,772.6,Busy
40780,2,12,722.4,Busy
40780,3,1,606.5,Busy
40780,3,2,643.3,Busy
40780,3,3,656.3,Busy
40780,3,4,684.1,Busy
40780,3,5,707.0,Busy
40780,3,6,733.2,Busy
40780,3,7,727.8,Busy
40780,3,8,744.4,Busy
40780,3,9,789.6,Busy
40780,3,10,810.3,Busy
40780,3,11,786.3,Busy
40780,3,12,730.8,Busy
40780,4,1,603.7,Busy
40780,4,2,638.9,Busy
40780,4,3,652.6,Busy
40780,4,4,680.4,Busy
40780,4,5,703.3,Busy
40780,4,6,729.5,Busy
40780,4,7,725.5,Busy
40780,4,8,742.1,Busy
40780,4,9,787.4,Busy
40780,4,10,806.4,Busy
40780,4,11,782.4,Busy
40780,4,12,726.2,Busy
40780,5,1,534.6,Moderate
40780,5,2,600.9,Moderate
40780,5,3,628.4,Moderate
40780,5,4,655.6,Moderate
40780,5,5,678.5,Moderate
40780,5,6,706.2,Moderate
40780,5,7,702.2,Moderate
40780,5,8,718.8,Moderate
40780,5,9,756.7,Moderate
40780,5,10,772.5,Moderate
40780,5,11,734.1,Moderate
40780,5,12,662.4,Moderate
40780,6,1,309.5,Quiet
40780,6,2,358.5,Quiet
40780,6,3,517.8,Quiet
40780,6,4,432.9,Quiet
40780,6,5,463.1,Quiet
40780,6,6,504.3,Quiet
40780,6,7,501.7,Quiet
40780,6,8,518.4,Quiet
40780,6,9,534.7,Quiet
40780,6,10,529.6,Quiet
40780,6,11,491.2,Quiet
40780,6,12,446.2,Quiet
40790,0,1,591.4,Quiet
40790,0,2,829.5,Quiet
40790,0,3,953.4,Quiet
40790,0,4,982.9,Quiet
40790,0,5,1051.8,Quiet
40790,0,6,1314.9,Quiet
40790,0,7,1282.4,Quiet
40790,0,8,1332.5,Quiet
40790,0,9,1314.0,Quiet
40790,0,10,1741.5,Quiet
40790,0,11,1141.7,Quiet
40790,0,12,1123.5,Quiet
40790,1,1,2196.5,Moderate
40790,1,2,2726.0,Moderate
40790,1,3,2770.7,Moderate
40790,1,4,2942.4,Moderate
40790,1,5,2977.5,Moderate
40790,1,6,3025.9,Moderate
40790,1,7,2942.5,Moderate
40790,1,8,2992.6,Moderate
40790,1,9,3164.5,Moderate
40790,1,10,3374.4,Moderate
40790,1,11,3339.2,Moderate
40790,1,12,3175.1,Moderate
40790,2,1,2575.6,Busy
40790,2,2,3364.8,Busy
40790,2,3,3498.7,Busy
40790,2,4,3670.4,Busy
40790,2,5,3705.5,Busy
40790,2,6,3734.0,Busy
40790,2,7,3637.9,Busy
40790,2,8,3643.6,Busy
40790,2,9,3927.8,Busy
40790,2,10,4127.8,Busy
40790,2,11,4042.2,Busy
40790,2,12,3845.2,Busy
40790,3,1,2694.0,Busy
40790,3,2,3326.9,Busy
40790,3,3,3480.4,Busy
40790,3,4,3652.6,Busy
40790,3,5,3687.7,Busy
40790,3,6,3716.2,Busy
40790,3,7,3620.1,Busy
40790,3,8,3584.6,Busy
40790,3,9,3914.5,Busy
40790,3,10,4086.9,Busy
40790,3,11,4007.9,Busy
40790,3,12,3839.7,Busy
40790,4,1,2816.6,Busy
40790,4,2,3379.4,Busy
40790,4,3,3538.9,Busy
40790,4,4,3716.0,Busy
40790,4,5,3751.2,Busy
40790,4,6,3777.5,Busy
40790,4,7,3681.5,Busy
40790,4,8,3556.2,Busy
40790,4,9,3967.8,Busy
40790,4,10,4146.2,Busy
40790,4,11,4067.2,Busy
40790,4,12,3877.5,Busy
40790,5,1,1910.9,Moderate
40790,5,2,2364.5,Moderate
40790,5,3,2458.1,Moderate
40790,5,4,2637.8,Moderate
40790,5,5,2678.7,Moderate
40790,5,6,2764.8,Moderate
40790,5,7,2718.7,Moderate
40790,5,8,2649.7,Moderate
40790,5,9,2900.9,Moderate
40790,5,10,3057.0,Moderate
40790,5,11,2893.3,Moderate
40790,5,12,2723.5,Moderate
40790,6,1,799.0,Quiet
40790,6,2,991.2,Quiet
40790,6,3,1376.0,Quiet
40790,6,4,1226.0,Quiet
40790,6,5,1290.2,Quiet
40790,6,6,1476.0,Quiet
40790,6,7,1430.5,Quiet
40790,6,8,1361.5,Quiet
40790,6,9,1430.1,Quiet
40790,6,10,1516.3,Quiet
40790,6,11,1352.5,Quiet
40790,6,12,1386.1,Quiet
40800,0,1,712.7,Quiet
40800,0,2,952.8,Quiet
40800,0,3,1008.5,Quiet
40800,0,4,1069.5,Quiet
40800,0,5,1167.9,Quiet
40800,0,6,1509.4,Quiet
40800,0,7,1442.0,Quiet
40800,0,8,1561.6,Quiet
40800,0,9,1459.1,Quiet
40800,0,10,2061.4,Quiet
40800,0,11,1247.7,Quiet
40800,0,12,1181.9,Quiet
40800,1,1,1584.1,Moderate
40800,1,2,1807.8,Moderate
40800,1,3,1843.6,Quiet
40800,1,4,1900.2,Moderate
40800,1,5,1996.9,Moderate
40800,1,6,2188.3,Moderate
40800,1,7,2150.5,Moderate
40800,1,8,2234.4,Moderate
40800,1,9,2244.3,Moderate
40800,1,10,2353.4,Moderate
40800,1,11,2191.1,Moderate
40800,1,12,2088.4,Moderate
40800,2,1,1892.0,Busy
40800,2,2,2233.1,Busy
40800,2,3,2322.9,Busy
40800,2,4,2387.9,Busy
40800,2,5,2493.7,Busy
40800,2,6,2633.4,Busy
40800,2,7,2583.0,Busy
40800,2,8,2622.4,Busy
40800,2,9,2761.6,Busy
40800,2,10,2848.4,Busy
40800,2,11,2679.8,Busy
40800,2,12,2545.9,Busy
40800,3,1,2037.2,Busy
40800,3,2,2256.4,Busy
40800,3,3,2352.9,Busy
40800,3,4,2428.0,Busy
40800,3,5,2533.8,Busy
40800,3,6,2673.5,Busy
40800,3,7,2623.1,Busy
40800,3,8,2671.4,Busy
40800,3,9,2812.0,Busy
40800,3,10,2884.7,Busy
40800,3,11,2722.2,Busy
40800,3,12,2587.0,Busy
40800,4,1,2126.5,Busy
40800,4,2,2280.8,Busy
40800,4,3,2390.0,Busy
40800,4,4,2474.5,Busy
40800,4,5,2590.1,Busy
40800,4,6,2734.7,Busy
40800,4,7,2684.3,Busy
40800,4,8,2732.5,Busy
40800,4,9,2865.0,Busy
40800,4,10,2936.7,Busy
40800,4,11,2764.5,Busy
40800,4,12,2625.8,Busy
40800,5,1,1532.7,Moderate
40800,5,2,1818.1,Moderate
40800,5,3,1921.6,Moderate
40800,5,4,2008.0,Moderate
40800,5,5,2123.6,Moderate
40800,5,6,2322.3,Moderate
40800,5,7,2286.0,Moderate
40800,5,8,2374.8,Moderate
40800,5,9,2403.8,Moderate
40800,5,10,2441.3,Moderate
40800,5,11,2170.5,Moderate
40800,5,12,2043.5,Moderate
40800,6,1,1153.7,Quiet
40800,6,2,1384.2,Quiet
40800,6,3,2136.0,Moderate
40800,6,4,1684.8,Quiet
40800,6,5,1797.7,Quiet
40800,6,6,2143.9,Quiet
40800,6,7,2087.7,Quiet
40800,6,8,2176.5,Quiet
40800,6,9,2033.0,Quiet
40800,6,10,2059.9,Quiet
40800,6,11,1750.9,Quiet
40800,6,12,1764.3,Quiet
40810,0,1,351.5,Quiet
40810,0,2,453.5,Quiet
40810,0,3,471.0,Quiet
40810,0,4,475.3,Quiet
40810,0,5,499.8,Quiet
40810,0,6,516.0,Quiet
40810,0,7,549.6,Quiet
40810,0,8,551.1,Quiet
40810,0,9,618.8,Quiet
40810,0,10,850.8,Quiet
40810,0,11,579.4,Quiet
40810,0,12,485.1,Quiet
40810,1,1,1169.5,Moderate
40810,1,2,1315.6,Moderate
40810,1,3,1317.5,Moderate
40810,1,4,1315.4,Moderate
40810,1,5,1310.1,Moderate
40810,1,6,1295.0,Moderate
40810,1,7,1326.6,Moderate
40810,1,8,1328.1,Moderate
40810,1,9,1434.8,Moderate
40810,1,10,1520.5,Moderate
40810,1,11,1455.8,Moderate
40810,1,12,1361.6,Moderate
40810,2,1,1281.9,Busy
40810,2,2,1433.2,Busy
40810,2,3,1435.2,Busy
40810,2,4,1441.4,Busy
40810,2,5,1436.1,Busy
40810,2,6,1421.0,Busy
40810,2,7,1452.5,Busy
40810,2,8,1454.1,Busy
40810,2,9,1599.5,Busy
40810,2,10,1677.2,Busy
40810,2,11,1603.5,Busy
40810,2,12,1487.8,Busy
40810,3,1,1344.0,Busy
40810,3,2,1417.5,Busy
40810,3,3,1430.8,Busy
40810,3,4,1442.0,Busy
40810,3,5,1436.6,Busy
40810,3,6,1421.6,Busy
40810,3,7,1453.1,Busy
40810,3,8,1455.5,Busy
40810,3,9,1603.5,Busy
40810,3,10,1675.4,Busy
40810,3,11,1602.9,Busy
40810,3,12,1482.0,Busy
40810,4,1,1337.9,Busy
40810,4,2,1409.7,Busy
40810,4,3,1423.8,Busy
40810,4,4,1435.0,Busy
40810,4,5,1429.6,Busy
40810,4,6,1414.6,Busy
40810,4,7,1447.6,Busy
40810,4,8,1449.9,Busy
40810,4,9,1597.9,Busy
40810,4,10,1668.2,Busy
40810,4,11,1595.7,Busy
40810,4,12,1474.7,Busy
40810,5,1,1134.9,Moderate
40810,5,2,1255.8,Moderate
40810,5,3,1283.7,Moderate
40810,5,4,1284.1,Moderate
40810,5,5,1285.4,Moderate
40810,5,6,1290.0,Moderate
40810,5,7,1322.9,Moderate
40810,5,8,1325.3,Moderate
40810,5,9,1451.2,Moderate
40810,5,10,1518.6,Moderate
40810,5,11,1407.5,Moderate
40810,5,12,1315.7,Moderate
40810,6,1,481.0,Quiet
40810,6,2,556.1,Quiet
40810,6,3,860.2,Quiet
40810,6,4,606.3,Quiet
40810,6,5,626.0,Quiet
40810,6,6,646.4,Quiet
40810,6,7,683.8,Quiet
40810,6,8,686.2,Quiet
40810,6,9,759.2,Quiet
40810,6,10,802.4,Quiet
40810,6,11,672.3,Quiet
40810,6,12,628.3,Quiet
40820,0,1,1173.2,Quiet
40820,0,2,1415.0,Quiet
40820,0,3,1655.5,Quiet
40820,0,4,1712.4,Quiet
40820,0,5,1914.6,Quiet
40820,0,6,2349.4,Quiet
40820,0,7,2344.1,Quiet
40820,0,8,2521.5,Quiet
40820,0,9,2440.9,Quiet
40820,0,10,2855.5,Quiet
40820,0,11,2025.3,Quiet
40820,0,12,1863.0,Quiet
40820,1,1,2285.7,Moderate
40820,1,2,2593.0,Moderate
40820,1,3,2737.6,Moderate
40820,1,4,2896.6,Moderate
40820,1,5,3013.0,Moderate
40820,1,6,3270.2,Moderate
40820,1,7,3259.0,Moderate
40820,1,8,3424.4,Moderate
40820,1,9,3508.1,Moderate
40820,1,10,3648.4,Moderate
40820,1,11,3504.9,Moderate
40820,1,12,3211.4,Moderate
40820,2,1,2536.9,Busy
40820,2,2,2897.7,Busy
40820,2,3,3088.4,Busy
40820,2,4,3256.8,Busy
40820,2,5,3368.7,Busy
40820,2,6,3596.3,Moderate
40820,2,7,3582.2,Moderate
40820,2,8,3732.3,Moderate
40820,2,9,3843.8,Moderate
40820,2,10,3981.3,Busy
40820,2,11,3770.0,Busy
40820,2,12,3468.8,Busy
40820,3,1,2623.1,Busy
40820,3,2,2907.2,Busy
40820,3,3,3099.9,Busy
40820,3,4,3276.3,Busy
40820,3,5,3401.9,Busy
40820,3,6,3629.5,Busy
40820,3,7,3612.2,Busy
40820,3,8,3776.4,Busy
40820,3,9,3887.2,Busy
40820,3,10,4019.5,Busy
40820,3,11,3805.2,Busy
40820,3,12,3479.6,Busy
40820,4,1,2700.8,Busy
40820,4,2,2926.2,Busy
40820,4,3,3130.6,Busy
40820,4,4,3316.4,Busy
40820,4,5,3451.8,Busy
40820,4,6,3700.1,Busy
40820,4,7,3696.9,Busy
40820,4,8,3817.8,Busy
40820,4,9,3949.8,Busy
40820,4,10,4081.0,Busy
40820,4,11,3841.2,Busy
40820,4,12,3506.4,Busy
40820,5,1,2334.7,Moderate
40820,5,2,2711.5,Moderate
40820,5,3,2941.5,Moderate
40820,5,4,3127.2,Moderate
40820,5,5,3270.5,Moderate
40820,5,6,3596.9,Busy
40820,5,7,3621.6,Busy
40820,5,8,3753.8,Busy
40820,5,9,3845.6,Busy
40820,5,10,3909.1,Moderate
40820,5,11,3626.2,Moderate
40820,5,12,3288.7,Moderate
40820,6,1,1642.0,Quiet
40820,6,2,1825.3,Quiet
40820,6,3,2415.4,Quiet
40820,6,4,2355.7,Quiet
40820,6,5,2511.1,Quiet
40820,6,6,2970.6,Quiet
40820,6,7,2995.9,Quiet
40820,6,8,3131.5,Quiet
40820,6,9,3092.6,Quiet
40820,6,10,3050.9,Quiet
40820,6,11,2695.5,Quiet
40820,6,12,2576.7,Quiet
40830,0,1,413.4,Quiet
40830,0,2,591.0,Quiet
40830,0,3,632.8,Quiet
40830,0,4,678.0,Quiet
40830,0,5,734.1,Quiet
40830,0,6,851.3,Quiet
40830,0,7,848.0,Quiet
40830,0,8,866.8,Quiet
40830,0,9,900.8,Quiet
40830,0,10,1250.0,Quiet
40830,0,11,797.8,Quiet
40830,0,12,693.4,Quiet
40830,1,1,871.8,Moderate
40830,1,2,996.8,Moderate
40830,1,3,1022.6,Quiet
40830,1,4,1058.5,Moderate
40830,1,5,1106.1,Moderate
40830,1,6,1143.9,Moderate
40830,1,7,1135.2,Quiet
40830,1,8,1154.0,Moderate
40830,1,9,1196.4,Quiet
40830,1,10,1279.2,Moderate
40830,1,11,1205.2,Moderate
40830,1,12,1143.9,Moderate
40830,2,1,952.5,Moderate
40830,2,2,1075.3,Moderate
40830,2,3,1101.1,Moderate
40830,2,4,1145.3,Moderate
40830,2,5,1192.9,Moderate
40830,2,6,1230.7,Moderate
40830,2,7,1222.0,Moderate
40830,2,8,1240.8,Moderate
40830,2,9,1292.2,Moderate
40830,2,10,1370.2,Moderate
40830,2,11,1299.4,Moderate
40830,2,12,1217.8,Moderate
40830,3,1,1003.7,Busy
40830,3,2,1106.5,Busy
40830,3,3,1134.4,Busy
40830,3,4,1179.0,Busy
40830,3,5,1226.6,Busy
40830,3,6,1264.4,Busy
40830,3,7,1255.7,Busy
40830,3,8,1273.4,Busy
40830,3,9,1339.9,Busy
40830,3,10,1409.0,Busy
40830,3,11,1344.8,Busy
40830,3,12,1242.7,Busy
40830,4,1,1006.5,Busy
40830,4,2,1107.6,Busy
40830,4,3,1141.4,Busy
40830,4,4,1195.4,Busy
40830,4,5,1243.0,Busy
40830,4,6,1299.5,Busy
40830,4,7,1290.7,Busy
40830,4,8,1308.4,Busy
40830,4,9,1374.9,Busy
40830,4,10,1443.0,Busy
40830,4,11,1365.2,Busy
40830,4,12,1246.8,Busy
40830,5,1,975.3,Busy
40830,5,2,1097.6,Busy
40830,5,3,1131.4,Moderate
40830,5,4,1195.4,Busy
40830,5,5,1243.0,Busy
40830,5,6,1316.4,Busy
40830,5,7,1308.2,Busy
40830,5,8,1327.0,Busy
40830,5,9,1385.9,Busy
40830,5,10,1450.8,Busy
40830,5,11,1358.6,Busy
40830,5,12,1239.7,Busy
40830,6,1,707.9,Quiet
40830,6,2,816.5,Quiet
40830,6,3,1365.2,Busy
40830,6,4,892.6,Quiet
40830,6,5,969.1,Quiet
40830,6,6,1120.3,Quiet
40830,6,7,1137.6,Moderate
40830,6,8,1138.3,Quiet
40830,6,9,1233.2,Moderate
40830,6,10,1204.1,Quiet
40830,6,11,1093.5,Quiet
40830,6,12,1081.9,Quiet
40840,0,1,103.4,Quiet
40840,0,2,151.0,Quiet
40840,0,3,161.3,Quiet
40840,0,4,162.9,Quiet
40840,0,5,189.8,Quiet
40840,0,6,211.4,Quiet
40840,0,7,211.5,Quiet
40840,0,8,208.0,Quiet
40840,0,9,200.7,Quiet
40840,0,10,209.2,Quiet
40840,0,11,177.7,Quiet
40840,0,12,161.0,Quiet
40840,1,1,274.0,Moderate
40840,1,2,317.3,Moderate
40840,1,3,327.7,Moderate
40840,1,4,329.3,Moderate
40840,1,5,347.7,Moderate
40840,1,6,368.9,Moderate
40840,1,7,366.2,Moderate
40840,1,8,362.7,Moderate
40840,1,9,361.2,Moderate
40840,1,10,388.2,Moderate
40840,1,11,381.6,Moderate
40840,1,12,365.0,Moderate
40840,2,1,312.7,Busy
40840,2,2,346.2,Busy
40840,2,3,356.5,Busy
40840,2,4,358.1,Busy
40840,2,5,376.5,Busy
40840,2,6,397.8,Busy
40840,2,7,395.1,Busy
40840,2,8,391.5,Busy
40840,2,9,399.0,Busy
40840,2,10,421.3,Busy
40840,2,11,411.2,Busy
40840,2,12,390.8,Busy
40840,3,1,333.9,Busy
40840,3,2,355.2,Busy
40840,3,3,365.5,Busy
40840,3,4,367.5,Busy
40840,3,5,385.9,Busy
40840,3,6,407.1,Busy
40840,3,7,404.4,Busy
40840,3,8,401.7,Busy
40840,3,9,403.9,Busy
40840,3,10,426.3,Busy
40840,3,11,416.1,Busy
40840,3,12,398.2,Busy
40840,4,1,329.0,Busy
40840,4,2,348.7,Busy
40840,4,3,359.7,Busy
40840,4,4,361.8,Busy
40840,4,5,380.2,Busy
40840,4,6,401.4,Busy
40840,4,7,400.1,Busy
40840,4,8,397.4,Busy
40840,4,9,399.6,Busy
40840,4,10,420.3,Busy
40840,4,11,410.1,Busy
40840,4,12,391.5,Busy
40840,5,1,274.8,Moderate
40840,5,2,321.5,Moderate
40840,5,3,344.8,Moderate
40840,5,4,346.1,Moderate
40840,5,5,364.5,Moderate
40840,5,6,387.2,Moderate
40840,5,7,386.0,Moderate
40840,5,8,383.3,Moderate
40840,5,9,385.4,Moderate
40840,5,10,404.7,Moderate
40840,5,11,380.2,Moderate
40840,5,12,346.0,Moderate
40840,6,1,133.5,Quiet
40840,6,2,160.8,Quiet
40840,6,3,230.7,Quiet
40840,6,4,204.5,Quiet
40840,6,5,230.2,Quiet
40840,6,6,256.4,Quiet
40840,6,7,256.6,Quiet
40840,6,8,253.9,Quiet
40840,6,9,257.6,Quiet
40840,6,10,265.4,Quiet
40840,6,11,240.9,Quiet
40840,6,12,212.9,Quiet
40850,0,1,703.2,Quiet
40850,0,2,950.5,Quiet
40850,0,3,1005.1,Quiet
40850,0,4,1059.8,Quiet
40850,0,5,1120.0,Quiet
40850,0,6,1328.5,Quiet
40850,0,7,1278.0,Quiet
40850,0,8,1311.9,Quiet
40850,0,9,1511.6,Quiet
40850,0,10,2321.5,Quiet
40850,0,11,1199.4,Quiet
40850,0,12,966.5,Quiet
40850,1,1,1820.0,Moderate
40850,1,2,2221.8,Moderate
40850,1,3,2162.3,Moderate
40850,1,4,2210.4,Moderate
40850,1,5,2247.7,Moderate
40850,1,6,2244.4,Moderate
40850,1,7,2045.6,Moderate
40850,1,8,2106.3,Moderate
40850,1,9,2523.4,Moderate
40850,1,10,2799.7,Moderate
40850,1,11,2523.2,Moderate
40850,1,12,2123.8,Moderate
40850,2,1,2023.0,Busy
40850,2,2,2515.3,Busy
40850,2,3,2509.8,Busy
40850,2,4,2557.9,Busy
40850,2,5,2590.7,Busy
40850,2,6,2523.0,Busy
40850,2,7,2324.2,Busy
40850,2,8,2340.4,Busy
40850,2,9,2926.6,Busy
40850,2,10,3121.1,Busy
40850,2,11,2809.2,Busy
40850,2,12,2335.7,Busy
40850,3,1,2086.8,Busy
40850,3,2,2464.7,Busy
40850,3,3,2500.0,Busy
40850,3,4,2553.1,Busy
40850,3,5,2599.6,Busy
40850,3,6,2531.9,Busy
40850,3,7,2352.2,Busy
40850,3,8,2327.3,Busy
40850,3,9,3011.7,Busy
40850,3,10,3135.9,Busy
40850,3,11,2830.6,Busy
40850,3,12,2316.9,Busy
40850,4,1,2115.6,Busy
40850,4,2,2453.9,Busy
40850,4,3,2502.1,Busy
40850,4,4,2555.1,Busy
40850,4,5,2611.4,Busy
40850,4,6,2559.1,Busy
40850,4,7,2428.9,Busy
40850,4,8,2350.5,Busy
40850,4,9,3037.3,Busy
40850,4,10,3142.6,Busy
40850,4,11,2812.2,Busy
40850,4,12,2318.6,Busy
40850,5,1,1614.0,Moderate
40850,5,2,1982.8,Moderate
40850,5,3,2052.1,Moderate
40850,5,4,2104.5,Moderate
40850,5,5,2167.4,Moderate
40850,5,6,2278.8,Moderate
40850,5,7,2201.3,Moderate
40850,5,8,2228.9,Moderate
40850,5,9,2705.9,Moderate
40850,5,10,2778.6,Moderate
40850,5,11,2375.2,Moderate
40850,5,12,1902.4,Moderate
40850,6,1,946.6,Quiet
40850,6,2,1241.3,Quiet
40850,6,3,1513.3,Quiet
40850,6,4,1452.9,Quiet
40850,6,5,1501.0,Quiet
40850,6,6,1718.5,Quiet
40850,6,7,1678.9,Quiet
40850,6,8,1692.6,Quiet
40850,6,9,2029.0,Quiet
40850,6,10,1988.3,Quiet
40850,6,11,1584.9,Quiet
40850,6,12,1320.0,Quiet
40870,0,1,256.1,Quiet
40870,0,2,328.9,Quiet
40870,0,3,352.5,Quiet
40870,0,4,375.6,Quiet
40870,0,5,408.4,Quiet
40870,0,6,441.4,Quiet
40870,0,7,442.9,Quiet
40870,0,8,448.7,Quiet
40870,0,9,444.8,Quiet
40870,0,10,453.4,Quiet
40870,0,11,413.3,Quiet
40870,0,12,415.8,Quiet
40870,1,1,606.5,Moderate
40870,1,2,702.0,Moderate
40870,1,3,721.7,Moderate
40870,1,4,744.8,Moderate
40870,1,5,769.2,Moderate
40870,1,6,793.5,Moderate
40870,1,7,792.2,Moderate
40870,1,8,798.0,Moderate
40870,1,9,807.8,Moderate
40870,1,10,839.1,Moderate
40870,1,11,823.9,Moderate
40870,1,12,816.2,Moderate
40870,2,1,709.9,Busy
40870,2,2,796.7,Busy
40870,2,3,816.4,Busy
40870,2,4,847.8,Busy
40870,2,5,872.2,Busy
40870,2,6,896.5,Busy
40870,2,7,895.2,Busy
40870,2,8,901.0,Busy
40870,2,9,941.6,Busy
40870,2,10,960.6,Busy
40870,2,11,941.9,Busy
40870,2,12,936.4,Busy
40870,3,1,769.5,Busy
40870,3,2,818.2,Busy
40870,3,3,841.8,Busy
40870,3,4,873.6,Busy
40870,3,5,898.0,Busy
40870,3,6,922.3,Busy
40870,3,7,921.0,Busy
40870,3,8,927.6,Busy
40870,3,9,978.2,Busy
40870,3,10,997.3,Busy
40870,3,11,978.5,Busy
40870,3,12,967.7,Busy
40870,4,1,764.6,Busy
40870,4,2,811.7,Busy
40870,4,3,836.0,Busy
40870,4,4,867.9,Busy
40870,4,5,892.2,Busy
40870,4,6,916.5,Busy
40870,4,7,916.7,Busy
40870,4,8,923.3,Busy
40870,4,9,973.9,Busy
40870,4,10,991.3,Busy
40870,4,11,972.5,Busy
40870,4,12,969.5,Busy
40870,5,1,628.9,Moderate
40870,5,2,712.6,Moderate
40870,5,3,745.8,Moderate
40870,5,4,779.5,Moderate
40870,5,5,803.9,Moderate
40870,5,6,849.8,Moderate
40870,5,7,849.9,Moderate
40870,5,8,856.6,Moderate
40870,5,9,892.4,Moderate
40870,5,10,895.4,Moderate
40870,5,11,862.3,Moderate
40870,5,12,831.3,Moderate
40870,6,1,371.2,Quiet
40870,6,2,441.2,Quiet
40870,6,3,673.2,Quiet
40870,6,4,533.7,Quiet
40870,6,5,565.4,Quiet
40870,6,6,614.9,Quiet
40870,6,7,616.5,Quiet
40870,6,8,623.1,Quiet
40870,6,9,624.1,Quiet
40870,6,10,617.2,Quiet
40870,6,11,584.1,Quiet
40870,6,12,574.2,Quiet
40880,0,1,598.8,Quiet
40880,0,2,783.6,Quiet
40880,0,3,817.3,Quiet
40880,0,4,846.3,Quiet
40880,0,5,887.2,Quiet
40880,0,6,961.4,Quiet
40880,0,7,956.9,Quiet
40880,0,8,1024.6,Quiet
40880,0,9,1064.4,Quiet
40880,0,10,1209.7,Quiet
40880,0,11,990.0,Quiet
40880,0,12,975.5,Quiet
40880,1,1,1221.2,Moderate
40880,1,2,1380.9,Moderate
40880,1,3,1397.1,Moderate
40880,1,4,1418.6,Moderate
40880,1,5,1442.7,Moderate
40880,1,6,1460.9,Moderate
40880,1,7,1445.2,Moderate
40880,1,8,1494.4,Moderate
40880,1,9,1660.4,Moderate
40880,1,10,1724.9,Moderate
40880,1,11,1704.0,Moderate
40880,1,12,1647.6,Moderate
40880,2,1,1319.9,Busy
40880,2,2,1493.2,Busy
40880,2,3,1539.5,Busy
40880,2,4,1569.4,Busy
40880,2,5,1590.2,Busy
40880,2,6,1608.4,Busy
40880,2,7,1592.7,Busy
40880,2,8,1641.9,Busy
40880,2,9,1826.1,Busy
40880,2,10,1886.0,Busy
40880,2,11,1861.6,Busy
40880,2,12,1794.9,Busy
40880,3,1,1406.9,Busy
40880,3,2,1496.5,Busy
40880,3,3,1542.8,Busy
40880,3,4,1580.5,Busy
40880,3,5,1604.6,Busy
40880,3,6,1622.8,Busy
40880,3,7,1607.1,Busy
40880,3,8,1662.4,Busy
40880,3,9,1852.3,Busy
40880,3,10,1912.1,Busy
40880,3,11,1887.7,Busy
40880,3,12,1804.5,Busy
40880,4,1,1412.4,Busy
40880,4,2,1494.1,Busy
40880,4,3,1547.4,Busy
40880,4,4,1585.1,Busy
40880,4,5,1609.2,Busy
40880,4,6,1627.4,Busy
40880,4,7,1611.7,Busy
40880,4,8,1667.0,Busy
40880,4,9,1856.9,Busy
40880,4,10,1916.7,Busy
40880,4,11,1892.3,Busy
40880,4,12,1816.2,Busy
40880,5,1,1282.9,Moderate
40880,5,2,1442.1,Moderate
40880,5,3,1487.5,Moderate
40880,5,4,1535.3,Moderate
40880,5,5,1559.4,Moderate
40880,5,6,1591.4,Moderate
40880,5,7,1575.7,Moderate
40880,5,8,1631.0,Moderate
40880,5,9,1820.9,Moderate
40880,5,10,1879.3,Moderate
40880,5,11,1810.0,Moderate
40880,5,12,1708.5,Moderate
40880,6,1,933.3,Quiet
40880,6,2,1054.8,Quiet
40880,6,3,1253.9,Quiet
40880,6,4,1158.4,Quiet
40880,6,5,1186.1,Quiet
40880,6,6,1242.1,Quiet
40880,6,7,1232.7,Quiet
40880,6,8,1306.1,Quiet
40880,6,9,1410.6,Quiet
40880,6,10,1453.4,Quiet
40880,6,11,1365.5,Quiet
40880,6,12,1364.4,Quiet
40890,0,1,4809.7,Quiet
40890,0,2,5176.5,Quiet
40890,0,3,5532.6,Quiet
40890,0,4,5854.6,Quiet
40890,0,5,6879.6,Quiet
40890,0,6,7974.7,Quiet
40890,0,7,7870.4,Quiet
40890,0,8,8025.8,Quiet
40890,0,9,8103.2,Quiet
40890,0,10,9574.8,Busy
40890,0,11,7292.4,Quiet
40890,0,12,6819.8,Quiet
40890,1,1,5315.4,Busy
40890,1,2,5566.4,Busy
40890,1,3,6294.3,Busy
40890,1,4,6934.6,Moderate
40890,1,5,7621.1,Moderate
40890,1,6,8332.2,Moderate
40890,1,7,8266.3,Moderate
40890,1,8,8541.4,Moderate
40890,1,9,8560.1,Busy
40890,1,10,8954.0,Quiet
40890,1,11,8076.1,Busy
40890,1,12,7552.3,Busy
40890,2,1,5019.8,Moderate
40890,2,2,5317.1,Moderate
40890,2,3,6081.2,Moderate
40890,2,4,6923.3,Moderate
40890,2,5,7726.3,Moderate
40890,2,6,8259.0,Moderate
40890,2,7,8213.7,Moderate
40890,2,8,8507.4,Moderate
40890,2,9,8332.5,Moderate
40890,2,10,8780.2,Quiet
40890,2,11,7757.6,Moderate
40890,2,12,7230.1,Moderate
40890,3,1,5074.5,Moderate
40890,3,2,5363.0,Moderate
40890,3,3,6129.1,Moderate
40890,3,4,6994.3,Busy
40890,3,5,7833.1,Busy
40890,3,6,8369.9,Busy
40890,3,7,8346.8,Busy
40890,3,8,8638.7,Busy
40890,3,9,8527.4,Moderate
40890,3,10,9001.1,Moderate
40890,3,11,7880.6,Moderate
40890,3,12,7139.2,Moderate
40890,4,1,5427.8,Busy
40890,4,2,5858.0,Busy
40890,4,3,6839.2,Busy
40890,4,4,7669.6,Busy
40890,4,5,8599.2,Busy
40890,4,6,9307.1,Busy
40890,4,7,9257.2,Busy
40890,4,8,9660.0,Busy
40890,4,9,9835.7,Busy
40890,4,10,11524.6,Busy
40890,4,11,8717.0,Busy
40890,4,12,7582.4,Busy
40890,5,1,5576.4,Busy
40890,5,2,6092.5,Busy
40890,5,3,7073.7,Busy
40890,5,4,7869.0,Busy
40890,5,5,8844.7,Busy
40890,5,6,9695.6,Busy
40890,5,7,9744.7,Busy
40890,5,8,10132.3,Busy
40890,5,9,10709.3,Busy
40890,5,10,12423.1,Busy
40890,5,11,9395.1,Busy
40890,5,12,8133.7,Busy
40890,6,1,4389.6,Quiet
40890,6,2,4667.9,Quiet
40890,6,3,5759.3,Quiet
40890,6,4,5957.1,Quiet
40890,6,5,6650.8,Quiet
40890,6,6,7474.9,Quiet
40890,6,7,7524.7,Quiet
40890,6,8,7853.2,Quiet
40890,6,9,7978.4,Quiet
40890,6,10,9196.9,Moderate
40890,6,11,6924.0,Quiet
40890,6,12,6645.0,Quiet
40900,0,1,1287.0,Quiet
40900,0,2,1528.2,Quiet
40900,0,3,1562.2,Quiet
40900,0,4,1579.8,Quiet
40900,0,5,1745.6,Quiet
40900,0,6,2003.5,Quiet
40900,0,7,1926.5,Quiet
40900,0,8,2023.9,Quiet
40900,0,9,2022.3,Quiet
40900,0,10,2112.1,Quiet
40900,0,11,1914.2,Quiet
40900,0,12,1908.4,Quiet
40900,1,1,2178.1,Moderate
40900,1,2,2476.4,Moderate
40900,1,3,2528.6,Moderate
40900,1,4,2592.1,Moderate
40900,1,5,2651.2,Moderate
40900,1,6,2757.3,Moderate
40900,1,7,2646.1,Moderate
40900,1,8,2729.4,Moderate
40900,1,9,2876.3,Moderate
40900,1,10,2995.7,Moderate
40900,1,11,3032.7,Moderate
40900,1,12,2950.8,Moderate
40900,2,1,2419.0,Busy
40900,2,2,2706.7,Busy
40900,2,3,2812.9,Busy
40900,2,4,2876.5,Busy
40900,2,5,2921.9,Busy
40900,2,6,2998.3,Busy
40900,2,7,2884.1,Busy
40900,2,8,2952.2,Busy
40900,2,9,3162.5,Busy
40900,2,10,3244.1,Busy
40900,2,11,3232.3,Busy
40900,2,12,3106.6,Busy
40900,3,1,2536.4,Busy
40900,3,2,2715.4,Busy
40900,3,3,2821.6,Busy
40900,3,4,2885.6,Busy
40900,3,5,2944.7,Busy
40900,3,6,3021.1,Busy
40900,3,7,2906.9,Busy
40900,3,8,2971.8,Busy
40900,3,9,3176.8,Busy
40900,3,10,3258.3,Busy
40900,3,11,3246.5,Busy
40900,3,12,3143.2,Busy
40900,4,1,2600.4,Busy
40900,4,2,2714.4,Busy
40900,4,3,2833.5,Busy
40900,4,4,2897.4,Busy
40900,4,5,2956.5,Busy
40900,4,6,3033.0,Busy
40900,4,7,2929.4,Busy
40900,4,8,2994.2,Busy
40900,4,9,3187.1,Busy
40900,4,10,3261.9,Busy
40900,4,11,3250.1,Busy
40900,4,12,3155.5,Busy
40900,5,1,2323.4,Moderate
40900,5,2,2617.1,Moderate
40900,5,3,2687.3,Moderate
40900,5,4,2753.1,Moderate
40900,5,5,2825.8,Moderate
40900,5,6,2956.0,Moderate
40900,5,7,2854.0,Moderate
40900,5,8,2929.0,Moderate
40900,5,9,3087.0,Moderate
40900,5,10,3152.7,Moderate
40900,5,11,3096.0,Moderate
40900,5,12,2991.7,Moderate
40900,6,1,1770.9,Quiet
40900,6,2,1973.0,Quiet
40900,6,3,2128.3,Quiet
40900,6,4,2143.3,Quiet
40900,6,5,2258.5,Quiet
40900,6,6,2478.4,Quiet
40900,6,7,2402.4,Quiet
40900,6,8,2477.4,Quiet
40900,6,9,2531.0,Quiet
40900,6,10,2546.6,Quiet
40900,6,11,2474.7,Quiet
40900,6,12,2518.7,Quiet
40910,0,1,557.1,Quiet
40910,0,2,677.5,Quiet
40910,0,3,704.4,Quiet
40910,0,4,722.5,Quiet
40910,0,5,772.9,Quiet
40910,0,6,859.1,Quiet
40910,0,7,807.4,Quiet
40910,0,8,797.3,Quiet
40910,0,9,842.7,Quiet
40910,0,10,956.8,Quiet
40910,0,11,776.3,Quiet
40910,0,12,715.9,Quiet
40910,1,1,1069.5,Moderate
40910,1,2,1207.0,Moderate
40910,1,3,1224.6,Moderate
40910,1,4,1239.0,Moderate
40910,1,5,1270.7,Moderate
40910,1,6,1288.9,Moderate
40910,1,7,1247.8,Moderate
40910,1,8,1237.8,Moderate
40910,1,9,1324.9,Moderate
40910,1,10,1347.6,Moderate
40910,1,11,1319.5,Moderate
40910,1,12,1240.7,Moderate
40910,2,1,1105.2,Busy
40910,2,2,1240.4,Busy
40910,2,3,1258.0,Busy
40910,2,4,1280.7,Busy
40910,2,5,1309.2,Busy
40910,2,6,1330.4,Busy
40910,2,7,1286.3,Busy
40910,2,8,1276.3,Busy
40910,2,9,1372.3,Busy
40910,2,10,1390.3,Busy
40910,2,11,1365.4,Busy
40910,2,12,1274.5,Busy
40910,3,1,1122.5,Busy
40910,3,2,1234.4,Busy
40910,3,3,1252.1,Busy
40910,3,4,1275.2,Busy
40910,3,5,1306.9,Busy
40910,3,6,1328.1,Busy
40910,3,7,1284.1,Busy
40910,3,8,1274.8,Busy
40910,3,9,1376.5,Busy
40910,3,10,1394.6,Busy
40910,3,11,1369.6,Busy
40910,3,12,1273.4,Busy
40910,4,1,1124.7,Busy
40910,4,2,1232.1,Busy
40910,4,3,1256.7,Busy
40910,4,4,1279.8,Busy
40910,4,5,1311.5,Busy
40910,4,6,1332.7,Busy
40910,4,7,1288.7,Busy
40910,4,8,1279.4,Busy
40910,4,9,1381.1,Busy
40910,4,10,1399.2,Busy
40910,4,11,1374.2,Busy
40910,4,12,1277.3,Busy
40910,5,1,1064.5,Moderate
40910,5,2,1183.0,Moderate
40910,5,3,1207.7,Moderate
40910,5,4,1240.9,Moderate
40910,5,5,1279.2,Moderate
40910,5,6,1314.2,Moderate
40910,5,7,1272.5,Moderate
40910,5,8,1263.3,Moderate
40910,5,9,1362.6,Moderate
40910,5,10,1379.2,Moderate
40910,5,11,1340.0,Moderate
40910,5,12,1227.4,Moderate
40910,6,1,742.5,Quiet
40910,6,2,823.3,Quiet
40910,6,3,927.9,Quiet
40910,6,4,899.7,Quiet
40910,6,5,945.4,Quiet
40910,6,6,990.1,Quiet
40910,6,7,948.5,Quiet
40910,6,8,939.2,Quiet
40910,6,9,986.5,Quiet
40910,6,10,994.9,Quiet
40910,6,11,955.7,Quiet
40910,6,12,884.5,Quiet
40920,0,1,434.9,Quiet
40920,0,2,499.9,Quiet
40920,0,3,503.5,Quiet
40920,0,4,512.4,Quiet
40920,0,5,533.1,Quiet
40920,0,6,553.7,Quiet
40920,0,7,506.9,Quiet
40920,0,8,492.5,Quiet
40920,0,9,484.4,Quiet
40920,0,10,528.3,Quiet
40920,0,11,428.3,Quiet
40920,0,12,433.9,Quiet
40920,1,1,748.4,Moderate
40920,1,2,800.5,Moderate
40920,1,3,804.0,Moderate
40920,1,4,788.3,Moderate
40920,1,5,780.0,Moderate
40920,1,6,768.0,Moderate
40920,1,7,721.3,Moderate
40920,1,8,706.9,Moderate
40920,1,9,709.0,Moderate
40920,1,10,706.8,Moderate
40920,1,11,701.5,Moderate
40920,1,12,697.0,Moderate
40920,2,1,787.1,Busy
40920,2,2,825.0,Busy
40920,2,3,828.5,Busy
40920,2,4,812.8,Busy
40920,2,5,804.5,Moderate
40920,2,6,795.5,Moderate
40920,2,7,745.8,Moderate
40920,2,8,731.4,Moderate
40920,2,9,726.1,Busy
40920,2,10,727.5,Busy
40920,2,11,725.4,Busy
40920,2,12,728.3,Busy
40920,3,1,812.6,Busy
40920,3,2,835.0,Busy
40920,3,3,838.6,Busy
40920,3,4,823.3,Busy
40920,3,5,814.9,Busy
40920,3,6,805.9,Busy
40920,3,7,756.2,Busy
40920,3,8,738.6,Busy
40920,3,9,728.0,Busy
40920,3,10,729.4,Busy
40920,3,11,727.3,Busy
40920,3,12,736.8,Busy
40920,4,1,806.5,Busy
40920,4,2,830.5,Busy
40920,4,3,834.8,Busy
40920,4,4,819.5,Busy
40920,4,5,811.2,Busy
40920,4,6,802.2,Busy
40920,4,7,753.9,Busy
40920,4,8,736.3,Busy
40920,4,9,725.7,Moderate
40920,4,10,725.5,Moderate
40920,4,11,723.3,Busy
40920,4,12,732.1,Busy
40920,5,1,754.9,Moderate
40920,5,2,810.2,Moderate
40920,5,3,814.2,Moderate
40920,5,4,810.8,Moderate
40920,5,5,808.2,Busy
40920,5,6,805.8,Busy
40920,5,7,756.6,Busy
40920,5,8,739.0,Busy
40920,5,9,728.4,Busy
40920,5,10,726.7,Busy
40920,5,11,702.3,Moderate
40920,5,12,695.6,Moderate
40920,6,1,557.0,Quiet
40920,6,2,607.4,Quiet
40920,6,3,656.5,Quiet
40920,6,4,625.5,Quiet
40920,6,5,641.4,Quiet
40920,6,6,646.8,Quiet
40920,6,7,597.6,Quiet
40920,6,8,580.0,Quiet
40920,6,9,572.6,Quiet
40920,6,10,561.1,Quiet
40920,6,11,536.7,Quiet
40920,6,12,536.1,Quiet
40930,0,1,1377.6,Quiet
40930,0,2,1652.2,Quiet
40930,0,3,1945.9,Quiet
40930,0,4,1995.7,Quiet
40930,0,5,2289.4,Quiet
40930,0,6,2657.0,Quiet
40930,0,7,2593.1,Quiet
40930,0,8,2785.3,Quiet
40930,0,9,2864.0,Quiet
40930,0,10,3349.4,Quiet
40930,0,11,2476.9,Quiet
40930,0,12,2272.2,Quiet
40930,1,1,3398.6,Moderate
40930,1,2,3920.0,Moderate
40930,1,3,4128.9,Moderate
40930,1,4,4183.7,Moderate
40930,1,5,4478.3,Moderate
40930,1,6,4620.8,Moderate
40930,1,7,4536.0,Moderate
40930,1,8,4692.3,Moderate
40930,1,9,4825.8,Moderate
40930,1,10,5050.7,Moderate
40930,1,11,4808.0,Moderate
40930,1,12,4529.3,Moderate
40930,2,1,3687.7,Busy
40930,2,2,4138.0,Busy
40930,2,3,4487.4,Busy
40930,2,4,4626.2,Busy
40930,2,5,4916.3,Moderate
40930,2,6,5049.3,Moderate
40930,2,7,4964.4,Moderate
40930,2,8,5120.8,Moderate
40930,2,9,5271.7,Moderate
40930,2,10,5525.1,Moderate
40930,2,11,5214.6,Moderate
40930,2,12,4894.0,Busy
40930,3,1,3775.1,Busy
40930,3,2,4099.4,Busy
40930,3,3,4480.7,Busy
40930,3,4,4664.2,Busy
40930,3,5,5003.7,Busy
40930,3,6,5136.7,Busy
40930,3,7,5048.6,Busy
40930,3,8,5203.2,Busy
40930,3,9,5447.2,Busy
40930,3,10,5695.0,Busy
40930,3,11,5349.8,Busy
40930,3,12,4948.3,Busy
40930,4,1,3832.5,Busy
40930,4,2,4155.6,Busy
40930,4,3,4672.4,Busy
40930,4,4,4865.3,Busy
40930,4,5,5214.6,Busy
40930,4,6,5383.1,Busy
40930,4,7,5295.1,Busy
40930,4,8,5586.8,Busy
40930,4,9,5808.2,Busy
40930,4,10,6270.3,Busy
40930,4,11,5450.8,Busy
40930,4,12,5024.3,Busy
40930,5,1,3377.1,Moderate
40930,5,2,3818.6,Moderate
40930,5,3,4389.5,Moderate
40930,5,4,4612.4,Moderate
40930,5,5,4969.6,Busy
40930,5,6,5237.4,Busy
40930,5,7,5201.1,Busy
40930,5,8,5462.1,Busy
40930,5,9,5705.7,Busy
40930,5,10,6146.7,Busy
40930,5,11,5309.3,Busy
40930,5,12,4771.4,Moderate
40930,6,1,1878.7,Quiet
40930,6,2,1885.8,Quiet
40930,6,3,2446.5,Quiet
40930,6,4,2240.2,Quiet
40930,6,5,2817.5,Quiet
40930,6,6,3057.7,Quiet
40930,6,7,3047.4,Quiet
40930,6,8,3287.1,Quiet
40930,6,9,3382.2,Quiet
40930,6,10,3391.8,Quiet
40930,6,11,3059.5,Quiet
40930,6,12,2960.1,Quiet
40940,0,1,55.9,Quiet
40940,0,2,110.1,Quiet
40940,0,3,118.7,Quiet
40940,0,4,119.0,Quiet
40940,0,5,135.7,Quiet
40940,0,6,146.9,Quiet
40940,0,7,135.0,Quiet
40940,0,8,142.7,Quiet
40940,0,9,161.5,Quiet
40940,0,10,175.2,Quiet
40940,0,11,149.6,Quiet
40940,0,12,130.4,Quiet
40940,1,1,193.3,Moderate
40940,1,2,240.0,Moderate
40940,1,3,248.6,Moderate
40940,1,4,248.9,Moderate
40940,1,5,257.1,Moderate
40940,1,6,259.7,Moderate
40940,1,7,246.4,Moderate
40940,1,8,254.0,Moderate
40940,1,9,275.1,Moderate
40940,1,10,305.1,Moderate
40940,1,11,299.8,Moderate
40940,1,12,280.7,Moderate
40940,2,1,231.5,Busy
40940,2,2,269.2,Busy
40940,2,3,277.7,Busy
40940,2,4,278.1,Busy
40940,2,5,283.0,Busy
40940,2,6,285.6,Busy
40940,2,7,272.3,Busy
40940,2,8,279.9,Busy
40940,2,9,301.6,Busy
40940,2,10,335.2,Busy
40940,2,11,326.4,Busy
40940,2,12,303.5,Busy
40940,3,1,248.8,Busy
40940,3,2,270.9,Busy
40940,3,3,279.4,Busy
40940,3,4,280.2,Busy
40940,3,5,288.3,Busy
40940,3,6,291.0,Busy
40940,3,7,277.6,Busy
40940,3,8,286.1,Busy
40940,3,9,305.6,Busy
40940,3,10,339.3,Busy
40940,3,11,330.4,Busy
40940,3,12,310.0,Busy
40940,4,1,247.3,Busy
40940,4,2,267.7,Busy
40940,4,3,277.0,Busy
40940,4,4,277.8,Busy
40940,4,5,285.9,Busy
40940,4,6,288.5,Busy
40940,4,7,276.6,Busy
40940,4,8,285.1,Busy
40940,4,9,304.6,Busy
40940,4,10,336.6,Busy
40940,4,11,327.7,Busy
40940,4,12,306.6,Busy
40940,5,1,200.1,Moderate
40940,5,2,246.9,Moderate
40940,5,3,268.6,Moderate
40940,5,4,268.7,Moderate
40940,5,5,276.9,Moderate
40940,5,6,281.0,Moderate
40940,5,7,269.1,Moderate
40940,5,8,277.6,Moderate
40940,5,9,297.1,Moderate
40940,5,10,327.7,Moderate
40940,5,11,306.1,Moderate
40940,5,12,269.4,Moderate
40940,6,1,84.4,Quiet
40940,6,2,126.1,Quiet
40940,6,3,193.0,Quiet
40940,6,4,165.5,Quiet
40940,6,5,181.0,Quiet
40940,6,6,188.6,Quiet
40940,6,7,176.7,Quiet
40940,6,8,185.2,Quiet
40940,6,9,203.2,Quiet
40940,6,10,225.6,Quiet
40940,6,11,204.0,Quiet
40940,6,12,173.6,Quiet
40960,0,1,739.2,Quiet
40960,0,2,919.6,Quiet
40960,0,3,950.9,Quiet
40960,0,4,945.8,Quiet
40960,0,5,1035.2,Quiet
40960,0,6,1265.6,Quiet
40960,0,7,1184.1,Quiet
40960,0,8,1285.4,Quiet
40960,0,9,1371.1,Quiet
40960,0,10,1451.2,Quiet
40960,0,11,1169.3,Quiet
40960,0,12,1084.1,Quiet
40960,1,1,2206.8,Moderate
40960,1,2,2596.6,Moderate
40960,1,3,2636.1,Moderate
40960,1,4,2673.6,Moderate
40960,1,5,2733.2,Moderate
40960,1,6,2719.4,Moderate
40960,1,7,2500.8,Moderate
40960,1,8,2602.1,Moderate
40960,1,9,3034.3,Moderate
40960,1,10,3187.7,Moderate
40960,1,11,3167.7,Moderate
40960,1,12,2894.0,Moderate
40960,2,1,2460.9,Busy
40960,2,2,2976.2,Busy
40960,2,3,3069.7,Busy
40960,2,4,3107.3,Busy
40960,2,5,3163.6,Busy
40960,2,6,3117.3,Busy
40960,2,7,2898.6,Busy
40960,2,8,2955.4,Busy
40960,2,9,3540.7,Busy
40960,2,10,3671.7,Busy
40960,2,11,3600.3,Busy
40960,2,12,3293.8,Busy
40960,3,1,2571.2,Busy
40960,3,2,2948.1,Busy
40960,3,3,3055.7,Busy
40960,3,4,3098.2,Busy
40960,3,5,3157.7,Busy
40960,3,6,3111.4,Busy
40960,3,7,2911.9,Busy
40960,3,8,2969.5,Busy
40960,3,9,3575.1,Busy
40960,3,10,3678.6,Busy
40960,3,11,3608.4,Busy
40960,3,12,3296.9,Busy
40960,4,1,2613.5,Busy
40960,4,2,2951.7,Busy
40960,4,3,3072.0,Busy
40960,4,4,3114.5,Busy
40960,4,5,3174.1,Busy
40960,4,6,3127.8,Busy
40960,4,7,2938.8,Busy
40960,4,8,2996.4,Busy
40960,4,9,3566.5,Busy
40960,4,10,3663.2,Busy
40960,4,11,3593.0,Busy
40960,4,12,3280.6,Busy
40960,5,1,2191.7,Moderate
40960,5,2,2601.1,Moderate
40960,5,3,2682.2,Moderate
40960,5,4,2724.0,Moderate
40960,5,5,2798.1,Moderate
40960,5,6,2818.4,Moderate
40960,5,7,2664.8,Moderate
40960,5,8,2762.0,Moderate
40960,5,9,3187.9,Moderate
40960,5,10,3259.1,Moderate
40960,5,11,3153.1,Moderate
40960,5,12,2811.7,Moderate
40960,6,1,997.4,Quiet
40960,6,2,1219.5,Quiet
40960,6,3,1496.4,Quiet
40960,6,4,1392.5,Quiet
40960,6,5,1485.0,Quiet
40960,6,6,1604.7,Quiet
40960,6,7,1494.2,Quiet
40960,6,8,1591.4,Quiet
40960,6,9,1746.7,Quiet
40960,6,10,1726.3,Quiet
40960,6,11,1616.6,Quiet
40960,6,12,1567.6,Quiet
40970,0,1,225.6,Quiet
40970,0,2,293.6,Quiet
40970,0,3,305.1,Quiet
40970,0,4,309.3,Quiet
40970,0,5,343.3,Quiet
40970,0,6,356.7,Quiet
40970,0,7,340.0,Quiet
40970,0,8,327.7,Quiet
40970,0,9,321.4,Quiet
40970,0,10,343.3,Quiet
40970,0,11,307.9,Quiet
40970,0,12,300.1,Quiet
40970,1,1,500.3,Moderate
40970,1,2,558.3,Moderate
40970,1,3,568.4,Moderate
40970,1,4,568.9,Moderate
40970,1,5,584.2,Moderate
40970,1,6,594.0,Moderate
40970,1,7,568.8,Moderate
40970,1,8,556.5,Moderate
40970,1,9,556.8,Moderate
40970,1,10,595.1,Moderate
40970,1,11,588.2,Moderate
40970,1,12,570.3,Moderate
40970,2,1,549.2,Busy
40970,2,2,594.4,Busy
40970,2,3,604.6,Busy
40970,2,4,605.1,Busy
40970,2,5,620.3,Busy
40970,2,6,630.1,Busy
40970,2,7,605.0,Busy
40970,2,8,592.7,Busy
40970,2,9,585.6,Busy
40970,2,10,623.3,Busy
40970,2,11,612.9,Busy
40970,2,12,602.4,Busy
40970,3,1,574.8,Busy
40970,3,2,600.9,Busy
40970,3,3,611.0,Busy
40970,3,4,611.9,Busy
40970,3,5,627.2,Busy
40970,3,6,637.0,Busy
40970,3,7,611.8,Busy
40970,3,8,600.4,Busy
40970,3,9,588.0,Busy
40970,3,10,625.7,Busy
40970,3,11,615.3,Busy
40970,3,12,607.3,Busy
40970,4,1,570.1,Busy
40970,4,2,597.8,Busy
40970,4,3,608.7,Busy
40970,4,4,609.6,Busy
40970,4,5,624.9,Busy
40970,4,6,634.7,Busy
40970,4,7,610.9,Busy
40970,4,8,599.5,Busy
40970,4,9,587.1,Busy
40970,4,10,623.2,Busy
40970,4,11,612.7,Busy
40970,4,12,604.0,Busy
40970,5,1,507.4,Moderate
40970,5,2,566.3,Moderate
40970,5,3,590.7,Moderate
40970,5,4,591.0,Moderate
40970,5,5,612.8,Moderate
40970,5,6,624.2,Moderate
40970,5,7,600.4,Moderate
40970,5,8,588.9,Moderate
40970,5,9,576.6,Moderate
40970,5,10,609.4,Moderate
40970,5,11,586.2,Moderate
40970,5,12,561.9,Moderate
40970,6,1,298.0,Quiet
40970,6,2,348.2,Quiet
40970,6,3,504.5,Quiet
40970,6,4,392.6,Quiet
40970,6,5,421.8,Quiet
40970,6,6,446.7,Quiet
40970,6,7,424.4,Quiet
40970,6,8,412.9,Quiet
40970,6,9,403.7,Quiet
40970,6,10,415.7,Quiet
40970,6,11,392.6,Quiet
40970,6,12,377.8,Quiet
40980,0,1,94.7,Quiet
40980,0,2,148.9,Quiet
40980,0,3,164.3,Quiet
40980,0,4,167.2,Quiet
40980,0,5,203.0,Quiet
40980,0,6,213.6,Quiet
40980,0,7,197.4,Quiet
40980,0,8,188.3,Quiet
40980,0,9,187.4,Quiet
40980,0,10,209.3,Quiet
40980,0,11,173.9,Quiet
40980,0,12,159.1,Quiet
40980,1,1,302.9,Moderate
40980,1,2,354.6,Moderate
40980,1,3,366.3,Moderate
40980,1,4,358.0,Moderate
40980,1,5,375.1,Moderate
40980,1,6,383.0,Moderate
40980,1,7,358.5,Moderate
40980,1,8,349.4,Moderate
40980,1,9,351.4,Moderate
40980,1,10,385.5,Moderate
40980,1,11,378.6,Moderate
40980,1,12,369.7,Moderate
40980,2,1,354.9,Busy
40980,2,2,397.9,Busy
40980,2,3,409.6,Busy
40980,2,4,401.3,Moderate
40980,2,5,418.3,Moderate
40980,2,6,426.3,Moderate
40980,2,7,401.7,Moderate
40980,2,8,392.6,Moderate
40980,2,9,387.2,Moderate
40980,2,10,425.0,Moderate
40980,2,11,414.5,Busy
40980,2,12,401.9,Busy
40980,3,1,381.1,Busy
40980,3,2,416.2,Busy
40980,3,3,427.9,Busy
40980,3,4,427.5,Busy
40980,3,5,444.5,Busy
40980,3,6,452.5,Busy
40980,3,7,427.9,Busy
40980,3,8,419.6,Busy
40980,3,9,410.8,Busy
40980,3,10,446.3,Busy
40980,3,11,435.8,Busy
40980,3,12,419.8,Busy
40980,4,1,381.0,Busy
40980,4,2,414.4,Busy
40980,4,3,426.8,Busy
40980,4,4,426.4,Busy
40980,4,5,443.5,Busy
40980,4,6,451.4,Busy
40980,4,7,428.3,Busy
40980,4,8,420.0,Busy
40980,4,9,411.2,Busy
40980,4,10,445.0,Busy
40980,4,11,434.5,Busy
40980,4,12,417.8,Busy
40980,5,1,319.8,Moderate
40980,5,2,379.5,Moderate
40980,5,3,405.8,Moderate
40980,5,4,404.7,Busy
40980,5,5,428.4,Busy
40980,5,6,437.8,Busy
40980,5,7,414.7,Busy
40980,5,8,406.4,Busy
40980,5,9,397.6,Busy
40980,5,10,428.1,Busy
40980,5,11,405.0,Moderate
40980,5,12,372.6,Moderate
40980,6,1,143.2,Quiet
40980,6,2,179.7,Quiet
40980,6,3,314.5,Quiet
40980,6,4,223.4,Quiet
40980,6,5,254.4,Quiet
40980,6,6,277.4,Quiet
40980,6,7,255.7,Quiet
40980,6,8,247.4,Quiet
40980,6,9,242.6,Quiet
40980,6,10,252.3,Quiet
40980,6,11,229.2,Quiet
40980,6,12,206.4,Quiet
40990,0,1,908.6,Quiet
40990,0,2,1117.3,Quiet
40990,0,3,1129.3,Quiet
40990,0,4,1190.6,Quiet
40990,0,5,1280.6,Quiet
40990,0,6,1347.4,Quiet
40990,0,7,1283.2,Quiet
40990,0,8,1331.1,Quiet
40990,0,9,1356.8,Quiet
40990,0,10,1375.9,Quiet
40990,0,11,1313.5,Quiet
40990,0,12,1219.6,Quiet
40990,1,1,1758.0,Moderate
40990,1,2,1966.7,Moderate
40990,1,3,1971.5,Moderate
40990,1,4,2050.7,Moderate
40990,1,5,2087.4,Moderate
40990,1,6,2091.2,Moderate
40990,1,7,2028.3,Moderate
40990,1,8,2076.3,Moderate
40990,1,9,2215.5,Moderate
40990,1,10,2244.8,Moderate
40990,1,11,2223.9,Moderate
40990,1,12,2087.7,Moderate
40990,2,1,1830.9,Busy
40990,2,2,2063.6,Busy
40990,2,3,2098.4,Busy
40990,2,4,2186.0,Busy
40990,2,5,2219.5,Busy
40990,2,6,2226.2,Busy
40990,2,7,2160.4,Busy
40990,2,8,2193.1,Busy
40990,2,9,2334.8,Busy
40990,2,10,2367.7,Busy
40990,2,11,2327.7,Busy
40990,2,12,2179.4,Busy
40990,3,1,1869.2,Busy
40990,3,2,2056.8,Busy
40990,3,3,2095.6,Busy
40990,3,4,2183.6,Busy
40990,3,5,2220.3,Busy
40990,3,6,2227.0,Busy
40990,3,7,2161.2,Busy
40990,3,8,2193.9,Busy
40990,3,9,2330.4,Busy
40990,3,10,2363.3,Busy
40990,3,11,2324.4,Busy
40990,3,12,2176.0,Busy
40990,4,1,1899.8,Busy
40990,4,2,2058.3,Busy
40990,4,3,2103.6,Busy
40990,4,4,2191.6,Busy
40990,4,5,2228.3,Busy
40990,4,6,2235.0,Busy
40990,4,7,2170.6,Busy
40990,4,8,2203.3,Busy
40990,4,9,2331.7,Busy
40990,4,10,2362.9,Busy
40990,4,11,2324.1,Busy
40990,4,12,2175.9,Busy
40990,5,1,1757.9,Moderate
40990,5,2,1975.9,Moderate
40990,5,3,2013.3,Moderate
40990,5,4,2111.3,Moderate
40990,5,5,2154.6,Moderate
40990,5,6,2192.4,Moderate
40990,5,7,2138.2,Moderate
40990,5,8,2181.1,Moderate
40990,5,9,2285.0,Moderate
40990,5,10,2313.1,Moderate
40990,5,11,2261.6,Moderate
40990,5,12,2097.8,Moderate
40990,6,1,1325.7,Quiet
40990,6,2,1497.6,Quiet
40990,6,3,1675.1,Quiet
40990,6,4,1651.7,Quiet
40990,6,5,1686.5,Quiet
40990,6,6,1740.5,Quiet
40990,6,7,1686.9,Quiet
40990,6,8,1729.8,Quiet
40990,6,9,1809.3,Quiet
40990,6,10,1817.8,Quiet
40990,6,11,1766.2,Quiet
40990,6,12,1641.6,Quiet
41000,0,1,1509.9,Quiet
41000,0,2,2062.5,Busy
41000,0,3,2159.0,Busy
41000,0,4,2225.6,Quiet
41000,0,5,2477.1,Moderate
41000,0,6,3302.2,Busy
41000,0,7,3162.1,Busy
41000,0,8,3559.8,Busy
41000,0,9,3371.9,Busy
41000,0,10,5429.5,Busy
41000,0,11,2660.5,Moderate
41000,0,12,2155.0,Quiet
41000,1,1,1546.0,Quiet
41000,1,2,1836.4,Quiet
41000,1,3,1952.1,Quiet
41000,1,4,2188.0,Quiet
41000,1,5,2340.4,Quiet
41000,1,6,2566.6,Quiet
41000,1,7,2649.1,Quiet
41000,1,8,2960.2,Quiet
41000,1,9,2685.3,Quiet
41000,1,10,2923.1,Quiet
41000,1,11,2454.1,Quiet
41000,1,12,2202.5,Quiet
41000,2,1,1630.9,Moderate
41000,2,2,1831.1,Quiet
41000,2,3,1987.1,Quiet
41000,2,4,2269.5,Moderate
41000,2,5,2391.4,Quiet
41000,2,6,2585.0,Quiet
41000,2,7,2617.2,Quiet
41000,2,8,2924.8,Quiet
41000,2,9,2702.9,Quiet
41000,2,10,2948.5,Quiet
41000,2,11,2439.5,Quiet
41000,2,12,2237.3,Moderate
41000,3,1,1655.8,Moderate
41000,3,2,1874.3,Moderate
41000,3,3,2035.0,Moderate
41000,3,4,2358.7,Moderate
41000,3,5,2494.3,Moderate
41000,3,6,2687.9,Moderate
41000,3,7,2720.1,Moderate
41000,3,8,3027.7,Moderate
41000,3,9,2803.6,Moderate
41000,3,10,3019.5,Moderate
41000,3,11,2541.4,Moderate
41000,3,12,2281.5,Moderate
41000,4,1,1756.3,Busy
41000,4,2,1986.8,Moderate
41000,4,3,2147.5,Moderate
41000,4,4,2436.4,Busy
41000,4,5,2610.8,Busy
41000,4,6,2848.9,Moderate
41000,4,7,2893.3,Moderate
41000,4,8,3137.3,Moderate
41000,4,9,3046.8,Moderate
41000,4,10,3254.8,Moderate
41000,4,11,2719.8,Busy
41000,4,12,2332.3,Busy
41000,5,1,1847.2,Busy
41000,5,2,2211.7,Busy
41000,5,3,2491.9,Busy
41000,5,4,2716.6,Busy
41000,5,5,2915.6,Busy
41000,5,6,3413.6,Busy
41000,5,7,3519.6,Busy
41000,5,8,3755.9,Busy
41000,5,9,3654.7,Busy
41000,5,10,3750.7,Busy
41000,5,11,3148.6,Busy
41000,5,12,2588.8,Busy
41000,6,1,1921.3,Busy
41000,6,2,2322.7,Busy
41000,6,3,4370.7,Busy
41000,6,4,3172.2,Busy
41000,6,5,3292.0,Busy
41000,6,6,4098.3,Busy
41000,6,7,4321.7,Busy
41000,6,8,4407.6,Busy
41000,6,9,4220.9,Busy
41000,6,10,4295.2,Busy
41000,6,11,3580.6,Busy
41000,6,12,3080.5,Busy
41010,0,1,263.6,Quiet
41010,0,2,334.9,Quiet
41010,0,3,361.2,Quiet
41010,0,4,384.3,Quiet
41010,0,5,415.7,Quiet
41010,0,6,446.8,Quiet
41010,0,7,443.6,Quiet
41010,0,8,451.3,Quiet
41010,0,9,470.9,Quiet
41010,0,10,497.5,Quiet
41010,0,11,462.2,Quiet
41010,0,12,436.0,Quiet
41010,1,1,632.2,Moderate
41010,1,2,726.2,Moderate
41010,1,3,745.8,Moderate
41010,1,4,768.9,Moderate
41010,1,5,791.8,Moderate
41010,1,6,813.7,Moderate
41010,1,7,808.2,Moderate
41010,1,8,815.9,Moderate
41010,1,9,850.6,Moderate
41010,1,10,904.5,Moderate
41010,1,11,897.4,Moderate
41010,1,12,870.7,Moderate
41010,2,1,752.7,Busy
41010,2,2,838.0,Busy
41010,2,3,857.7,Busy
41010,2,4,889.1,Busy
41010,2,5,912.0,Busy
41010,2,6,933.9,Busy
41010,2,7,928.4,Busy
41010,2,8,936.1,Busy
41010,2,9,1006.9,Busy
41010,2,10,1042.8,Busy
41010,2,11,1041.5,Busy
41010,2,12,1017.1,Busy
41010,3,1,812.1,Busy
41010,3,2,853.1,Busy
41010,3,3,876.7,Busy
41010,3,4,908.6,Busy
41010,3,5,931.4,Busy
41010,3,6,953.3,Busy
41010,3,7,947.9,Busy
41010,3,8,956.4,Busy
41010,3,9,1040.2,Busy
41010,3,10,1076.2,Busy
41010,3,11,1074.8,Busy
41010,3,12,1045.0,Busy
41010,4,1,807.2,Busy
41010,4,2,846.6,Busy
41010,4,3,871.0,Busy
41010,4,4,902.8,Busy
41010,4,5,925.7,Busy
41010,4,6,947.5,Busy
41010,4,7,943.6,Busy
41010,4,8,952.1,Busy
41010,4,9,1035.9,Busy
41010,4,10,1070.2,Busy
41010,4,11,1068.8,Busy
41010,4,12,1046.8,Busy
41010,5,1,640.4,Moderate
41010,5,2,722.6,Moderate
41010,5,3,755.7,Moderate
41010,5,4,779.4,Moderate
41010,5,5,802.3,Moderate
41010,5,6,845.8,Moderate
41010,5,7,841.8,Moderate
41010,5,8,850.3,Moderate
41010,5,9,919.4,Moderate
41010,5,10,939.2,Moderate
41010,5,11,908.0,Moderate
41010,5,12,860.1,Moderate
41010,6,1,393.3,Quiet
41010,6,2,458.1,Quiet
41010,6,3,737.9,Quiet
41010,6,4,538.2,Quiet
41010,6,5,568.4,Quiet
41010,6,6,621.0,Quiet
41010,6,7,618.5,Quiet
41010,6,8,627.0,Quiet
41010,6,9,658.2,Quiet
41010,6,10,656.2,Quiet
41010,6,11,625.0,Quiet
41010,6,12,603.8,Quiet
41020,0,1,1138.5,Quiet
41020,0,2,1385.4,Quiet
41020,0,3,1427.0,Quiet
41020,0,4,1439.0,Quiet
41020,0,5,1549.3,Quiet
41020,0,6,2099.0,Quiet
41020,0,7,2068.3,Quiet
41020,0,8,2256.0,Quiet
41020,0,9,2272.5,Quiet
41020,0,10,2531.3,Quiet
41020,0,11,2008.2,Quiet
41020,0,12,1897.4,Quiet
41020,1,1,2529.2,Moderate
41020,1,2,2949.2,Moderate
41020,1,3,2962.8,Moderate
41020,1,4,3088.3,Moderate
41020,1,5,3144.0,Moderate
41020,1,6,3362.9,Moderate
41020,1,7,3301.7,Moderate
41020,1,8,3453.7,Moderate
41020,1,9,3599.2,Moderate
41020,1,10,3786.9,Moderate
41020,1,11,3687.8,Moderate
41020,1,12,3579.1,Moderate
41020,2,1,2883.0,Busy
41020,2,2,3425.4,Busy
41020,2,3,3485.1,Busy
41020,2,4,3610.7,Busy
41020,2,5,3666.3,Busy
41020,2,6,3855.7,Busy
41020,2,7,3791.4,Busy
41020,2,8,3899.0,Busy
41020,2,9,4108.3,Busy
41020,2,10,4303.4,Busy
41020,2,11,4200.8,Busy
41020,2,12,4086.3,Busy
41020,3,1,3055.1,Busy
41020,3,2,3489.5,Busy
41020,3,3,3556.6,Busy
41020,3,4,3696.6,Busy
41020,3,5,3752.3,Busy
41020,3,6,3941.6,Busy
41020,3,7,3888.4,Busy
41020,3,8,3963.4,Busy
41020,3,9,4212.2,Busy
41020,3,10,4398.7,Busy
41020,3,11,4294.2,Busy
41020,3,12,4148.8,Busy
41020,4,1,3122.6,Busy
41020,4,2,3530.3,Busy
41020,4,3,3603.3,Busy
41020,4,4,3752.7,Busy
41020,4,5,3808.4,Busy
41020,4,6,4016.7,Busy
41020,4,7,3963.4,Busy
41020,4,8,4038.5,Busy
41020,4,9,4279.1,Busy
41020,4,10,4464.5,Busy
41020,4,11,4346.1,Busy
41020,4,12,4183.7,Busy
41020,5,1,2617.7,Moderate
41020,5,2,3051.6,Moderate
41020,5,3,3143.6,Moderate
41020,5,4,3293.0,Moderate
41020,5,5,3348.6,Moderate
41020,5,6,3621.3,Moderate
41020,5,7,3609.4,Moderate
41020,5,8,3724.0,Moderate
41020,5,9,3896.7,Moderate
41020,5,10,4044.5,Moderate
41020,5,11,3866.8,Moderate
41020,5,12,3681.2,Moderate
41020,6,1,1862.5,Quiet
41020,6,2,2044.4,Quiet
41020,6,3,2530.5,Quiet
41020,6,4,2056.5,Quiet
41020,6,5,2124.6,Quiet
41020,6,6,2746.6,Quiet
41020,6,7,2760.9,Quiet
41020,6,8,2858.5,Quiet
41020,6,9,2934.5,Quiet
41020,6,10,2982.8,Quiet
41020,6,11,2736.9,Quiet
41020,6,12,2665.6,Quiet
41030,0,1,360.5,Quiet
41030,0,2,399.7,Quiet
41030,0,3,438.1,Quiet
41030,0,4,502.6,Quiet
41030,0,5,481.9,Quiet
41030,0,6,533.4,Quiet
41030,0,7,574.0,Quiet
41030,0,8,601.5,Quiet
41030,0,9,697.3,Quiet
41030,0,10,874.2,Quiet
41030,0,11,547.6,Quiet
41030,0,12,446.7,Quiet
41030,1,1,1706.7,Moderate
41030,1,2,1921.1,Moderate
41030,1,3,1884.8,Moderate
41030,1,4,1942.8,Moderate
41030,1,5,1887.4,Moderate
41030,1,6,1888.6,Moderate
41030,1,7,1922.6,Moderate
41030,1,8,1950.1,Moderate
41030,1,9,2145.2,Moderate
41030,1,10,2358.3,Moderate
41030,1,11,2281.8,Moderate
41030,1,12,2109.2,Moderate
41030,2,1,1876.2,Busy
41030,2,2,2118.9,Busy
41030,2,3,2105.0,Busy
41030,2,4,2171.4,Busy
41030,2,5,2110.3,Busy
41030,2,6,2111.5,Busy
41030,2,7,2145.5,Busy
41030,2,8,2173.0,Busy
41030,2,9,2488.0,Busy
41030,2,10,2669.0,Busy
41030,2,11,2536.6,Busy
41030,2,12,2369.3,Busy
41030,3,1,1974.8,Busy
41030,3,2,2058.9,Busy
41030,3,3,2067.2,Busy
41030,3,4,2138.5,Busy
41030,3,5,2077.5,Busy
41030,3,6,2078.7,Busy
41030,3,7,2112.7,Busy
41030,3,8,2146.3,Busy
41030,3,9,2478.5,Busy
41030,3,10,2638.5,Busy
41030,3,11,2506.1,Busy
41030,3,12,2316.0,Busy
41030,4,1,2000.3,Busy
41030,4,2,2042.8,Busy
41030,4,3,2059.6,Busy
41030,4,4,2160.0,Busy
41030,4,5,2073.4,Busy
41030,4,6,2074.6,Busy
41030,4,7,2110.0,Busy
41030,4,8,2143.5,Busy
41030,4,9,2488.7,Busy
41030,4,10,2647.1,Busy
41030,4,11,2514.6,Busy
41030,4,12,2314.3,Busy
41030,5,1,1581.0,Moderate
41030,5,2,1740.4,Moderate
41030,5,3,1784.4,Moderate
41030,5,4,1880.6,Moderate
41030,5,5,1809.2,Moderate
41030,5,6,1853.4,Moderate
41030,5,7,1892.6,Moderate
41030,5,8,1949.1,Moderate
41030,5,9,2197.9,Moderate
41030,5,10,2327.6,Moderate
41030,5,11,2088.9,Moderate
41030,5,12,1871.7,Moderate
41030,6,1,478.7,Quiet
41030,6,2,526.8,Quiet
41030,6,3,742.8,Quiet
41030,6,4,643.6,Quiet
41030,6,5,595.5,Quiet
41030,6,6,632.9,Quiet
41030,6,7,698.1,Quiet
41030,6,8,754.5,Quiet
41030,6,9,884.5,Quiet
41030,6,10,925.1,Quiet
41030,6,11,632.1,Quiet
41030,6,12,663.4,Quiet
41040,0,1,278.0,Quiet
41040,0,2,381.6,Quiet
41040,0,3,393.8,Quiet
41040,0,4,413.1,Quiet
41040,0,5,391.6,Quiet
41040,0,6,521.2,Quiet
41040,0,7,517.2,Quiet
41040,0,8,528.0,Quiet
41040,0,9,710.5,Quiet
41040,0,10,603.9,Quiet
41040,0,11,490.8,Quiet
41040,0,12,447.0,Quiet
41040,1,1,525.0,Moderate
41040,1,2,606.6,Moderate
41040,1,3,601.3,Moderate
41040,1,4,616.8,Moderate
41040,1,5,645.6,Moderate
41040,1,6,682.6,Moderate
41040,1,7,678.6,Moderate
41040,1,8,689.4,Moderate
41040,1,9,806.1,Quiet
41040,1,10,824.8,Moderate
41040,1,11,757.8,Moderate
41040,1,12,712.4,Moderate
41040,2,1,566.1,Busy
41040,2,2,633.5,Busy
41040,2,3,628.1,Moderate
41040,2,4,652.0,Moderate
41040,2,5,680.8,Moderate
41040,2,6,717.8,Moderate
41040,2,7,713.8,Moderate
41040,2,8,724.6,Moderate
41040,2,9,881.6,Moderate
41040,2,10,873.5,Moderate
41040,2,11,800.3,Moderate
41040,2,12,733.5,Busy
41040,3,1,591.4,Busy
41040,3,2,643.5,Busy
41040,3,3,638.2,Busy
41040,3,4,666.2,Busy
41040,3,5,695.0,Busy
41040,3,6,732.0,Busy
41040,3,7,728.0,Busy
41040,3,8,739.6,Busy
41040,3,9,939.7,Busy
41040,3,10,894.2,Busy
41040,3,11,821.0,Busy
41040,3,12,743.0,Busy
41040,4,1,612.0,Busy
41040,4,2,647.5,Busy
41040,4,3,648.1,Busy
41040,4,4,676.1,Busy
41040,4,5,704.8,Busy
41040,4,6,760.5,Busy
41040,4,7,756.6,Busy
41040,4,8,768.2,Busy
41040,4,9,968.2,Busy
41040,4,10,921.6,Busy
41040,4,11,834.8,Busy
41040,4,12,743.5,Busy
41040,5,1,553.3,Moderate
41040,5,2,632.3,Moderate
41040,5,3,638.2,Busy
41040,5,4,676.3,Busy
41040,5,5,705.0,Busy
41040,5,6,787.2,Busy
41040,5,7,783.2,Busy
41040,5,8,821.1,Busy
41040,5,9,1017.1,Busy
41040,5,10,926.7,Busy
41040,5,11,818.5,Busy
41040,5,12,711.6,Moderate
41040,6,1,363.6,Quiet
41040,6,2,425.1,Quiet
41040,6,3,556.7,Quiet
41040,6,4,486.9,Quiet
41040,6,5,515.6,Quiet
41040,6,6,613.5,Quiet
41040,6,7,609.6,Quiet
41040,6,8,647.5,Quiet
41040,6,9,813.4,Moderate
41040,6,10,701.2,Quiet
41040,6,11,593.0,Quiet
41040,6,12,514.5,Quiet
41050,0,1,95.0,Quiet
41050,0,2,163.5,Quiet
41050,0,3,176.4,Quiet
41050,0,4,214.8,Quiet
41050,0,5,266.2,Quiet
41050,0,6,331.5,Quiet
41050,0,7,327.7,Quiet
41050,0,8,353.2,Quiet
41050,0,9,292.5,Quiet
41050,0,10,280.9,Quiet
41050,0,11,207.1,Quiet
41050,0,12,222.3,Quiet
41050,1,1,289.7,Moderate
41050,1,2,340.5,Moderate
41050,1,3,353.4,Quiet
41050,1,4,391.8,Moderate
41050,1,5,443.1,Moderate
41050,1,6,516.8,Moderate
41050,1,7,515.6,Moderate
41050,1,8,548.5,Moderate
41050,1,9,503.0,Moderate
41050,1,10,466.1,Moderate
41050,1,11,411.5,Moderate
41050,1,12,426.8,Moderate
41050,2,1,338.8,Busy
41050,2,2,380.9,Busy
41050,2,3,393.8,Moderate
41050,2,4,440.5,Moderate
41050,2,5,491.9,Moderate
41050,2,6,568.5,Moderate
41050,2,7,564.3,Moderate
41050,2,8,597.3,Moderate
41050,2,9,552.6,Moderate
41050,2,10,511.0,Moderate
41050,2,11,459.6,Busy
41050,2,12,462.8,Busy
41050,3,1,364.4,Busy
41050,3,2,390.9,Busy
41050,3,3,403.8,Busy
41050,3,4,451.0,Busy
41050,3,5,502.3,Busy
41050,3,6,579.0,Busy
41050,3,7,574.8,Busy
41050,3,8,604.4,Busy
41050,3,9,554.5,Busy
41050,3,10,512.9,Busy
41050,3,11,461.5,Busy
41050,3,12,471.3,Busy
41050,4,1,360.9,Busy
41050,4,2,383.3,Busy
41050,4,3,402.7,Busy
41050,4,4,449.8,Busy
41050,4,5,501.2,Busy
41050,4,6,577.7,Busy
41050,4,7,574.9,Busy
41050,4,8,604.6,Busy
41050,4,9,554.7,Busy
41050,4,10,511.5,Busy
41050,4,11,460.2,Busy
41050,4,12,469.2,Busy
41050,5,1,309.2,Moderate
41050,5,2,368.1,Moderate
41050,5,3,387.5,Moderate
41050,5,4,444.8,Busy
41050,5,5,496.1,Busy
41050,5,6,586.3,Busy
41050,5,7,583.5,Busy
41050,5,8,613.2,Busy
41050,5,9,563.3,Busy
41050,5,10,511.4,Busy
41050,5,11,442.5,Moderate
41050,5,12,435.9,Moderate
41050,6,1,150.3,Quiet
41050,6,2,200.6,Quiet
41050,6,3,489.6,Busy
41050,6,4,296.9,Quiet
41050,6,5,348.2,Quiet
41050,6,6,476.4,Quiet
41050,6,7,473.7,Quiet
41050,6,8,458.6,Quiet
41050,6,9,484.7,Quiet
41050,6,10,377.0,Quiet
41050,6,11,308.0,Quiet
41050,6,12,317.9,Quiet
41060,0,1,330.1,Quiet
41060,0,2,430.9,Quiet
41060,0,3,449.3,Quiet
41060,0,4,479.8,Quiet
41060,0,5,516.0,Quiet
41060,0,6,549.1,Quiet
41060,0,7,541.7,Quiet
41060,0,8,549.4,Quiet
41060,0,9,571.4,Quiet
41060,0,10,636.0,Quiet
41060,0,11,548.0,Quiet
41060,0,12,508.4,Quiet
41060,1,1,805.1,Moderate
41060,1,2,925.3,Moderate
41060,1,3,938.3,Moderate
41060,1,4,968.9,Moderate
41060,1,5,996.6,Moderate
41060,1,6,1021.1,Moderate
41060,1,7,1010.8,Moderate
41060,1,8,1018.5,Moderate
41060,1,9,1064.4,Moderate
41060,1,10,1125.8,Moderate
41060,1,11,1095.1,Moderate
41060,1,12,1055.4,Moderate
41060,2,1,887.8,Busy
41060,2,2,999.9,Busy
41060,2,3,1012.9,Busy
41060,2,4,1051.8,Busy
41060,2,5,1079.5,Busy
41060,2,6,1104.0,Busy
41060,2,7,1093.7,Busy
41060,2,8,1101.4,Busy
41060,2,9,1186.0,Busy
41060,2,10,1238.4,Busy
41060,2,11,1201.6,Busy
41060,2,12,1140.5,Busy
41060,3,1,943.6,Busy
41060,3,2,1012.4,Busy
41060,3,3,1029.3,Busy
41060,3,4,1068.7,Busy
41060,3,5,1096.4,Busy
41060,3,6,1120.8,Busy
41060,3,7,1110.6,Busy
41060,3,8,1119.1,Busy
41060,3,9,1208.0,Busy
41060,3,10,1257.0,Busy
41060,3,11,1221.4,Busy
41060,3,12,1155.0,Busy
41060,4,1,944.4,Busy
41060,4,2,1011.5,Busy
41060,4,3,1029.2,Busy
41060,4,4,1068.6,Busy
41060,4,5,1096.2,Busy
41060,4,6,1120.7,Busy
41060,4,7,1111.9,Busy
41060,4,8,1120.4,Busy
41060,4,9,1209.4,Busy
41060,4,10,1256.6,Busy
41060,4,11,1221.0,Busy
41060,4,12,1153.9,Busy
41060,5,1,835.6,Moderate
41060,5,2,940.5,Moderate
41060,5,3,972.0,Moderate
41060,5,4,1010.7,Moderate
41060,5,5,1038.4,Moderate
41060,5,6,1071.3,Moderate
41060,5,7,1062.5,Moderate
41060,5,8,1071.0,Moderate
41060,5,9,1152.6,Moderate
41060,5,10,1196.6,Moderate
41060,5,11,1146.7,Moderate
41060,5,12,1063.9,Moderate
41060,6,1,462.1,Quiet
41060,6,2,530.7,Quiet
41060,6,3,718.5,Quiet
41060,6,4,617.7,Quiet
41060,6,5,652.7,Quiet
41060,6,6,710.5,Quiet
41060,6,7,703.2,Quiet
41060,6,8,711.7,Quiet
41060,6,9,743.0,Quiet
41060,6,10,760.7,Quiet
41060,6,11,710.8,Quiet
41060,6,12,656.8,Quiet
41070,0,1,230.6,Quiet
41070,0,2,307.9,Quiet
41070,0,3,318.7,Quiet
41070,0,4,331.2,Quiet
41070,0,5,367.3,Quiet
41070,0,6,367.7,Quiet
41070,0,7,351.7,Quiet
41070,0,8,368.8,Quiet
41070,0,9,402.1,Quiet
41070,0,10,451.3,Quiet
41070,0,11,365.6,Quiet
41070,0,12,346.3,Quiet
41070,1,1,560.8,Moderate
41070,1,2,629.4,Moderate
41070,1,3,636.6,Moderate
41070,1,4,637.9,Moderate
41070,1,5,655.3,Moderate
41070,1,6,647.2,Moderate
41070,1,7,628.3,Moderate
41070,1,8,645.4,Moderate
41070,1,9,690.1,Moderate
41070,1,10,731.9,Moderate
41070,1,11,706.3,Moderate
41070,1,12,682.8,Moderate
41070,2,1,613.3,Busy
41070,2,2,669.5,Busy
41070,2,3,676.7,Busy
41070,2,4,678.0,Busy
41070,2,5,695.4,Busy
41070,2,6,687.2,Busy
41070,2,7,668.4,Busy
41070,2,8,685.5,Busy
41070,2,9,750.4,Busy
41070,2,10,787.4,Busy
41070,2,11,755.6,Busy
41070,2,12,730.3,Busy
41070,3,1,639.6,Busy
41070,3,2,677.5,Busy
41070,3,3,684.7,Busy
41070,3,4,693.9,Busy
41070,3,5,711.2,Busy
41070,3,6,703.1,Busy
41070,3,7,684.3,Busy
41070,3,8,702.2,Busy
41070,3,9,771.5,Busy
41070,3,10,805.0,Busy
41070,3,11,774.5,Busy
41070,3,12,737.9,Busy
41070,4,1,636.8,Busy
41070,4,2,673.1,Busy
41070,4,3,681.0,Busy
41070,4,4,690.2,Busy
41070,4,5,707.6,Busy
41070,4,6,699.5,Busy
41070,4,7,682.0,Busy
41070,4,8,700.0,Busy
41070,4,9,769.2,Busy
41070,4,10,801.1,Busy
41070,4,11,770.6,Busy
41070,4,12,733.3,Busy
41070,5,1,545.1,Moderate
41070,5,2,630.6,Moderate
41070,5,3,652.3,Moderate
41070,5,4,660.9,Moderate
41070,5,5,684.8,Moderate
41070,5,6,678.2,Moderate
41070,5,7,660.8,Moderate
41070,5,8,678.8,Moderate
41070,5,9,740.7,Moderate
41070,5,10,769.3,Moderate
41070,5,11,724.4,Moderate
41070,5,12,671.5,Moderate
41070,6,1,319.7,Quiet
41070,6,2,363.6,Quiet
41070,6,3,492.3,Quiet
41070,6,4,410.7,Quiet
41070,6,5,442.0,Quiet
41070,6,6,454.7,Quiet
41070,6,7,438.7,Quiet
41070,6,8,456.7,Quiet
41070,6,9,497.0,Quiet
41070,6,10,500.5,Quiet
41070,6,11,455.7,Quiet
41070,6,12,431.5,Quiet
41080,0,1,162.5,Quiet
41080,0,2,226.4,Quiet
41080,0,3,236.2,Quiet
41080,0,4,248.3,Quiet
41080,0,5,277.3,Quiet
41080,0,6,304.8,Quiet
41080,0,7,308.4,Quiet
41080,0,8,316.1,Quiet
41080,0,9,322.8,Quiet
41080,0,10,338.8,Quiet
41080,0,11,295.3,Quiet
41080,0,12,269.1,Quiet
41080,1,1,404.3,Moderate
41080,1,2,463.1,Moderate
41080,1,3,472.9,Moderate
41080,1,4,485.0,Moderate
41080,1,5,505.6,Moderate
41080,1,6,524.4,Moderate
41080,1,7,525.2,Moderate
41080,1,8,532.8,Moderate
41080,1,9,544.8,Moderate
41080,1,10,573.9,Moderate
41080,1,11,560.2,Moderate
41080,1,12,534.0,Moderate
41080,2,1,446.2,Busy
41080,2,2,492.2,Busy
41080,2,3,502.0,Busy
41080,2,4,514.1,Busy
41080,2,5,534.7,Busy
41080,2,6,553.5,Busy
41080,2,7,554.3,Busy
41080,2,8,562.0,Busy
41080,2,9,582.8,Moderate
41080,2,10,603.1,Busy
41080,2,11,585.8,Busy
41080,2,12,555.9,Busy
41080,3,1,472.2,Busy
41080,3,2,499.0,Busy
41080,3,3,508.9,Busy
41080,3,4,521.3,Busy
41080,3,5,541.9,Busy
41080,3,6,560.7,Busy
41080,3,7,561.5,Busy
41080,3,8,570.0,Busy
41080,3,9,596.5,Busy
41080,3,10,615.5,Busy
41080,3,11,599.5,Busy
41080,3,12,564.3,Busy
41080,4,1,467.4,Busy
41080,4,2,495.9,Busy
41080,4,3,506.4,Busy
41080,4,4,518.9,Busy
41080,4,5,539.5,Busy
41080,4,6,558.3,Busy
41080,4,7,560.5,Busy
41080,4,8,569.0,Busy
41080,4,9,595.5,Busy
41080,4,10,612.9,Busy
41080,4,11,596.8,Busy
41080,4,12,560.9,Busy
41080,5,1,415.4,Moderate
41080,5,2,470.3,Moderate
41080,5,3,493.3,Moderate
41080,5,4,505.1,Moderate
41080,5,5,525.6,Moderate
41080,5,6,546.0,Moderate
41080,5,7,548.2,Moderate
41080,5,8,556.7,Moderate
41080,5,9,583.2,Busy
41080,5,10,599.1,Moderate
41080,5,11,570.4,Moderate
41080,5,12,518.9,Moderate
41080,6,1,242.8,Quiet
41080,6,2,292.7,Quiet
41080,6,3,360.8,Quiet
41080,6,4,345.0,Quiet
41080,6,5,372.9,Quiet
41080,6,6,396.7,Quiet
41080,6,7,400.4,Quiet
41080,6,8,408.9,Quiet
41080,6,9,423.2,Quiet
41080,6,10,428.7,Quiet
41080,6,11,400.0,Quiet
41080,6,12,362.5,Quiet
41090,0,1,1010.7,Quiet
41090,0,2,1265.6,Quiet
41090,0,3,1480.0,Quiet
41090,0,4,1520.2,Quiet
41090,0,5,1662.0,Quiet
41090,0,6,2131.2,Quiet
41090,0,7,2138.1,Quiet
41090,0,8,2340.8,Quiet
41090,0,9,2263.7,Quiet
41090,0,10,3122.7,Quiet
41090,0,11,1827.7,Quiet
41090,0,12,1641.8,Quiet
41090,1,1,2467.8,Moderate
41090,1,2,2850.2,Moderate
41090,1,3,2997.0,Moderate
41090,1,4,3140.8,Moderate
41090,1,5,3208.0,Moderate
41090,1,6,3438.0,Moderate
41090,1,7,3412.5,Moderate
41090,1,8,3605.3,Moderate
41090,1,9,3619.7,Moderate
41090,1,10,3801.4,Moderate
41090,1,11,3513.3,Moderate
41090,1,12,3264.1,Moderate
41090,2,1,2816.1,Busy
41090,2,2,3309.8,Busy
41090,2,3,3527.8,Busy
41090,2,4,3671.6,Busy
41090,2,5,3748.0,Busy
41090,2,6,3958.1,Busy
41090,2,7,3919.9,Busy
41090,2,8,4068.2,Busy
41090,2,9,4130.2,Busy
41090,2,10,4324.5,Busy
41090,2,11,4007.9,Busy
41090,2,12,3761.0,Busy
41090,3,1,2926.8,Busy
41090,3,2,3351.5,Busy
41090,3,3,3571.5,Busy
41090,3,4,3715.7,Busy
41090,3,5,3792.1,Busy
41090,3,6,4002.2,Busy
41090,3,7,3968.4,Busy
41090,3,8,4111.5,Busy
41090,3,9,4178.9,Busy
41090,3,10,4304.1,Busy
41090,3,11,4056.6,Busy
41090,3,12,3808.6,Busy
41090,4,1,3051.0,Busy
41090,4,2,3412.5,Busy
41090,4,3,3631.3,Busy
41090,4,4,3784.8,Busy
41090,4,5,3871.0,Busy
41090,4,6,4101.5,Busy
41090,4,7,4067.7,Busy
41090,4,8,4181.6,Busy
41090,4,9,4270.1,Busy
41090,4,10,4394.2,Busy
41090,4,11,4121.6,Busy
41090,4,12,3843.4,Busy
41090,5,1,2331.0,Moderate
41090,5,2,2770.8,Moderate
41090,5,3,3052.8,Moderate
41090,5,4,3220.7,Moderate
41090,5,5,3282.4,Moderate
41090,5,6,3572.4,Moderate
41090,5,7,3577.9,Moderate
41090,5,8,3698.9,Moderate
41090,5,9,3724.5,Moderate
41090,5,10,3764.0,Moderate
41090,5,11,3475.4,Moderate
41090,5,12,3223.6,Moderate
41090,6,1,1543.8,Quiet
41090,6,2,1734.3,Quiet
41090,6,3,2365.6,Quiet
41090,6,4,2263.8,Quiet
41090,6,5,2376.6,Quiet
41090,6,6,2792.7,Quiet
41090,6,7,2798.7,Quiet
41090,6,8,2923.1,Quiet
41090,6,9,2866.8,Quiet
41090,6,10,2846.0,Quiet
41090,6,11,2516.2,Quiet
41090,6,12,2362.1,Quiet
41120,0,1,319.5,Quiet
41120,0,2,433.9,Quiet
41120,0,3,432.6,Quiet
41120,0,4,443.9,Quiet
41120,0,5,433.9,Quiet
41120,0,6,433.4,Quiet
41120,0,7,455.3,Quiet
41120,0,8,498.9,Quiet
41120,0,9,593.8,Quiet
41120,0,10,895.4,Quiet
41120,0,11,519.5,Quiet
41120,0,12,471.8,Quiet
41120,1,1,720.0,Moderate
41120,1,2,828.1,Moderate
41120,1,3,823.4,Moderate
41120,1,4,835.0,Moderate
41120,1,5,811.6,Moderate
41120,1,6,793.9,Moderate
41120,1,7,808.8,Moderate
41120,1,8,833.9,Moderate
41120,1,9,1004.7,Moderate
41120,1,10,1142.5,Moderate
41120,1,11,1012.0,Moderate
41120,1,12,895.5,Moderate
41120,2,1,789.1,Busy
41120,2,2,891.9,Busy
41120,2,3,887.2,Busy
41120,2,4,907.1,Moderate
41120,2,5,883.7,Busy
41120,2,6,866.0,Busy
41120,2,7,880.9,Busy
41120,2,8,906.0,Moderate
41120,2,9,1118.3,Moderate
41120,2,10,1243.3,Busy
41120,2,11,1103.8,Busy
41120,2,12,977.0,Busy
41120,3,1,824.0,Busy
41120,3,2,895.2,Busy
41120,3,3,890.5,Busy
41120,3,4,910.8,Busy
41120,3,5,887.5,Busy
41120,3,6,869.7,Busy
41120,3,7,884.7,Busy
41120,3,8,915.9,Busy
41120,3,9,1133.8,Busy
41120,3,10,1252.2,Busy
41120,3,11,1119.3,Busy
41120,3,12,981.9,Busy
41120,4,1,826.8,Busy
41120,4,2,897.1,Busy
41120,4,3,892.4,Busy
41120,4,4,912.8,Busy
41120,4,5,889.4,Busy
41120,4,6,871.7,Busy
41120,4,7,886.6,Busy
41120,4,8,917.8,Busy
41120,4,9,1135.8,Busy
41120,4,10,1254.2,Busy
41120,4,11,1121.2,Busy
41120,4,12,983.9,Busy
41120,5,1,753.5,Moderate
41120,5,2,863.4,Moderate
41120,5,3,871.1,Moderate
41120,5,4,915.8,Busy
41120,5,5,874.7,Moderate
41120,5,6,858.4,Moderate
41120,5,7,873.4,Moderate
41120,5,8,920.4,Busy
41120,5,9,1125.3,Busy
41120,5,10,1229.8,Moderate
41120,5,11,1086.1,Moderate
41120,5,12,948.3,Moderate
41120,6,1,475.5,Quiet
41120,6,2,561.9,Quiet
41120,6,3,763.4,Quiet
41120,6,4,633.0,Quiet
41120,6,5,595.5,Quiet
41120,6,6,601.7,Quiet
41120,6,7,618.1,Quiet
41120,6,8,683.2,Quiet
41120,6,9,817.1,Quiet
41120,6,10,887.1,Quiet
41120,6,11,743.5,Quiet
41120,6,12,642.6,Quiet
41130,0,1,367.0,Quiet
41130,0,2,572.7,Quiet
41130,0,3,594.7,Quiet
41130,0,4,589.8,Quiet
41130,0,5,581.2,Quiet
41130,0,6,652.8,Quiet
41130,0,7,644.6,Quiet
41130,0,8,707.8,Quiet
41130,0,9,801.0,Quiet
41130,0,10,1068.8,Quiet
41130,0,11,761.7,Quiet
41130,0,12,678.0,Quiet
41130,1,1,1165.1,Moderate
41130,1,2,1436.2,Moderate
41130,1,3,1411.7,Moderate
41130,1,4,1407.1,Moderate
41130,1,5,1384.3,Moderate
41130,1,6,1356.5,Moderate
41130,1,7,1348.8,Moderate
41130,1,8,1379.4,Moderate
41130,1,9,1657.9,Moderate
41130,1,10,1842.9,Moderate
41130,1,11,1758.7,Moderate
41130,1,12,1561.1,Moderate
41130,2,1,1270.0,Busy
41130,2,2,1564.0,Busy
41130,2,3,1539.5,Busy
41130,2,4,1543.2,Busy
41130,2,5,1517.2,Busy
41130,2,6,1489.4,Busy
41130,2,7,1481.7,Busy
41130,2,8,1512.4,Busy
41130,2,9,1856.5,Busy
41130,2,10,1995.3,Busy
41130,2,11,1901.0,Busy
41130,2,12,1666.3,Busy
41130,3,1,1325.0,Busy
41130,3,2,1555.4,Busy
41130,3,3,1534.8,Busy
41130,3,4,1539.0,Busy
41130,3,5,1516.2,Busy
41130,3,6,1488.4,Busy
41130,3,7,1480.7,Busy
41130,3,8,1517.4,Busy
41130,3,9,1881.9,Busy
41130,3,10,2014.1,Busy
41130,3,11,1926.4,Busy
41130,3,12,1666.4,Busy
41130,4,1,1320.2,Busy
41130,4,2,1542.6,Busy
41130,4,3,1529.1,Busy
41130,4,4,1533.2,Busy
41130,4,5,1510.4,Busy
41130,4,6,1482.6,Busy
41130,4,7,1476.4,Busy
41130,4,8,1513.1,Busy
41130,4,9,1877.6,Busy
41130,4,10,1996.0,Busy
41130,4,11,1908.3,Busy
41130,4,12,1668.5,Busy
41130,5,1,1160.4,Moderate
41130,5,2,1389.8,Moderate
41130,5,3,1392.9,Moderate
41130,5,4,1396.4,Moderate
41130,5,5,1380.2,Moderate
41130,5,6,1378.1,Moderate
41130,5,7,1378.1,Moderate
41130,5,8,1414.8,Moderate
41130,5,9,1747.0,Moderate
41130,5,10,1864.0,Moderate
41130,5,11,1744.8,Moderate
41130,5,12,1488.2,Moderate
41130,6,1,579.8,Quiet
41130,6,2,746.1,Quiet
41130,6,3,959.8,Quiet
41130,6,4,809.1,Quiet
41130,6,5,788.0,Quiet
41130,6,6,902.5,Quiet
41130,6,7,882.1,Quiet
41130,6,8,918.8,Quiet
41130,6,9,1069.2,Quiet
41130,6,10,1102.5,Quiet
41130,6,11,987.2,Quiet
41130,6,12,872.4,Quiet
41140,0,1,58.6,Quiet
41140,0,2,108.8,Quiet
41140,0,3,108.9,Quiet
41140,0,4,112.8,Quiet
41140,0,5,128.5,Quiet
41140,0,6,139.6,Quiet
41140,0,7,128.6,Quiet
41140,0,8,133.5,Quiet
41140,0,9,130.6,Quiet
41140,0,10,159.0,Quiet
41140,0,11,128.2,Quiet
41140,0,12,119.4,Quiet
41140,1,1,170.2,Moderate
41140,1,2,210.2,Moderate
41140,1,3,210.4,Moderate
41140,1,4,210.5,Moderate
41140,1,5,217.8,Moderate
41140,1,6,227.5,Moderate
41140,1,7,215.1,Moderate
41140,1,8,220.0,Moderate
41140,1,9,224.4,Moderate
41140,1,10,269.2,Moderate
41140,1,11,263.4,Moderate
41140,1,12,254.6,Moderate
41140,2,1,209.8,Busy
41140,2,2,240.1,Busy
41140,2,3,240.2,Busy
41140,2,4,240.4,Busy
41140,2,5,244.4,Busy
41140,2,6,254.1,Busy
41140,2,7,241.7,Busy
41140,2,8,246.6,Busy
41140,2,9,251.6,Busy
41140,2,10,300.0,Busy
41140,2,11,288.0,Busy
41140,2,12,275.5,Busy
41140,3,1,212.2,Busy
41140,3,2,233.5,Busy
41140,3,3,233.6,Busy
41140,3,4,234.2,Busy
41140,3,5,241.4,Busy
41140,3,6,251.2,Busy
41140,3,7,238.8,Busy
41140,3,8,244.5,Busy
41140,3,9,247.3,Busy
41140,3,10,295.7,Busy
41140,3,11,283.7,Busy
41140,3,12,282.9,Busy
41140,4,1,213.2,Busy
41140,4,2,232.9,Busy
41140,4,3,233.8,Busy
41140,4,4,234.4,Busy
41140,4,5,241.6,Busy
41140,4,6,251.4,Busy
41140,4,7,240.4,Busy
41140,4,8,246.1,Busy
41140,4,9,249.0,Busy
41140,4,10,295.7,Busy
41140,4,11,283.7,Busy
41140,4,12,282.1,Busy
41140,5,1,169.8,Moderate
41140,5,2,216.6,Moderate
41140,5,3,229.6,Moderate
41140,5,4,219.4,Moderate
41140,5,5,226.7,Moderate
41140,5,6,237.9,Moderate
41140,5,7,227.0,Moderate
41140,5,8,232.7,Moderate
41140,5,9,235.5,Moderate
41140,5,10,280.9,Moderate
41140,5,11,254.5,Moderate
41140,5,12,249.2,Moderate
41140,6,1,79.3,Quiet
41140,6,2,106.5,Quiet
41140,6,3,199.5,Quiet
41140,6,4,128.0,Quiet
41140,6,5,142.6,Quiet
41140,6,6,163.5,Quiet
41140,6,7,152.6,Quiet
41140,6,8,158.3,Quiet
41140,6,9,159.6,Quiet
41140,6,10,197.2,Quiet
41140,6,11,170.8,Quiet
41140,6,12,160.2,Quiet
41150,0,1,596.2,Quiet
41150,0,2,793.0,Quiet
41150,0,3,811.2,Quiet
41150,0,4,877.5,Quiet
41150,0,5,932.4,Quiet
41150,0,6,984.4,Quiet
41150,0,7,962.5,Quiet
41150,0,8,984.2,Quiet
41150,0,9,1048.5,Quiet
41150,0,10,1071.8,Quiet
41150,0,11,995.7,Quiet
41150,0,12,887.5,Quiet
41150,1,1,1629.0,Moderate
41150,1,2,1912.8,Moderate
41150,1,3,1909.1,Moderate
41150,1,4,1986.5,Moderate
41150,1,5,2011.5,Moderate
41150,1,6,2016.6,Moderate
41150,1,7,1964.2,Moderate
41150,1,8,1985.8,Moderate
41150,1,9,2146.4,Moderate
41150,1,10,2269.2,Moderate
41150,1,11,2282.8,Moderate
41150,1,12,2128.0,Moderate
41150,2,1,1773.1,Busy
41150,2,2,2094.3,Busy
41150,2,3,2138.1,Busy
41150,2,4,2223.8,Busy
41150,2,5,2245.6,Busy
41150,2,6,2250.8,Busy
41150,2,7,2198.3,Busy
41150,2,8,2220.0,Busy
41150,2,9,2454.8,Busy
41150,2,10,2540.6,Busy
41150,2,11,2505.4,Busy
41150,2,12,2328.1,Busy
41150,3,1,1843.9,Busy
41150,3,2,2066.0,Busy
41150,3,3,2123.8,Busy
41150,3,4,2214.5,Busy
41150,3,5,2239.5,Busy
41150,3,6,2244.6,Busy
41150,3,7,2211.3,Busy
41150,3,8,2233.8,Busy
41150,3,9,2473.0,Busy
41150,3,10,2529.0,Busy
41150,3,11,2495.0,Busy
41150,3,12,2314.9,Busy
41150,4,1,1856.9,Busy
41150,4,2,2078.1,Busy
41150,4,3,2135.9,Busy
41150,4,4,2226.5,Busy
41150,4,5,2251.5,Busy
41150,4,6,2256.7,Busy
41150,4,7,2224.8,Busy
41150,4,8,2247.3,Busy
41150,4,9,2486.5,Busy
41150,4,10,2540.8,Busy
41150,4,11,2506.9,Busy
41150,4,12,2316.4,Busy
41150,5,1,1686.2,Moderate
41150,5,2,1925.7,Moderate
41150,5,3,1972.0,Moderate
41150,5,4,2087.0,Moderate
41150,5,5,2094.3,Moderate
41150,5,6,2113.2,Moderate
41150,5,7,2085.0,Moderate
41150,5,8,2120.3,Moderate
41150,5,9,2306.8,Moderate
41150,5,10,2349.4,Moderate
41150,5,11,2299.1,Moderate
41150,5,12,2086.4,Moderate
41150,6,1,848.7,Quiet
41150,6,2,1047.6,Quiet
41150,6,3,1220.5,Quiet
41150,6,4,1241.9,Quiet
41150,6,5,1267.6,Quiet
41150,6,6,1308.8,Quiet
41150,6,7,1281.3,Quiet
41150,6,8,1316.5,Quiet
41150,6,9,1411.1,Quiet
41150,6,10,1371.9,Quiet
41150,6,11,1318.0,Quiet
41150,6,12,1254.8,Quiet
41160,0,1,584.2,Quiet
41160,0,2,749.3,Quiet
41160,0,3,787.3,Quiet
41160,0,4,875.8,Quiet
41160,0,5,910.7,Quiet
41160,0,6,1007.6,Quiet
41160,0,7,1055.7,Quiet
41160,0,8,1080.4,Quiet
41160,0,9,1080.5,Quiet
41160,0,10,1337.5,Quiet
41160,0,11,950.9,Quiet
41160,0,12,817.7,Quiet
41160,1,1,1650.0,Moderate
41160,1,2,1858.1,Moderate
41160,1,3,1878.7,Moderate
41160,1,4,1988.6,Moderate
41160,1,5,2042.0,Moderate
41160,1,6,2127.0,Moderate
41160,1,7,2167.9,Moderate
41160,1,8,2194.5,Moderate
41160,1,9,2297.2,Moderate
41160,1,10,2419.9,Moderate
41160,1,11,2345.8,Moderate
41160,1,12,2171.7,Moderate
41160,2,1,1867.4,Busy
41160,2,2,2215.3,Busy
41160,2,3,2283.4,Busy
41160,2,4,2401.6,Busy
41160,2,5,2455.0,Busy
41160,2,6,2540.0,Busy
41160,2,7,2580.8,Busy
41160,2,8,2563.0,Busy
41160,2,9,2751.6,Busy
41160,2,10,2865.3,Busy
41160,2,11,2782.1,Busy
41160,2,12,2587.4,Busy
41160,3,1,1978.4,Busy
41160,3,2,2213.9,Busy
41160,3,3,2290.8,Busy
41160,3,4,2409.5,Busy
41160,3,5,2462.8,Busy
41160,3,6,2547.8,Busy
41160,3,7,2588.7,Busy
41160,3,8,2569.7,Busy
41160,3,9,2776.0,Busy
41160,3,10,2878.5,Busy
41160,3,11,2802.0,Busy
41160,3,12,2596.7,Busy
41160,4,1,1988.6,Busy
41160,4,2,2210.0,Busy
41160,4,3,2293.4,Busy
41160,4,4,2412.0,Busy
41160,4,5,2465.4,Busy
41160,4,6,2550.3,Busy
41160,4,7,2606.7,Busy
41160,4,8,2573.6,Busy
41160,4,9,2779.9,Busy
41160,4,10,2880.7,Busy
41160,4,11,2804.3,Busy
41160,4,12,2588.8,Busy
41160,5,1,1508.7,Moderate
41160,5,2,1710.2,Moderate
41160,5,3,1794.6,Moderate
41160,5,4,1927.6,Moderate
41160,5,5,1956.6,Moderate
41160,5,6,2053.7,Moderate
41160,5,7,2113.9,Moderate
41160,5,8,2108.2,Moderate
41160,5,9,2277.8,Moderate
41160,5,10,2321.6,Moderate
41160,5,11,2126.5,Moderate
41160,5,12,1923.2,Moderate
41160,6,1,818.6,Quiet
41160,6,2,959.5,Quiet
41160,6,3,1538.8,Quiet
41160,6,4,1232.8,Quiet
41160,6,5,1242.1,Quiet
41160,6,6,1344.5,Quiet
41160,6,7,1405.3,Quiet
41160,6,8,1399.6,Quiet
41160,6,9,1484.8,Quiet
41160,6,10,1502.7,Quiet
41160,6,11,1263.4,Quiet
41160,6,12,1220.3,Quiet
41170,0,1,565.1,Quiet
41170,0,2,723.4,Quiet
41170,0,3,759.8,Quiet
41170,0,4,803.7,Quiet
41170,0,5,853.0,Quiet
41170,0,6,925.7,Quiet
41170,0,7,902.5,Quiet
41170,0,8,917.6,Quiet
41170,0,9,925.2,Quiet
41170,0,10,1062.5,Quiet
41170,0,11,852.9,Quiet
41170,0,12,803.3,Quiet
41170,1,1,1205.1,Moderate
41170,1,2,1359.5,Moderate
41170,1,3,1381.6,Moderate
41170,1,4,1418.0,Moderate
41170,1,5,1448.5,Moderate
41170,1,6,1476.7,Moderate
41170,1,7,1461.0,Moderate
41170,1,8,1476.0,Moderate
41170,1,9,1558.0,Moderate
41170,1,10,1620.4,Moderate
41170,1,11,1549.3,Moderate
41170,1,12,1459.8,Moderate
41170,2,1,1285.2,Busy
41170,2,2,1452.8,Busy
41170,2,3,1497.2,Busy
41170,2,4,1542.0,Moderate
41170,2,5,1569.3,Moderate
41170,2,6,1600.4,Moderate
41170,2,7,1581.7,Moderate
41170,2,8,1596.8,Moderate
41170,2,9,1695.5,Moderate
41170,2,10,1753.2,Moderate
41170,2,11,1676.0,Moderate
41170,2,12,1574.4,Busy
41170,3,1,1321.2,Busy
41170,3,2,1461.7,Busy
41170,3,3,1508.1,Busy
41170,3,4,1560.8,Busy
41170,3,5,1591.3,Busy
41170,3,6,1622.5,Busy
41170,3,7,1600.6,Busy
41170,3,8,1614.8,Busy
41170,3,9,1733.8,Busy
41170,3,10,1782.8,Busy
41170,3,11,1703.7,Busy
41170,3,12,1583.2,Busy
41170,4,1,1330.6,Busy
41170,4,2,1469.4,Busy
41170,4,3,1521.8,Busy
41170,4,4,1574.5,Busy
41170,4,5,1605.0,Busy
41170,4,6,1636.6,Busy
41170,4,7,1614.7,Busy
41170,4,8,1628.9,Busy
41170,4,9,1747.9,Busy
41170,4,10,1796.9,Busy
41170,4,11,1717.4,Busy
41170,4,12,1591.3,Busy
41170,5,1,1258.4,Moderate
41170,5,2,1430.3,Moderate
41170,5,3,1482.6,Moderate
41170,5,4,1545.4,Busy
41170,5,5,1582.5,Busy
41170,5,6,1631.0,Busy
41170,5,7,1609.7,Busy
41170,5,8,1624.9,Busy
41170,5,9,1736.3,Busy
41170,5,10,1782.2,Busy
41170,5,11,1680.4,Busy
41170,5,12,1545.3,Moderate
41170,6,1,878.5,Quiet
41170,6,2,1009.0,Quiet
41170,6,3,1193.3,Quiet
41170,6,4,1143.9,Quiet
41170,6,5,1188.4,Quiet
41170,6,6,1250.3,Quiet
41170,6,7,1230.5,Quiet
41170,6,8,1245.7,Quiet
41170,6,9,1301.2,Quiet
41170,6,10,1326.3,Quiet
41170,6,11,1224.5,Quiet
41170,6,12,1136.4,Quiet
41180,0,1,412.5,Quiet
41180,0,2,551.5,Quiet
41180,0,3,584.3,Quiet
41180,0,4,604.6,Quiet
41180,0,5,655.2,Quiet
41180,0,6,729.4,Quiet
41180,0,7,725.1,Quiet
41180,0,8,734.2,Quiet
41180,0,9,755.9,Quiet
41180,0,10,940.0,Quiet
41180,0,11,700.7,Quiet
41180,0,12,663.4,Quiet
41180,1,1,935.4,Moderate
41180,1,2,1027.9,Moderate
41180,1,3,1053.1,Moderate
41180,1,4,1069.7,Moderate
41180,1,5,1111.7,Moderate
41180,1,6,1129.0,Moderate
41180,1,7,1124.7,Moderate
41180,1,8,1133.8,Moderate
41180,1,9,1166.9,Moderate
41180,1,10,1200.6,Moderate
41180,1,11,1180.3,Moderate
41180,1,12,1162.6,Moderate
41180,2,1,995.7,Busy
41180,2,2,1089.3,Busy
41180,2,3,1114.4,Busy
41180,2,4,1139.4,Moderate
41180,2,5,1181.4,Moderate
41180,2,6,1198.6,Moderate
41180,2,7,1194.4,Moderate
41180,2,8,1203.5,Moderate
41180,2,9,1254.8,Moderate
41180,2,10,1283.8,Moderate
41180,2,11,1269.3,Moderate
41180,2,12,1233.2,Busy
41180,3,1,1031.7,Busy
41180,3,2,1107.5,Busy
41180,3,3,1132.6,Busy
41180,3,4,1161.8,Busy
41180,3,5,1203.8,Busy
41180,3,6,1221.0,Busy
41180,3,7,1213.6,Busy
41180,3,8,1223.8,Busy
41180,3,9,1287.8,Busy
41180,3,10,1309.3,Busy
41180,3,11,1291.7,Busy
41180,3,12,1248.2,Busy
41180,4,1,1034.6,Busy
41180,4,2,1108.7,Busy
41180,4,3,1134.6,Busy
41180,4,4,1163.7,Busy
41180,4,5,1205.7,Busy
41180,4,6,1223.0,Busy
41180,4,7,1215.6,Busy
41180,4,8,1225.7,Busy
41180,4,9,1289.7,Busy
41180,4,10,1311.2,Busy
41180,4,11,1293.6,Busy
41180,4,12,1250.4,Busy
41180,5,1,976.0,Moderate
41180,5,2,1082.3,Moderate
41180,5,3,1108.2,Moderate
41180,5,4,1147.4,Busy
41180,5,5,1189.4,Busy
41180,5,6,1223.5,Busy
41180,5,7,1216.1,Busy
41180,5,8,1226.3,Busy
41180,5,9,1290.2,Busy
41180,5,10,1308.6,Busy
41180,5,11,1278.4,Busy
41180,5,12,1219.5,Moderate
41180,6,1,719.6,Quiet
41180,6,2,798.9,Quiet
41180,6,3,971.8,Quiet
41180,6,4,876.3,Quiet
41180,6,5,925.7,Quiet
41180,6,6,965.1,Quiet
41180,6,7,956.7,Quiet
41180,6,8,966.8,Quiet
41180,6,9,1003.8,Quiet
41180,6,10,1021.2,Quiet
41180,6,11,990.9,Quiet
41180,6,12,969.7,Quiet
41190,0,1,394.4,Quiet
41190,0,2,504.2,Quiet
41190,0,3,530.9,Quiet
41190,0,4,546.9,Quiet
41190,0,5,574.6,Quiet
41190,0,6,632.8,Quiet
41190,0,7,637.2,Quiet
41190,0,8,658.5,Quiet
41190,0,9,679.6,Quiet
41190,0,10,742.0,Quiet
41190,0,11,633.5,Quiet
41190,0,12,581.6,Quiet
41190,1,1,705.2,Moderate
41190,1,2,793.0,Moderate
41190,1,3,812.0,Quiet
41190,1,4,820.5,Moderate
41190,1,5,839.7,Moderate
41190,1,6,885.1,Moderate
41190,1,7,889.4,Moderate
41190,1,8,910.8,Moderate
41190,1,9,944.6,Moderate
41190,1,10,986.0,Moderate
41190,1,11,943.8,Moderate
41190,1,12,897.8,Moderate
41190,2,1,747.8,Busy
41190,2,2,823.1,Busy
41190,2,3,842.1,Busy
41190,2,4,859.0,Moderate
41190,2,5,878.2,Moderate
41190,2,6,923.5,Moderate
41190,2,7,927.9,Moderate
41190,2,8,949.2,Moderate
41190,2,9,1001.3,Moderate
41190,2,10,1038.0,Moderate
41190,2,11,1001.6,Moderate
41190,2,12,934.2,Busy
41190,3,1,767.5,Busy
41190,3,2,827.1,Busy
41190,3,3,846.2,Busy
41190,3,4,870.9,Busy
41190,3,5,890.1,Busy
41190,3,6,935.5,Busy
41190,3,7,939.8,Busy
41190,3,8,967.3,Busy
41190,3,9,1025.1,Busy
41190,3,10,1061.7,Busy
41190,3,11,1025.4,Busy
41190,3,12,941.5,Busy
41190,4,1,770.3,Busy
41190,4,2,828.3,Busy
41190,4,3,848.1,Busy
41190,4,4,872.9,Busy
41190,4,5,892.1,Busy
41190,4,6,937.4,Busy
41190,4,7,941.8,Busy
41190,4,8,969.2,Busy
41190,4,9,1027.0,Busy
41190,4,10,1063.7,Busy
41190,4,11,1027.3,Busy
41190,4,12,942.7,Busy
41190,5,1,722.5,Moderate
41190,5,2,821.8,Moderate
41190,5,3,841.3,Moderate
41190,5,4,876.2,Busy
41190,5,5,895.4,Busy
41190,5,6,945.3,Busy
41190,5,7,949.6,Busy
41190,5,8,977.1,Busy
41190,5,9,1034.9,Busy
41190,5,10,1068.4,Busy
41190,5,11,1019.4,Busy
41190,5,12,919.2,Moderate
41190,6,1,593.3,Quiet
41190,6,2,669.2,Quiet
41190,6,3,839.0,Moderate
41190,6,4,730.5,Quiet
41190,6,5,757.1,Quiet
41190,6,6,827.9,Quiet
41190,6,7,831.2,Quiet
41190,6,8,858.6,Quiet
41190,6,9,889.1,Quiet
41190,6,10,912.6,Quiet
41190,6,11,863.6,Quiet
41190,6,12,823.1,Quiet
41200,0,1,1165.2,Quiet
41200,0,2,1398.3,Quiet
41200,0,3,1440.0,Quiet
41200,0,4,1472.4,Quiet
41200,0,5,1515.5,Quiet
41200,0,6,1793.9,Quiet
41200,0,7,1761.9,Quiet
41200,0,8,1920.7,Quiet
41200,0,9,1899.8,Quiet
41200,0,10,2093.3,Quiet
41200,0,11,1700.8,Quiet
41200,0,12,1595.3,Quiet
41200,1,1,1672.1,Moderate
41200,1,2,1943.6,Quiet
41200,1,3,1992.0,Quiet
41200,1,4,2049.3,Quiet
41200,1,5,2100.3,Quiet
41200,1,6,2221.9,Quiet
41200,1,7,2204.8,Quiet
41200,1,8,2327.9,Quiet
41200,1,9,2441.2,Quiet
41200,1,10,2511.8,Quiet
41200,1,11,2431.3,Moderate
41200,1,12,2334.0,Moderate
41200,2,1,1899.3,Busy
41200,2,2,2203.4,Busy
41200,2,3,2288.4,Busy
41200,2,4,2345.7,Moderate
41200,2,5,2396.7,Moderate
41200,2,6,2453.9,Moderate
41200,2,7,2436.9,Moderate
41200,2,8,2544.7,Moderate
41200,2,9,2716.1,Moderate
41200,2,10,2783.7,Moderate
41200,2,11,2705.1,Moderate
41200,2,12,2597.6,Busy
41200,3,1,1962.1,Busy
41200,3,2,2226.9,Busy
41200,3,3,2321.4,Busy
41200,3,4,2396.9,Busy
41200,3,5,2447.9,Busy
41200,3,6,2505.2,Busy
41200,3,7,2484.9,Busy
41200,3,8,2590.9,Busy
41200,3,9,2800.5,Busy
41200,3,10,2868.1,Busy
41200,3,11,2775.2,Busy
41200,3,12,2589.4,Busy
41200,4,1,2003.5,Busy
41200,4,2,2245.4,Busy
41200,4,3,2352.0,Busy
41200,4,4,2436.8,Busy
41200,4,5,2487.9,Busy
41200,4,6,2563.8,Busy
41200,4,7,2543.5,Busy
41200,4,8,2641.2,Busy
41200,4,9,2851.0,Busy
41200,4,10,2909.6,Busy
41200,4,11,2803.2,Busy
41200,4,12,2608.3,Busy
41200,5,1,1834.2,Moderate
41200,5,2,2162.1,Moderate
41200,5,3,2263.4,Moderate
41200,5,4,2358.3,Busy
41200,5,5,2416.0,Busy
41200,5,6,2546.8,Busy
41200,5,7,2526.7,Busy
41200,5,8,2634.6,Busy
41200,5,9,2797.2,Busy
41200,5,10,2852.7,Busy
41200,5,11,2731.9,Busy
41200,5,12,2531.6,Moderate
41200,6,1,1624.5,Quiet
41200,6,2,1944.8,Moderate
41200,6,3,2186.2,Moderate
41200,6,4,2143.4,Moderate
41200,6,5,2181.5,Moderate
41200,6,6,2344.7,Moderate
41200,6,7,2326.0,Moderate
41200,6,8,2433.9,Moderate
41200,6,9,2521.1,Moderate
41200,6,10,2552.7,Moderate
41200,6,11,2407.3,Quiet
41200,6,12,2308.2,Quiet
41210,0,1,436.5,Quiet
41210,0,2,555.6,Quiet
41210,0,3,594.5,Quiet
41210,0,4,632.9,Quiet
41210,0,5,654.7,Quiet
41210,0,6,766.7,Quiet
41210,0,7,730.1,Quiet
41210,0,8,749.2,Quiet
41210,0,9,761.5,Quiet
41210,0,10,927.1,Quiet
41210,0,11,718.9,Quiet
41210,0,12,664.1,Quiet
41210,1,1,1182.2,Moderate
41210,1,2,1358.5,Moderate
41210,1,3,1377.3,Moderate
41210,1,4,1415.9,Moderate
41210,1,5,1443.0,Moderate
41210,1,6,1467.6,Moderate
41210,1,7,1450.1,Moderate
41210,1,8,1469.3,Moderate
41210,1,9,1578.0,Moderate
41210,1,10,1656.7,Moderate
41210,1,11,1600.3,Moderate
41210,1,12,1484.6,Moderate
41210,2,1,1399.0,Busy
41210,2,2,1652.6,Busy
41210,2,3,1693.7,Busy
41210,2,4,1740.7,Busy
41210,2,5,1767.7,Busy
41210,2,6,1795.4,Busy
41210,2,7,1774.9,Busy
41210,2,8,1794.1,Busy
41210,2,9,1960.7,Busy
41210,2,10,2029.3,Busy
41210,2,11,1978.8,Busy
41210,2,12,1891.0,Busy
41210,3,1,1489.7,Busy
41210,3,2,1669.8,Busy
41210,3,3,1716.8,Busy
41210,3,4,1764.1,Busy
41210,3,5,1791.2,Busy
41210,3,6,1818.8,Busy
41210,3,7,1798.3,Busy
41210,3,8,1816.4,Busy
41210,3,9,2000.7,Busy
41210,3,10,2062.7,Busy
41210,3,11,2018.8,Busy
41210,3,12,1917.9,Busy
41210,4,1,1511.5,Busy
41210,4,2,1668.7,Busy
41210,4,3,1722.7,Busy
41210,4,4,1770.0,Busy
41210,4,5,1797.1,Busy
41210,4,6,1824.8,Busy
41210,4,7,1805.7,Busy
41210,4,8,1823.8,Busy
41210,4,9,2008.1,Busy
41210,4,10,2068.4,Busy
41210,4,11,2024.4,Busy
41210,4,12,1921.8,Busy
41210,5,1,1129.8,Moderate
41210,5,2,1303.5,Moderate
41210,5,3,1368.0,Moderate
41210,5,4,1406.7,Moderate
41210,5,5,1440.4,Moderate
41210,5,6,1487.6,Moderate
41210,5,7,1472.3,Moderate
41210,5,8,1491.5,Moderate
41210,5,9,1611.7,Moderate
41210,5,10,1666.4,Moderate
41210,5,11,1559.3,Moderate
41210,5,12,1430.8,Moderate
41210,6,1,679.3,Quiet
41210,6,2,801.4,Quiet
41210,6,3,1170.9,Quiet
41210,6,4,930.4,Quiet
41210,6,5,971.5,Quiet
41210,6,6,1033.0,Quiet
41210,6,7,1016.6,Quiet
41210,6,8,1035.8,Quiet
41210,6,9,1089.3,Quiet
41210,6,10,1126.8,Quiet
41210,6,11,1019.7,Quiet
41210,6,12,958.4,Quiet
41220,0,1,2863.6,Quiet
41220,0,2,3590.9,Quiet
41220,0,3,3602.5,Quiet
41220,0,4,3680.6,Quiet
41220,0,5,4102.3,Quiet
41220,0,6,4409.7,Quiet
41220,0,7,3581.4,Quiet
41220,0,8,3796.8,Quiet
41220,0,9,5099.7,Quiet
41220,0,10,6484.5,Quiet
41220,0,11,4273.5,Quiet
41220,0,12,2924.6,Quiet
41220,1,1,5634.2,Moderate
41220,1,2,7048.3,Moderate
41220,1,3,7121.0,Moderate
41220,1,4,7257.1,Moderate
41220,1,5,7318.0,Moderate
41220,1,6,6633.9,Moderate
41220,1,7,4941.3,Quiet
41220,1,8,5124.7,Moderate
41220,1,9,7690.2,Moderate
41220,1,10,9129.5,Moderate
41220,1,11,8091.3,Moderate
41220,1,12,5121.4,Moderate
41220,2,1,6431.0,Busy
41220,2,2,7903.6,Busy
41220,2,3,8050.1,Busy
41220,2,4,8286.6,Busy
41220,2,5,8424.9,Busy
41220,2,6,7660.2,Busy
41220,2,7,5964.7,Busy
41220,2,8,6041.6,Busy
41220,2,9,8799.9,Busy
41220,2,10,10241.6,Busy
41220,2,11,9137.7,Busy
41220,2,12,5718.9,Busy
41220,3,1,7038.1,Busy
41220,3,2,7815.3,Busy
41220,3,3,8131.3,Busy
41220,3,4,8342.0,Busy
41220,3,5,8480.3,Busy
41220,3,6,7742.1,Busy
41220,3,7,6148.3,Busy
41220,3,8,6194.7,Busy
41220,3,9,9301.1,Busy
41220,3,10,10368.4,Busy
41220,3,11,9229.1,Busy
41220,3,12,5768.7,Busy
41220,4,1,7143.4,Busy
41220,4,2,7856.2,Busy
41220,4,3,8177.8,Busy
41220,4,4,8388.5,Busy
41220,4,5,8526.8,Busy
41220,4,6,7788.6,Busy
41220,4,7,6194.8,Busy
41220,4,8,6205.2,Busy
41220,4,9,9384.7,Busy
41220,4,10,10452.0,Busy
41220,4,11,9256.1,Busy
41220,4,12,5815.2,Busy
41220,5,1,5047.6,Moderate
41220,5,2,5947.6,Moderate
41220,5,3,6354.8,Quiet
41220,5,4,6596.9,Moderate
41220,5,5,6835.0,Moderate
41220,5,6,6760.8,Moderate
41220,5,7,5475.7,Moderate
41220,5,8,5593.8,Moderate
41220,5,9,8118.3,Moderate
41220,5,10,8513.5,Moderate
41220,5,11,7323.4,Moderate
41220,5,12,4794.9,Moderate
41220,6,1,4165.0,Quiet
41220,6,2,4794.7,Quiet
41220,6,3,6729.3,Moderate
41220,6,4,5561.3,Quiet
41220,6,5,5705.9,Quiet
41220,6,6,5976.3,Quiet
41220,6,7,5021.2,Moderate
41220,6,8,5117.1,Quiet
41220,6,9,6856.5,Quiet
41220,6,10,7075.9,Quiet
41220,6,11,5969.6,Quiet
41220,6,12,4402.1,Quiet
41230,0,1,546.8,Quiet
41230,0,2,670.8,Quiet
41230,0,3,695.9,Quiet
41230,0,4,720.0,Quiet
41230,0,5,772.3,Quiet
41230,0,6,855.5,Quiet
41230,0,7,813.1,Quiet
41230,0,8,834.5,Quiet
41230,0,9,852.3,Quiet
41230,0,10,964.1,Quiet
41230,0,11,791.6,Quiet
41230,0,12,742.3,Quiet
41230,1,1,1102.1,Moderate
41230,1,2,1229.0,Moderate
41230,1,3,1254.1,Moderate
41230,1,4,1274.5,Moderate
41230,1,5,1308.0,Moderate
41230,1,6,1327.9,Moderate
41230,1,7,1295.7,Moderate
41230,1,8,1317.1,Moderate
41230,1,9,1376.6,Moderate
41230,1,10,1397.1,Moderate
41230,1,11,1378.8,Moderate
41230,1,12,1311.2,Moderate
41230,2,1,1173.2,Busy
41230,2,2,1297.9,Busy
41230,2,3,1323.0,Busy
41230,2,4,1351.8,Busy
41230,2,5,1382.0,Busy
41230,2,6,1401.9,Moderate
41230,2,7,1369.7,Moderate
41230,2,8,1391.1,Moderate
41230,2,9,1454.2,Moderate
41230,2,10,1469.9,Moderate
41230,2,11,1445.5,Busy
41230,2,12,1365.7,Busy
41230,3,1,1198.1,Busy
41230,3,2,1300.5,Busy
41230,3,3,1325.6,Busy
41230,3,4,1354.7,Busy
41230,3,5,1388.2,Busy
41230,3,6,1408.2,Busy
41230,3,7,1375.9,Busy
41230,3,8,1398.1,Busy
41230,3,9,1465.6,Busy
41230,3,10,1479.1,Busy
41230,3,11,1454.6,Busy
41230,3,12,1369.5,Busy
41230,4,1,1201.0,Busy
41230,4,2,1301.6,Busy
41230,4,3,1327.5,Busy
41230,4,4,1356.7,Busy
41230,4,5,1390.1,Busy
41230,4,6,1410.1,Busy
41230,4,7,1377.8,Busy
41230,4,8,1400.1,Busy
41230,4,9,1467.5,Busy
41230,4,10,1481.0,Busy
41230,4,11,1456.6,Busy
41230,4,12,1370.7,Busy
41230,5,1,1141.1,Moderate
41230,5,2,1267.7,Moderate
41230,5,3,1293.6,Moderate
41230,5,4,1332.8,Moderate
41230,5,5,1372.9,Moderate
41230,5,6,1409.7,Busy
41230,5,7,1377.5,Busy
41230,5,8,1399.7,Busy
41230,5,9,1467.2,Busy
41230,5,10,1477.5,Busy
41230,5,11,1440.4,Moderate
41230,5,12,1339.0,Moderate
41230,6,1,800.4,Quiet
41230,6,2,885.7,Quiet
41230,6,3,1004.9,Quiet
41230,6,4,973.7,Quiet
41230,6,5,1021.1,Quiet
41230,6,6,1066.7,Quiet
41230,6,7,1034.4,Quiet
41230,6,8,1056.7,Quiet
41230,6,9,1081.5,Quiet
41230,6,10,1076.7,Quiet
41230,6,11,1039.6,Quiet
41230,6,12,981.8,Quiet
41240,0,1,357.1,Quiet
41240,0,2,538.3,Quiet
41240,0,3,559.1,Quiet
41240,0,4,585.3,Quiet
41240,0,5,648.3,Quiet
41240,0,6,761.6,Quiet
41240,0,7,726.6,Quiet
41240,0,8,780.3,Quiet
41240,0,9,777.8,Quiet
41240,0,10,803.7,Quiet
41240,0,11,735.4,Quiet
41240,0,12,674.6,Quiet
41240,1,1,1143.7,Moderate
41240,1,2,1285.5,Moderate
41240,1,3,1302.6,Moderate
41240,1,4,1317.6,Moderate
41240,1,5,1404.7,Moderate
41240,1,6,1478.1,Moderate
41240,1,7,1436.2,Moderate
41240,1,8,1475.8,Moderate
41240,1,9,1582.6,Moderate
41240,1,10,1626.2,Moderate
41240,1,11,1586.4,Moderate
41240,1,12,1470.7,Moderate
41240,2,1,1263.6,Busy
41240,2,2,1442.7,Busy
41240,2,3,1459.9,Busy
41240,2,4,1483.2,Busy
41240,2,5,1570.3,Busy
41240,2,6,1646.7,Busy
41240,2,7,1601.8,Busy
41240,2,8,1641.4,Busy
41240,2,9,1786.9,Busy
41240,2,10,1821.6,Busy
41240,2,11,1775.6,Busy
41240,2,12,1649.7,Busy
41240,3,1,1322.6,Busy
41240,3,2,1466.4,Busy
41240,3,3,1485.6,Busy
41240,3,4,1516.7,Busy
41240,3,5,1603.8,Busy
41240,3,6,1680.3,Busy
41240,3,7,1632.2,Busy
41240,3,8,1675.9,Busy
41240,3,9,1832.8,Busy
41240,3,10,1865.3,Busy
41240,3,11,1816.8,Busy
41240,3,12,1674.4,Busy
41240,4,1,1341.8,Busy
41240,4,2,1468.5,Busy
41240,4,3,1488.5,Busy
41240,4,4,1519.7,Busy
41240,4,5,1606.8,Busy
41240,4,6,1683.6,Busy
41240,4,7,1635.5,Busy
41240,4,8,1679.2,Busy
41240,4,9,1836.2,Busy
41240,4,10,1868.6,Busy
41240,4,11,1819.7,Busy
41240,4,12,1676.6,Busy
41240,5,1,1138.9,Moderate
41240,5,2,1332.5,Moderate
41240,5,3,1366.3,Moderate
41240,5,4,1396.8,Moderate
41240,5,5,1483.9,Moderate
41240,5,6,1581.4,Moderate
41240,5,7,1533.3,Moderate
41240,5,8,1578.1,Moderate
41240,5,9,1705.3,Moderate
41240,5,10,1734.4,Moderate
41240,5,11,1671.2,Moderate
41240,5,12,1519.1,Moderate
41240,6,1,555.3,Quiet
41240,6,2,715.6,Quiet
41240,6,3,927.1,Quiet
41240,6,4,799.6,Quiet
41240,6,5,886.7,Quiet
41240,6,6,1007.2,Quiet
41240,6,7,960.5,Quiet
41240,6,8,1005.3,Quiet
41240,6,9,1051.9,Quiet
41240,6,10,1054.9,Quiet
41240,6,11,991.7,Quiet
41240,6,12,893.4,Quiet
41250,0,1,114.4,Quiet
41250,0,2,155.6,Quiet
41250,0,3,162.9,Quiet
41250,0,4,164.5,Quiet
41250,0,5,189.5,Quiet
41250,0,6,208.4,Quiet
41250,0,7,213.7,Quiet
41250,0,8,215.1,Quiet
41250,0,9,223.7,Quiet
41250,0,10,240.0,Quiet
41250,0,11,202.8,Quiet
41250,0,12,174.9,Quiet
41250,1,1,321.3,Moderate
41250,1,2,357.1,Moderate
41250,1,3,353.2,Moderate
41250,1,4,354.8,Moderate
41250,1,5,371.4,Moderate
41250,1,6,389.8,Moderate
41250,1,7,393.7,Moderate
41250,1,8,395.1,Moderate
41250,1,9,409.6,Moderate
41250,1,10,435.0,Moderate
41250,1,11,427.7,Moderate
41250,1,12,399.8,Moderate
41250,2,1,359.4,Busy
41250,2,2,385.0,Busy
41250,2,3,381.0,Busy
41250,2,4,382.6,Busy
41250,2,5,399.2,Busy
41250,2,6,417.7,Moderate
41250,2,7,421.6,Moderate
41250,2,8,423.0,Moderate
41250,2,9,446.3,Busy
41250,2,10,467.1,Busy
41250,2,11,456.2,Busy
41250,2,12,424.5,Busy
41250,3,1,396.6,Busy
41250,3,2,395.0,Busy
41250,3,3,391.0,Busy
41250,3,4,393.1,Busy
41250,3,5,409.7,Busy
41250,3,6,428.1,Busy
41250,3,7,432.0,Busy
41250,3,8,434.2,Busy
41250,3,9,452.3,Busy
41250,3,10,471.8,Busy
41250,3,11,462.2,Busy
41250,3,12,433.0,Busy
41250,4,1,390.5,Busy
41250,4,2,384.3,Busy
41250,4,3,387.4,Busy
41250,4,4,389.4,Busy
41250,4,5,406.0,Busy
41250,4,6,424.4,Busy
41250,4,7,429.8,Busy
41250,4,8,432.0,Busy
41250,4,9,450.1,Busy
41250,4,10,467.9,Busy
41250,4,11,458.3,Busy
41250,4,12,429.1,Busy
41250,5,1,307.7,Moderate
41250,5,2,352.5,Moderate
41250,5,3,369.1,Moderate
41250,5,4,370.4,Moderate
41250,5,5,387.0,Moderate
41250,5,6,419.3,Busy
41250,5,7,424.6,Busy
41250,5,8,426.8,Busy
41250,5,9,444.9,Moderate
41250,5,10,459.5,Moderate
41250,5,11,437.1,Moderate
41250,5,12,392.4,Moderate
41250,6,1,173.3,Quiet
41250,6,2,213.1,Quiet
41250,6,3,321.1,Quiet
41250,6,4,263.8,Quiet
41250,6,5,259.9,Quiet
41250,6,6,356.2,Quiet
41250,6,7,361.6,Quiet
41250,6,8,363.8,Quiet
41250,6,9,369.4,Quiet
41250,6,10,395.3,Quiet
41250,6,11,344.0,Quiet
41250,6,12,303.2,Quiet
41260,0,1,289.8,Quiet
41260,0,2,371.6,Quiet
41260,0,3,396.7,Quiet
41260,0,4,418.6,Quiet
41260,0,5,449.9,Quiet
41260,0,6,484.0,Quiet
41260,0,7,481.3,Quiet
41260,0,8,502.7,Quiet
41260,0,9,504.3,Quiet
41260,0,10,513.6,Quiet
41260,0,11,462.5,Quiet
41260,0,12,440.1,Quiet
41260,1,1,723.8,Moderate
41260,1,2,820.2,Moderate
41260,1,3,840.0,Moderate
41260,1,4,861.9,Moderate
41260,1,5,884.7,Moderate
41260,1,6,910.6,Moderate
41260,1,7,905.0,Moderate
41260,1,8,926.5,Moderate
41260,1,9,939.5,Moderate
41260,1,10,977.9,Moderate
41260,1,11,951.7,Moderate
41260,1,12,929.4,Moderate
41260,2,1,808.5,Busy
41260,2,2,892.4,Busy
41260,2,3,912.3,Busy
41260,2,4,942.4,Busy
41260,2,5,965.3,Busy
41260,2,6,991.2,Busy
41260,2,7,985.6,Busy
41260,2,8,1007.0,Busy
41260,2,9,1053.4,Busy
41260,2,10,1084.1,Busy
41260,2,11,1048.7,Busy
41260,2,12,1004.9,Busy
41260,3,1,845.8,Busy
41260,3,2,897.9,Busy
41260,3,3,921.6,Busy
41260,3,4,952.2,Busy
41260,3,5,975.0,Busy
41260,3,6,1000.9,Busy
41260,3,7,995.3,Busy
41260,3,8,1017.6,Busy
41260,3,9,1066.5,Busy
41260,3,10,1097.2,Busy
41260,3,11,1061.8,Busy
41260,3,12,1012.7,Busy
41260,4,1,839.7,Busy
41260,4,2,890.1,Busy
41260,4,3,914.6,Busy
41260,4,4,945.2,Busy
41260,4,5,968.0,Busy
41260,4,6,993.9,Busy
41260,4,7,989.7,Busy
41260,4,8,1012.0,Busy
41260,4,9,1061.0,Busy
41260,4,10,1090.0,Busy
41260,4,11,1054.6,Busy
41260,4,12,1004.8,Busy
41260,5,1,734.5,Moderate
41260,5,2,816.1,Moderate
41260,5,3,854.4,Moderate
41260,5,4,884.4,Moderate
41260,5,5,907.2,Moderate
41260,5,6,941.5,Moderate
41260,5,7,937.3,Moderate
41260,5,8,959.6,Moderate
41260,5,9,1001.3,Moderate
41260,5,10,1025.9,Moderate
41260,5,11,979.8,Moderate
41260,5,12,914.4,Moderate
41260,6,1,411.8,Quiet
41260,6,2,461.5,Quiet
41260,6,3,610.2,Quiet
41260,6,4,546.5,Quiet
41260,6,5,576.7,Quiet
41260,6,6,624.3,Quiet
41260,6,7,621.5,Quiet
41260,6,8,643.8,Quiet
41260,6,9,650.6,Quiet
41260,6,10,649.0,Quiet
41260,6,11,602.9,Quiet
41260,6,12,566.2,Quiet
41270,0,1,133.3,Quiet
41270,0,2,202.8,Quiet
41270,0,3,209.8,Quiet
41270,0,4,211.4,Quiet
41270,0,5,240.5,Quiet
41270,0,6,268.5,Quiet
41270,0,7,268.1,Quiet
41270,0,8,281.3,Quiet
41270,0,9,287.9,Quiet
41270,0,10,302.9,Quiet
41270,0,11,260.2,Quiet
41270,0,12,237.1,Quiet
41270,1,1,381.5,Moderate
41270,1,2,445.7,Moderate
41270,1,3,448.9,Moderate
41270,1,4,450.4,Moderate
41270,1,5,471.0,Moderate
41270,1,6,489.8,Moderate
41270,1,7,486.5,Moderate
41270,1,8,499.8,Moderate
41270,1,9,513.0,Moderate
41270,1,10,541.2,Moderate
41270,1,11,528.2,Moderate
41270,1,12,505.2,Moderate
41270,2,1,422.8,Busy
41270,2,2,473.6,Busy
41270,2,3,476.8,Busy
41270,2,4,478.4,Busy
41270,2,5,498.9,Busy
41270,2,6,517.8,Busy
41270,2,7,514.4,Busy
41270,2,8,527.7,Busy
41270,2,9,549.8,Busy
41270,2,10,569.1,Busy
41270,2,11,552.6,Busy
41270,2,12,525.8,Busy
41270,3,1,456.1,Busy
41270,3,2,474.4,Busy
41270,3,3,481.4,Busy
41270,3,4,483.4,Busy
41270,3,5,504.0,Busy
41270,3,6,522.8,Busy
41270,3,7,519.5,Busy
41270,3,8,533.5,Busy
41270,3,9,561.4,Busy
41270,3,10,579.4,Busy
41270,3,11,564.1,Busy
41270,3,12,532.0,Busy
41270,4,1,449.2,Busy
41270,4,2,469.2,Busy
41270,4,3,476.9,Busy
41270,4,4,478.9,Busy
41270,4,5,499.5,Busy
41270,4,6,518.3,Busy
41270,4,7,516.4,Busy
41270,4,8,530.5,Busy
41270,4,9,558.3,Busy
41270,4,10,574.7,Busy
41270,4,11,559.4,Busy
41270,4,12,526.6,Busy
41270,5,1,377.4,Moderate
41270,5,2,435.0,Moderate
41270,5,3,454.9,Moderate
41270,5,4,456.3,Moderate
41270,5,5,476.9,Moderate
41270,5,6,497.2,Moderate
41270,5,7,495.3,Moderate
41270,5,8,509.4,Moderate
41270,5,9,537.2,Moderate
41270,5,10,552.2,Moderate
41270,5,11,524.2,Moderate
41270,5,12,475.8,Moderate
41270,6,1,198.0,Quiet
41270,6,2,236.1,Quiet
41270,6,3,339.7,Quiet
41270,6,4,271.8,Quiet
41270,6,5,299.7,Quiet
41270,6,6,333.6,Quiet
41270,6,7,333.1,Quiet
41270,6,8,347.1,Quiet
41270,6,9,362.7,Quiet
41270,6,10,358.0,Quiet
41270,6,11,330.1,Quiet
41270,6,12,299.1,Quiet
41280,0,1,1317.6,Quiet
41280,0,2,1522.3,Quiet
41280,0,3,1582.5,Quiet
41280,0,4,1563.9,Quiet
41280,0,5,1830.4,Quiet
41280,0,6,2104.8,Quiet
41280,0,7,2155.1,Quiet
41280,0,8,2209.6,Quiet
41280,0,9,2251.2,Quiet
41280,0,10,2386.2,Quiet
41280,0,11,2061.4,Quiet
41280,0,12,1940.1,Quiet
41280,1,1,2952.0,Moderate
41280,1,2,3322.8,Moderate
41280,1,3,3348.0,Moderate
41280,1,4,3496.5,Moderate
41280,1,5,3643.2,Moderate
41280,1,6,3701.2,Moderate
41280,1,7,3725.6,Moderate
41280,1,8,3780.1,Moderate
41280,1,9,4036.1,Moderate
41280,1,10,4177.1,Moderate
41280,1,11,4127.5,Moderate
41280,1,12,3914.9,Moderate
41280,2,1,3138.4,Busy
41280,2,2,3579.1,Busy
41280,2,3,3666.0,Busy
41280,2,4,3814.5,Busy
41280,2,5,3961.1,Busy
41280,2,6,4051.0,Busy
41280,2,7,4075.4,Busy
41280,2,8,4129.8,Busy
41280,2,9,4411.8,Busy
41280,2,10,4537.7,Busy
41280,2,11,4443.2,Busy
41280,2,12,4235.1,Busy
41280,3,1,3323.0,Busy
41280,3,2,3632.8,Busy
41280,3,3,3727.2,Busy
41280,3,4,3897.6,Busy
41280,3,5,4044.2,Busy
41280,3,6,4134.0,Busy
41280,3,7,4155.3,Busy
41280,3,8,4210.8,Busy
41280,3,9,4512.8,Busy
41280,3,10,4631.3,Busy
41280,3,11,4533.7,Busy
41280,3,12,4296.3,Busy
41280,4,1,3377.4,Busy
41280,4,2,3663.7,Busy
41280,4,3,3764.0,Busy
41280,4,4,3943.8,Busy
41280,4,5,4090.4,Busy
41280,4,6,4180.2,Busy
41280,4,7,4201.5,Busy
41280,4,8,4257.0,Busy
41280,4,9,4527.5,Busy
41280,4,10,4646.0,Busy
41280,4,11,4548.4,Busy
41280,4,12,4318.9,Busy
41280,5,1,2844.4,Moderate
41280,5,2,3257.2,Moderate
41280,5,3,3378.1,Moderate
41280,5,4,3560.4,Moderate
41280,5,5,3713.7,Moderate
41280,5,6,3830.0,Moderate
41280,5,7,3861.4,Moderate
41280,5,8,3916.9,Moderate
41280,5,9,4146.8,Moderate
41280,5,10,4217.4,Moderate
41280,5,11,4095.2,Moderate
41280,5,12,3836.8,Moderate
41280,6,1,1841.7,Quiet
41280,6,2,1948.6,Quiet
41280,6,3,2388.0,Quiet
41280,6,4,2175.9,Quiet
41280,6,5,2385.0,Quiet
41280,6,6,2656.2,Quiet
41280,6,7,2688.2,Quiet
41280,6,8,2747.1,Quiet
41280,6,9,2818.1,Quiet
41280,6,10,2860.2,Quiet
41280,6,11,2675.6,Quiet
41280,6,12,2650.5,Quiet
41290,0,1,908.8,Quiet
41290,0,2,1136.5,Quiet
41290,0,3,1165.7,Quiet
41290,0,4,1202.1,Quiet
41290,0,5,1293.1,Quiet
41290,0,6,1435.1,Quiet
41290,0,7,1370.2,Quiet
41290,0,8,1447.5,Quiet
41290,0,9,1467.6,Quiet
41290,0,10,1514.2,Quiet
41290,0,11,1413.1,Quiet
41290,0,12,1393.2,Quiet
41290,1,1,1825.1,Moderate
41290,1,2,2076.2,Moderate
41290,1,3,2141.7,Moderate
41290,1,4,2181.0,Moderate
41290,1,5,2219.6,Moderate
41290,1,6,2266.0,Moderate
41290,1,7,2183.3,Moderate
41290,1,8,2260.6,Moderate
41290,1,9,2400.7,Moderate
41290,1,10,2455.1,Moderate
41290,1,11,2435.1,Moderate
41290,1,12,2365.1,Moderate
41290,2,1,2042.7,Busy
41290,2,2,2328.0,Busy
41290,2,3,2430.1,Busy
41290,2,4,2469.3,Busy
41290,2,5,2504.7,Busy
41290,2,6,2486.8,Busy
41290,2,7,2404.1,Busy
41290,2,8,2466.2,Busy
41290,2,9,2685.3,Busy
41290,2,10,2735.0,Busy
41290,2,11,2698.4,Busy
41290,2,12,2599.9,Busy
41290,3,1,2118.9,Busy
41290,3,2,2341.9,Busy
41290,3,3,2444.0,Busy
41290,3,4,2491.2,Busy
41290,3,5,2529.8,Busy
41290,3,6,2511.9,Busy
41290,3,7,2426.0,Busy
41290,3,8,2485.0,Busy
41290,3,9,2707.1,Busy
41290,3,10,2751.7,Busy
41290,3,11,2712.0,Busy
41290,3,12,2646.6,Busy
41290,4,1,2160.2,Busy
41290,4,2,2360.5,Busy
41290,4,3,2474.3,Busy
41290,4,4,2525.8,Busy
41290,4,5,2564.4,Busy
41290,4,6,2551.5,Busy
41290,4,7,2465.7,Busy
41290,4,8,2524.6,Busy
41290,4,9,2738.6,Busy
41290,4,10,2782.1,Busy
41290,4,11,2742.5,Busy
41290,4,12,2673.1,Busy
41290,5,1,1916.8,Moderate
41290,5,2,2189.1,Moderate
41290,5,3,2267.7,Moderate
41290,5,4,2331.0,Moderate
41290,5,5,2375.4,Moderate
41290,5,6,2431.7,Moderate
41290,5,7,2356.5,Moderate
41290,5,8,2425.7,Moderate
41290,5,9,2567.6,Moderate
41290,5,10,2607.9,Moderate
41290,5,11,2553.7,Moderate
41290,5,12,2482.6,Moderate
41290,6,1,1365.4,Quiet
41290,6,2,1575.2,Quiet
41290,6,3,1778.2,Quiet
41290,6,4,1734.6,Quiet
41290,6,5,1770.4,Quiet
41290,6,6,1872.9,Quiet
41290,6,7,1813.1,Quiet
41290,6,8,1882.3,Quiet
41290,6,9,1946.7,Quiet
41290,6,10,1944.0,Quiet
41290,6,11,1858.9,Quiet
41290,6,12,1939.1,Quiet
41300,0,1,1144.1,Quiet
41300,0,2,1627.5,Quiet
41300,0,3,1507.7,Quiet
41300,0,4,1699.1,Quiet
41300,0,5,1512.8,Quiet
41300,0,6,1642.1,Quiet
41300,0,7,1667.3,Quiet
41300,0,8,1912.6,Quiet
41300,0,9,2275.1,Quiet
41300,0,10,2619.2,Quiet
41300,0,11,2044.2,Quiet
41300,0,12,1833.2,Quiet
41300,1,1,1790.2,Moderate
41300,1,2,2573.8,Moderate
41300,1,3,2299.5,Quiet
41300,1,4,2525.3,Quiet
41300,1,5,2259.4,Quiet
41300,1,6,2113.2,Quiet
41300,1,7,2141.5,Quiet
41300,1,8,2346.6,Quiet
41300,1,9,3225.7,Quiet
41300,1,10,3383.6,Quiet
41300,1,11,3242.0,Moderate
41300,1,12,2876.5,Quiet
41300,2,1,2002.3,Moderate
41300,2,2,2811.0,Busy
41300,2,3,2573.2,Moderate
41300,2,4,2799.1,Moderate
41300,2,5,2519.5,Moderate
41300,2,6,2340.7,Moderate
41300,2,7,2369.0,Moderate
41300,2,8,2558.9,Moderate
41300,2,9,3601.1,Moderate
41300,2,10,3719.8,Moderate
41300,2,11,3530.6,Moderate
41300,2,12,3065.8,Moderate
41300,3,1,2073.8,Busy
41300,3,2,2788.3,Moderate
41300,3,3,2596.9,Busy
41300,3,4,2841.7,Busy
41300,3,5,2575.8,Busy
41300,3,6,2397.1,Busy
41300,3,7,2422.2,Busy
41300,3,8,2620.4,Busy
41300,3,9,3749.1,Busy
41300,3,10,3820.4,Busy
41300,3,11,3610.0,Busy
41300,3,12,3111.3,Busy
41300,4,1,2122.2,Busy
41300,4,2,2820.7,Busy
41300,4,3,2634.5,Busy
41300,4,4,2888.7,Busy
41300,4,5,2622.8,Busy
41300,4,6,2449.0,Busy
41300,4,7,2474.2,Busy
41300,4,8,2672.4,Busy
41300,4,9,3793.0,Busy
41300,4,10,3863.2,Busy
41300,4,11,3652.8,Busy
41300,4,12,3170.5,Busy
41300,5,1,2069.2,Busy
41300,5,2,2802.3,Busy
41300,5,3,2666.0,Busy
41300,5,4,2930.3,Busy
41300,5,5,2651.5,Busy
41300,5,6,2541.4,Busy
41300,5,7,2569.7,Busy
41300,5,8,2828.2,Busy
41300,5,9,3999.7,Busy
41300,5,10,3967.4,Busy
41300,5,11,3742.0,Busy
41300,5,12,3213.3,Busy
41300,6,1,1773.5,Quiet
41300,6,2,2405.4,Quiet
41300,6,3,2519.5,Moderate
41300,6,4,2571.7,Moderate
41300,6,5,2280.6,Moderate
41300,6,6,2266.6,Moderate
41300,6,7,2308.9,Moderate
41300,6,8,2585.4,Moderate
41300,6,9,3505.3,Moderate
41300,6,10,3457.7,Moderate
41300,6,11,3205.7,Quiet
41300,6,12,2889.1,Moderate
41310,0,1,443.1,Quiet
41310,0,2,588.1,Quiet
41310,0,3,622.3,Quiet
41310,0,4,630.3,Quiet
41310,0,5,687.9,Quiet
41310,0,6,755.6,Quiet
41310,0,7,744.2,Quiet
41310,0,8,761.8,Quiet
41310,0,9,764.2,Quiet
41310,0,10,866.0,Quiet
41310,0,11,741.2,Quiet
41310,0,12,698.6,Quiet
41310,1,1,1076.8,Moderate
41310,1,2,1254.7,Moderate
41310,1,3,1286.1,Quiet
41310,1,4,1294.0,Moderate
41310,1,5,1332.9,Moderate
41310,1,6,1351.8,Moderate
41310,1,7,1341.8,Moderate
41310,1,8,1359.3,Moderate
41310,1,9,1453.4,Moderate
41310,1,10,1512.1,Moderate
41310,1,11,1482.4,Moderate
41310,1,12,1379.0,Moderate
41310,2,1,1291.4,Busy
41310,2,2,1514.1,Busy
41310,2,3,1545.5,Busy
41310,2,4,1561.8,Busy
41310,2,5,1600.6,Busy
41310,2,6,1622.5,Busy
41310,2,7,1609.5,Busy
41310,2,8,1627.0,Busy
41310,2,9,1759.8,Busy
41310,2,10,1809.6,Busy
41310,2,11,1782.7,Busy
41310,2,12,1684.3,Busy
41310,3,1,1376.1,Busy
41310,3,2,1538.4,Busy
41310,3,3,1571.8,Busy
41310,3,4,1588.5,Busy
41310,3,5,1627.3,Busy
41310,3,6,1649.3,Busy
41310,3,7,1636.2,Busy
41310,3,8,1652.7,Busy
41310,3,9,1803.1,Busy
41310,3,10,1851.6,Busy
41310,3,11,1825.9,Busy
41310,3,12,1714.5,Busy
41310,4,1,1387.6,Busy
41310,4,2,1527.4,Busy
41310,4,3,1567.3,Busy
41310,4,4,1584.0,Busy
41310,4,5,1622.9,Busy
41310,4,6,1644.8,Busy
41310,4,7,1633.2,Busy
41310,4,8,1649.7,Busy
41310,4,9,1800.1,Busy
41310,4,10,1846.9,Busy
41310,4,11,1821.3,Busy
41310,4,12,1717.6,Busy
41310,5,1,1111.4,Moderate
41310,5,2,1283.1,Moderate
41310,5,3,1325.7,Moderate
41310,5,4,1348.6,Moderate
41310,5,5,1394.1,Moderate
41310,5,6,1435.7,Moderate
41310,5,7,1424.0,Moderate
41310,5,8,1441.5,Moderate
41310,5,9,1554.8,Moderate
41310,5,10,1596.9,Moderate
41310,5,11,1531.9,Moderate
41310,5,12,1413.9,Moderate
41310,6,1,814.6,Quiet
41310,6,2,944.3,Quiet
41310,6,3,1392.7,Moderate
41310,6,4,1015.4,Quiet
41310,6,5,1046.8,Quiet
41310,6,6,1140.3,Quiet
41310,6,7,1138.0,Quiet
41310,6,8,1155.5,Quiet
41310,6,9,1187.4,Quiet
41310,6,10,1218.3,Quiet
41310,6,11,1134.9,Quiet
41310,6,12,1130.8,Quiet
41320,0,1,3247.4,Quiet
41320,0,2,3911.1,Quiet
41320,0,3,3947.7,Quiet
41320,0,4,3943.3,Quiet
41320,0,5,4634.7,Quiet
41320,0,6,5811.4,Quiet
41320,0,7,5085.6,Quiet
41320,0,8,5359.7,Quiet
41320,0,9,5414.5,Quiet
41320,0,10,6843.8,Quiet
41320,0,11,4452.1,Quiet
41320,0,12,4179.9,Quiet
41320,1,1,4264.0,Quiet
41320,1,2,4996.2,Quiet
41320,1,3,5256.4,Quiet
41320,1,4,5248.7,Quiet
41320,1,5,5551.3,Quiet
41320,1,6,5541.2,Quiet
41320,1,7,5440.8,Quiet
41320,1,8,5820.4,Quiet
41320,1,9,5922.8,Quiet
41320,1,10,6166.9,Quiet
41320,1,11,5883.7,Quiet
41320,1,12,5520.4,Quiet
41320,2,1,5010.9,Busy
41320,2,2,5648.7,Busy
41320,2,3,6023.8,Moderate
41320,2,4,6152.9,Moderate
41320,2,5,6456.4,Busy
41320,2,6,6567.9,Moderate
41320,2,7,6353.2,Moderate
41320,2,8,6594.2,Moderate
41320,2,9,6799.2,Moderate
41320,2,10,7054.4,Moderate
41320,2,11,6738.9,Busy
41320,2,12,6160.6,Moderate
41320,3,1,5257.8,Busy
41320,3,2,5749.8,Busy
41320,3,3,6148.0,Busy
41320,3,4,6287.1,Busy
41320,3,5,6590.7,Busy
41320,3,6,6728.7,Busy
41320,3,7,6432.2,Moderate
41320,3,8,6738.4,Moderate
41320,3,9,6988.5,Moderate
41320,3,10,7228.3,Busy
41320,3,11,6902.6,Busy
41320,3,12,6297.5,Busy
41320,4,1,5446.9,Busy
41320,4,2,5842.5,Busy
41320,4,3,6246.2,Busy
41320,4,4,6389.7,Busy
41320,4,5,6693.3,Busy
41320,4,6,6863.5,Busy
41320,4,7,6567.1,Busy
41320,4,8,6857.0,Busy
41320,4,9,7143.2,Busy
41320,4,10,7360.3,Busy
41320,4,11,7021.1,Busy
41320,4,12,6425.8,Busy
41320,5,1,4872.7,Moderate
41320,5,2,5565.7,Moderate
41320,5,3,5943.7,Moderate
41320,5,4,6139.2,Moderate
41320,5,5,6281.5,Moderate
41320,5,6,6724.1,Moderate
41320,5,7,6540.9,Busy
41320,5,8,6854.4,Busy
41320,5,9,6993.2,Busy
41320,5,10,7082.1,Moderate
41320,5,11,6633.6,Moderate
41320,5,12,6017.9,Moderate
41320,6,1,4641.7,Moderate
41320,6,2,5332.8,Moderate
41320,6,3,7222.0,Busy
41320,6,4,6154.3,Busy
41320,6,5,6332.0,Moderate
41320,6,6,6943.0,Busy
41320,6,7,6767.0,Busy
41320,6,8,7149.7,Busy
41320,6,9,7186.5,Busy
41320,6,10,7201.7,Busy
41320,6,11,6720.2,Moderate
41320,6,12,6369.2,Busy
41330,0,1,310.8,Quiet
41330,0,2,443.8,Quiet
41330,0,3,459.1,Quiet
41330,0,4,504.9,Quiet
41330,0,5,563.7,Quiet
41330,0,6,664.0,Quiet
41330,0,7,669.1,Quiet
41330,0,8,685.8,Quiet
41330,0,9,713.2,Quiet
41330,0,10,831.2,Quiet
41330,0,11,672.2,Quiet
41330,0,12,617.2,Quiet
41330,1,1,940.4,Moderate
41330,1,2,1074.1,Moderate
41330,1,3,1089.4,Moderate
41330,1,4,1135.3,Moderate
41330,1,5,1194.0,Moderate
41330,1,6,1270.7,Moderate
41330,1,7,1273.0,Moderate
41330,1,8,1289.7,Moderate
41330,1,9,1342.3,Moderate
41330,1,10,1430.4,Moderate
41330,1,11,1381.2,Moderate
41330,1,12,1325.9,Moderate
41330,2,1,1050.3,Busy
41330,2,2,1205.7,Busy
41330,2,3,1221.0,Busy
41330,2,4,1275.2,Busy
41330,2,5,1333.9,Busy
41330,2,6,1410.6,Busy
41330,2,7,1412.9,Busy
41330,2,8,1429.6,Busy
41330,2,9,1526.3,Busy
41330,2,10,1606.6,Busy
41330,2,11,1550.9,Busy
41330,2,12,1485.3,Busy
41330,3,1,1116.6,Busy
41330,3,2,1227.0,Busy
41330,3,3,1244.4,Busy
41330,3,4,1299.0,Busy
41330,3,5,1357.7,Busy
41330,3,6,1434.4,Busy
41330,3,7,1436.7,Busy
41330,3,8,1452.3,Busy
41330,3,9,1571.5,Busy
41330,3,10,1649.5,Busy
41330,3,11,1593.8,Busy
41330,3,12,1515.2,Busy
41330,4,1,1111.7,Busy
41330,4,2,1220.5,Busy
41330,4,3,1238.6,Busy
41330,4,4,1293.2,Busy
41330,4,5,1352.0,Busy
41330,4,6,1428.6,Busy
41330,4,7,1432.4,Busy
41330,4,8,1448.0,Busy
41330,4,9,1567.2,Busy
41330,4,10,1643.5,Busy
41330,4,11,1587.8,Busy
41330,4,12,1516.2,Busy
41330,5,1,963.3,Moderate
41330,5,2,1088.8,Moderate
41330,5,3,1119.3,Moderate
41330,5,4,1173.2,Moderate
41330,5,5,1232.0,Moderate
41330,5,6,1320.9,Moderate
41330,5,7,1324.6,Moderate
41330,5,8,1341.3,Moderate
41330,5,9,1438.2,Moderate
41330,5,10,1513.5,Moderate
41330,5,11,1416.4,Moderate
41330,5,12,1326.1,Moderate
41330,6,1,489.1,Quiet
41330,6,2,583.3,Quiet
41330,6,3,1062.5,Quiet
41330,6,4,691.3,Quiet
41330,6,5,750.1,Quiet
41330,6,6,854.0,Quiet
41330,6,7,859.1,Quiet
41330,6,8,875.8,Quiet
41330,6,9,913.9,Quiet
41330,6,10,962.9,Quiet
41330,6,11,865.9,Quiet
41330,6,12,804.3,Quiet
41340,0,1,424.3,Quiet
41340,0,2,668.8,Quiet
41340,0,3,708.2,Quiet
41340,0,4,739.8,Quiet
41340,0,5,731.3,Quiet
41340,0,6,834.0,Quiet
41340,0,7,857.5,Quiet
41340,0,8,869.7,Quiet
41340,0,9,956.6,Quiet
41340,0,10,1378.1,Quiet
41340,0,11,864.4,Quiet
41340,0,12,777.6,Quiet
41340,1,1,1155.1,Moderate
41340,1,2,1453.2,Moderate
41340,1,3,1452.4,Moderate
41340,1,4,1446.5,Moderate
41340,1,5,1458.3,Moderate
41340,1,6,1433.6,Moderate
41340,1,7,1393.4,Moderate
41340,1,8,1418.3,Moderate
41340,1,9,1632.7,Moderate
41340,1,10,1835.0,Moderate
41340,1,11,1734.2,Moderate
41340,1,12,1576.2,Moderate
41340,2,1,1263.8,Busy
41340,2,2,1584.5,Busy
41340,2,3,1613.7,Busy
41340,2,4,1616.2,Busy
41340,2,5,1624.7,Busy
41340,2,6,1600.1,Busy
41340,2,7,1559.8,Busy
41340,2,8,1584.8,Busy
41340,2,9,1838.0,Busy
41340,2,10,1994.1,Busy
41340,2,11,1883.1,Busy
41340,2,12,1715.0,Busy
41340,3,1,1323.9,Busy
41340,3,2,1589.6,Busy
41340,3,3,1620.9,Busy
41340,3,4,1623.7,Busy
41340,3,5,1635.6,Busy
41340,3,6,1610.9,Busy
41340,3,7,1570.6,Busy
41340,3,8,1594.5,Busy
41340,3,9,1857.9,Busy
41340,3,10,2007.4,Busy
41340,3,11,1903.0,Busy
41340,3,12,1721.8,Busy
41340,4,1,1332.1,Busy
41340,4,2,1590.8,Busy
41340,4,3,1622.8,Busy
41340,4,4,1625.7,Busy
41340,4,5,1637.5,Busy
41340,4,6,1612.8,Busy
41340,4,7,1611.5,Busy
41340,4,8,1581.9,Busy
41340,4,9,1859.8,Busy
41340,4,10,2009.3,Busy
41340,4,11,1905.0,Busy
41340,4,12,1723.7,Busy
41340,5,1,1173.6,Moderate
41340,5,2,1453.7,Moderate
41340,5,3,1499.7,Moderate
41340,5,4,1501.9,Moderate
41340,5,5,1528.3,Moderate
41340,5,6,1529.3,Moderate
41340,5,7,1528.0,Moderate
41340,5,8,1499.5,Moderate
41340,5,9,1762.5,Moderate
41340,5,10,1903.0,Moderate
41340,5,11,1697.8,Moderate
41340,5,12,1523.7,Moderate
41340,6,1,599.6,Quiet
41340,6,2,802.2,Quiet
41340,6,3,1051.7,Quiet
41340,6,4,910.5,Quiet
41340,6,5,949.0,Quiet
41340,6,6,1059.5,Quiet
41340,6,7,1062.6,Quiet
41340,6,8,1034.0,Quiet
41340,6,9,1198.8,Quiet
41340,6,10,1210.4,Quiet
41340,6,11,1009.2,Quiet
41340,6,12,919.7,Quiet
41350,0,1,176.8,Quiet
41350,0,2,258.3,Quiet
41350,0,3,266.1,Quiet
41350,0,4,302.4,Quiet
41350,0,5,309.1,Quiet
41350,0,6,385.6,Quiet
41350,0,7,389.7,Quiet
41350,0,8,410.5,Quiet
41350,0,9,399.7,Quiet
41350,0,10,420.5,Quiet
41350,0,11,346.8,Quiet
41350,0,12,319.3,Quiet
41350,1,1,467.9,Moderate
41350,1,2,568.1,Moderate
41350,1,3,570.6,Moderate
41350,1,4,607.0,Moderate
41350,1,5,629.2,Moderate
41350,1,6,680.3,Moderate
41350,1,7,681.6,Moderate
41350,1,8,702.4,Moderate
41350,1,9,705.3,Moderate
41350,1,10,741.2,Moderate
41350,1,11,690.9,Moderate
41350,1,12,663.4,Moderate
41350,2,1,541.7,Busy
41350,2,2,633.2,Busy
41350,2,3,635.7,Busy
41350,2,4,680.4,Busy
41350,2,5,702.6,Busy
41350,2,6,753.7,Busy
41350,2,7,755.0,Busy
41350,2,8,775.8,Busy
41350,2,9,796.2,Busy
41350,2,10,823.3,Busy
41350,2,11,776.1,Busy
41350,2,12,727.3,Busy
41350,3,1,594.5,Busy
41350,3,2,652.1,Busy
41350,3,3,660.5,Busy
41350,3,4,705.6,Busy
41350,3,5,727.8,Busy
41350,3,6,779.0,Busy
41350,3,7,780.2,Busy
41350,3,8,799.9,Busy
41350,3,9,830.6,Busy
41350,3,10,856.4,Busy
41350,3,11,810.5,Busy
41350,3,12,748.5,Busy
41350,4,1,591.0,Busy
41350,4,2,646.9,Busy
41350,4,3,656.1,Busy
41350,4,4,701.2,Busy
41350,4,5,723.4,Busy
41350,4,6,775.0,Busy
41350,4,7,777.6,Busy
41350,4,8,797.4,Busy
41350,4,9,828.0,Busy
41350,4,10,852.1,Busy
41350,4,11,805.8,Busy
41350,4,12,743.9,Busy
41350,5,1,459.8,Moderate
41350,5,2,554.9,Moderate
41350,5,3,577.9,Moderate
41350,5,4,622.4,Moderate
41350,5,5,644.6,Moderate
41350,5,6,703.5,Moderate
41350,5,7,706.1,Moderate
41350,5,8,726.9,Moderate
41350,5,9,742.6,Moderate
41350,5,10,764.8,Moderate
41350,5,11,696.3,Moderate
41350,5,12,625.4,Moderate
41350,6,1,245.3,Quiet
41350,6,2,313.3,Quiet
41350,6,3,522.2,Quiet
41350,6,4,406.6,Quiet
41350,6,5,436.1,Quiet
41350,6,6,504.4,Quiet
41350,6,7,508.4,Quiet
41350,6,8,529.2,Quiet
41350,6,9,523.3,Quiet
41350,6,10,529.5,Quiet
41350,6,11,461.0,Quiet
41350,6,12,415.4,Quiet
41360,0,1,194.8,Quiet
41360,0,2,249.7,Quiet
41360,0,3,264.0,Quiet
41360,0,4,279.3,Quiet
41360,0,5,310.1,Quiet
41360,0,6,337.5,Quiet
41360,0,7,335.0,Quiet
41360,0,8,343.0,Quiet
41360,0,9,355.4,Quiet
41360,0,10,361.7,Quiet
41360,0,11,322.7,Quiet
41360,0,12,296.0,Quiet
41360,1,1,508.6,Moderate
41360,1,2,584.6,Moderate
41360,1,3,593.7,Moderate
41360,1,4,608.9,Moderate
41360,1,5,631.3,Moderate
41360,1,6,650.5,Moderate
41360,1,7,645.1,Moderate
41360,1,8,653.1,Moderate
41360,1,9,676.9,Moderate
41360,1,10,712.4,Moderate
41360,1,11,698.3,Moderate
41360,1,12,671.6,Moderate
41360,2,1,566.4,Busy
41360,2,2,630.0,Busy
41360,2,3,639.0,Busy
41360,2,4,662.6,Busy
41360,2,5,685.0,Busy
41360,2,6,704.2,Busy
41360,2,7,698.7,Busy
41360,2,8,706.8,Busy
41360,2,9,750.7,Busy
41360,2,10,777.4,Busy
41360,2,11,757.1,Busy
41360,2,12,708.9,Busy
41360,3,1,598.0,Busy
41360,3,2,633.8,Busy
41360,3,3,646.8,Busy
41360,3,4,670.8,Busy
41360,3,5,693.1,Busy
41360,3,6,712.3,Busy
41360,3,7,706.9,Busy
41360,3,8,715.8,Busy
41360,3,9,762.3,Busy
41360,3,10,788.9,Busy
41360,3,11,768.6,Busy
41360,3,12,715.1,Busy
41360,4,1,588.6,Busy
41360,4,2,626.1,Busy
41360,4,3,639.8,Busy
41360,4,4,663.8,Busy
41360,4,5,686.2,Busy
41360,4,6,705.3,Busy
41360,4,7,701.3,Busy
41360,4,8,710.2,Busy
41360,4,9,756.7,Busy
41360,4,10,781.7,Busy
41360,4,11,761.4,Busy
41360,4,12,707.2,Busy
41360,5,1,494.1,Moderate
41360,5,2,562.7,Moderate
41360,5,3,590.3,Moderate
41360,5,4,613.6,Moderate
41360,5,5,636.0,Moderate
41360,5,6,663.5,Moderate
41360,5,7,659.5,Moderate
41360,5,8,668.5,Moderate
41360,5,9,707.6,Moderate
41360,5,10,729.3,Moderate
41360,5,11,694.7,Moderate
41360,5,12,624.9,Moderate
41360,6,1,239.1,Quiet
41360,6,2,275.7,Quiet
41360,6,3,413.6,Quiet
41360,6,4,343.4,Quiet
41360,6,5,373.1,Quiet
41360,6,6,414.0,Quiet
41360,6,7,411.4,Quiet
41360,6,8,420.3,Quiet
41360,6,9,437.9,Quiet
41360,6,10,433.3,Quiet
41360,6,11,398.7,Quiet
41360,6,12,357.6,Quiet
41380,0,1,836.7,Quiet
41380,0,2,1003.3,Quiet
41380,0,3,1032.5,Quiet
41380,0,4,1101.9,Quiet
41380,0,5,1175.0,Quiet
41380,0,6,1291.3,Quiet
41380,0,7,1182.6,Quiet
41380,0,8,1223.1,Quiet
41380,0,9,1206.9,Quiet
41380,0,10,1354.2,Quiet
41380,0,11,1070.8,Quiet
41380,0,12,1020.9,Quiet
41380,1,1,1506.6,Moderate
41380,1,2,1680.3,Moderate
41380,1,3,1677.8,Quiet
41380,1,4,1726.4,Moderate
41380,1,5,1770.5,Moderate
41380,1,6,1785.4,Moderate
41380,1,7,1710.7,Moderate
41380,1,8,1729.5,Moderate
41380,1,9,1804.8,Moderate
41380,1,10,1832.3,Moderate
41380,1,11,1744.1,Moderate
41380,1,12,1661.0,Moderate
41380,2,1,1631.8,Busy
41380,2,2,1817.5,Busy
41380,2,3,1845.1,Moderate
41380,2,4,1902.0,Busy
41380,2,5,1946.1,Busy
41380,2,6,1973.6,Moderate
41380,2,7,1886.3,Moderate
41380,2,8,1905.1,Moderate
41380,2,9,1973.0,Moderate
41380,2,10,2004.1,Busy
41380,2,11,1919.0,Busy
41380,2,12,1826.9,Busy
41380,3,1,1655.0,Busy
41380,3,2,1819.1,Busy
41380,3,3,1848.7,Busy
41380,3,4,1915.0,Busy
41380,3,5,1959.1,Busy
41380,3,6,1986.6,Busy
41380,3,7,1899.2,Busy
41380,3,8,1912.9,Busy
41380,3,9,1983.1,Busy
41380,3,10,2014.2,Busy
41380,3,11,1929.2,Busy
41380,3,12,1821.3,Busy
41380,4,1,1678.1,Busy
41380,4,2,1822.6,Busy
41380,4,3,1864.4,Busy
41380,4,4,1935.0,Busy
41380,4,5,1979.1,Busy
41380,4,6,2006.6,Busy
41380,4,7,1919.2,Busy
41380,4,8,1932.9,Busy
41380,4,9,1995.1,Busy
41380,4,10,2026.1,Busy
41380,4,11,1941.1,Busy
41380,4,12,1836.1,Busy
41380,5,1,1579.7,Moderate
41380,5,2,1758.9,Moderate
41380,5,3,1797.0,Moderate
41380,5,4,1879.5,Moderate
41380,5,5,1929.4,Moderate
41380,5,6,1986.4,Busy
41380,5,7,1905.8,Busy
41380,5,8,1920.5,Busy
41380,5,9,1975.0,Busy
41380,5,10,1983.5,Moderate
41380,5,11,1858.6,Moderate
41380,5,12,1754.5,Moderate
41380,6,1,1195.8,Quiet
41380,6,2,1337.3,Quiet
41380,6,3,1858.1,Busy
41380,6,4,1429.7,Quiet
41380,6,5,1556.0,Quiet
41380,6,6,1713.1,Quiet
41380,6,7,1655.0,Quiet
41380,6,8,1651.7,Quiet
41380,6,9,1660.6,Quiet
41380,6,10,1575.1,Quiet
41380,6,11,1431.8,Quiet
41380,6,12,1470.3,Quiet
41400,0,1,2898.3,Quiet
41400,0,2,3531.9,Quiet
41400,0,3,3758.7,Quiet
41400,0,4,3776.9,Quiet
41400,0,5,4619.4,Quiet
41400,0,6,5717.4,Quiet
41400,0,7,5618.9,Quiet
41400,0,8,5924.5,Quiet
41400,0,9,6053.2,Quiet
41400,0,10,8111.8,Busy
41400,0,11,5007.8,Quiet
41400,0,12,4935.6,Quiet
41400,1,1,4196.2,Moderate
41400,1,2,4904.9,Moderate
41400,1,3,5211.4,Quiet
41400,1,4,5367.1,Quiet
41400,1,5,5535.9,Quiet
41400,1,6,6045.9,Quiet
41400,1,7,6029.3,Quiet
41400,1,8,6381.4,Quiet
41400,1,9,6476.2,Quiet
41400,1,10,6797.3,Quiet
41400,1,11,6230.0,Moderate
41400,1,12,5871.9,Moderate
41400,2,1,4746.5,Busy
41400,2,2,5367.9,Busy
41400,2,3,5786.1,Moderate
41400,2,4,6055.6,Moderate
41400,2,5,6297.3,Moderate
41400,2,6,6717.2,Moderate
41400,2,7,6697.5,Moderate
41400,2,8,7021.1,Moderate
41400,2,9,7131.7,Moderate
41400,2,10,7423.0,Moderate
41400,2,11,6845.4,Busy
41400,2,12,6075.5,Busy
41400,3,1,4817.5,Busy
41400,3,2,5322.8,Busy
41400,3,3,5789.3,Moderate
41400,3,4,6103.5,Busy
41400,3,5,6358.9,Busy
41400,3,6,6778.7,Moderate
41400,3,7,6759.1,Moderate
41400,3,8,7041.5,Busy
41400,3,9,7203.2,Moderate
41400,3,10,7486.4,Moderate
41400,3,11,6908.8,Busy
41400,3,12,6116.6,Busy
41400,4,1,4844.2,Busy
41400,4,2,5327.9,Busy
41400,4,3,5794.3,Busy
41400,4,4,6108.5,Busy
41400,4,5,6373.7,Busy
41400,4,6,6849.6,Busy
41400,4,7,6840.6,Busy
41400,4,8,7022.8,Moderate
41400,4,9,7316.1,Busy
41400,4,10,7540.2,Busy
41400,4,11,6905.5,Busy
41400,4,12,6139.2,Busy
41400,5,1,4600.2,Moderate
41400,5,2,5241.4,Moderate
41400,5,3,5819.2,Busy
41400,5,4,6122.6,Busy
41400,5,5,6425.0,Busy
41400,5,6,7230.9,Busy
41400,5,7,7282.7,Busy
41400,5,8,7687.9,Busy
41400,5,9,7721.5,Busy
41400,5,10,7839.2,Busy
41400,5,11,6750.7,Moderate
41400,5,12,6036.5,Moderate
41400,6,1,3879.0,Quiet
41400,6,2,4417.4,Quiet
41400,6,3,5854.2,Busy
41400,6,4,5796.6,Moderate
41400,6,5,6013.8,Moderate
41400,6,6,7093.4,Busy
41400,6,7,7175.4,Busy
41400,6,8,7632.2,Busy
41400,6,9,7553.6,Busy
41400,6,10,7217.3,Quiet
41400,6,11,6080.6,Quiet
41400,6,12,5612.1,Quiet
41410,0,1,705.8,Quiet
41410,0,2,861.6,Quiet
41410,0,3,891.0,Quiet
41410,0,4,961.5,Quiet
41410,0,5,1002.4,Quiet
41410,0,6,1140.3,Quiet
41410,0,7,1126.7,Quiet
41410,0,8,1120.5,Quiet
41410,0,9,1139.4,Quiet
41410,0,10,1293.1,Quiet
41410,0,11,1094.7,Quiet
41410,0,12,1092.1,Quiet
41410,1,1,1539.8,Moderate
41410,1,2,1763.2,Moderate
41410,1,3,1793.9,Moderate
41410,1,4,1865.7,Moderate
41410,1,5,1922.2,Moderate
41410,1,6,1991.9,Moderate
41410,1,7,1971.3,Moderate
41410,1,8,1965.1,Moderate
41410,1,9,2106.5,Moderate
41410,1,10,2203.4,Moderate
41410,1,11,2172.5,Moderate
41410,1,12,2126.7,Moderate
41410,2,1,1735.5,Busy
41410,2,2,2000.0,Busy
41410,2,3,2078.3,Busy
41410,2,4,2158.4,Busy
41410,2,5,2214.9,Busy
41410,2,6,2287.6,Busy
41410,2,7,2264.0,Busy
41410,2,8,2257.8,Busy
41410,2,9,2465.2,Busy
41410,2,10,2553.5,Busy
41410,2,11,2513.5,Busy
41410,2,12,2444.4,Busy
41410,3,1,1840.4,Busy
41410,3,2,2033.5,Busy
41410,3,3,2111.7,Busy
41410,3,4,2208.7,Busy
41410,3,5,2265.2,Busy
41410,3,6,2337.9,Busy
41410,3,7,2311.1,Busy
41410,3,8,2306.8,Busy
41410,3,9,2525.4,Busy
41410,3,10,2610.2,Busy
41410,3,11,2569.0,Busy
41410,3,12,2497.9,Busy
41410,4,1,1866.7,Busy
41410,4,2,2043.0,Busy
41410,4,3,2122.0,Busy
41410,4,4,2219.0,Busy
41410,4,5,2275.4,Busy
41410,4,6,2348.1,Busy
41410,4,7,2321.4,Busy
41410,4,8,2317.1,Busy
41410,4,9,2535.7,Busy
41410,4,10,2620.5,Busy
41410,4,11,2579.3,Busy
41410,4,12,2499.6,Busy
41410,5,1,1588.5,Moderate
41410,5,2,1819.5,Moderate
41410,5,3,1887.0,Moderate
41410,5,4,1983.2,Moderate
41410,5,5,2039.7,Moderate
41410,5,6,2138.4,Moderate
41410,5,7,2115.4,Moderate
41410,5,8,2111.2,Moderate
41410,5,9,2275.3,Moderate
41410,5,10,2355.8,Moderate
41410,5,11,2251.6,Moderate
41410,5,12,2153.1,Moderate
41410,6,1,938.8,Quiet
41410,6,2,1122.0,Quiet
41410,6,3,1313.4,Quiet
41410,6,4,1338.2,Quiet
41410,6,5,1395.8,Quiet
41410,6,6,1565.2,Quiet
41410,6,7,1542.8,Quiet
41410,6,8,1533.9,Quiet
41410,6,9,1618.4,Quiet
41410,6,10,1613.0,Quiet
41410,6,11,1508.8,Quiet
41410,6,12,1524.2,Quiet
41420,0,1,1881.2,Quiet
41420,0,2,2432.4,Quiet
41420,0,3,3205.0,Quiet
41420,0,4,3807.5,Quiet
41420,0,5,4781.8,Quiet
41420,0,6,6247.5,Busy
41420,0,7,6689.5,Busy
41420,0,8,6778.1,Busy
41420,0,9,6195.8,Quiet
41420,0,10,5377.7,Busy
41420,0,11,3097.0,Quiet
41420,0,12,3001.1,Quiet
41420,1,1,2313.4,Quiet
41420,1,2,2662.6,Quiet
41420,1,3,3158.1,Quiet
41420,1,4,3595.6,Quiet
41420,1,5,4605.3,Quiet
41420,1,6,4577.6,Quiet
41420,1,7,4950.0,Quiet
41420,1,8,5745.4,Quiet
41420,1,9,5287.5,Quiet
41420,1,10,3502.2,Quiet
41420,1,11,3251.8,Quiet
41420,1,12,3390.6,Quiet
41420,2,1,2673.1,Busy
41420,2,2,3015.1,Moderate
41420,2,3,3779.1,Moderate
41420,2,4,4562.7,Moderate
41420,2,5,5628.3,Moderate
41420,2,6,5752.4,Quiet
41420,2,7,6000.8,Quiet
41420,2,8,6698.6,Moderate
41420,2,9,6232.5,Moderate
41420,2,10,4465.6,Quiet
41420,2,11,4115.2,Moderate
41420,2,12,4107.0,Moderate
41420,3,1,2789.0,Busy
41420,3,2,3127.6,Busy
41420,3,3,3901.1,Moderate
41420,3,4,4671.3,Moderate
41420,3,5,5737.0,Busy
41420,3,6,6072.4,Moderate
41420,3,7,6054.1,Moderate
41420,3,8,6680.4,Moderate
41420,3,9,6451.2,Moderate
41420,3,10,4523.2,Moderate
41420,3,11,4211.8,Moderate
41420,3,12,4255.0,Moderate
41420,4,1,2840.3,Busy
41420,4,2,3130.2,Busy
41420,4,3,3921.6,Busy
41420,4,4,4701.2,Busy
41420,4,5,5641.6,Moderate
41420,4,6,6126.7,Moderate
41420,4,7,6108.3,Moderate
41420,4,8,6088.9,Quiet
41420,4,9,6497.9,Busy
41420,4,10,4537.6,Moderate
41420,4,11,4242.2,Busy
41420,4,12,4328.2,Busy
41420,5,1,2621.3,Moderate
41420,5,2,3043.5,Busy
41420,5,3,3971.8,Busy
41420,5,4,5175.5,Busy
41420,5,5,5737.8,Busy
41420,5,6,7779.7,Busy
41420,5,7,7722.3,Busy
41420,5,8,7650.4,Busy
41420,5,9,7742.7,Busy
41420,5,10,4626.7,Busy
41420,5,11,4276.0,Busy
41420,5,12,4264.7,Busy
41420,6,1,2466.7,Moderate
41420,6,2,3028.1,Moderate
41420,6,3,6816.4,Busy
41420,6,4,5877.7,Busy
41420,6,5,6478.7,Busy
41420,6,6,9448.8,Busy
41420,6,7,9493.0,Busy
41420,6,8,9073.6,Busy
41420,6,9,9025.0,Busy
41420,6,10,5115.9,Busy
41420,6,11,5010.3,Busy
41420,6,12,5322.5,Busy
41430,0,1,658.0,Quiet
41430,0,2,866.8,Quiet
41430,0,3,885.5,Quiet
41430,0,4,937.0,Quiet
41430,0,5,978.3,Quiet
41430,0,6,1044.8,Quiet
41430,0,7,1026.4,Quiet
41430,0,8,1052.8,Quiet
41430,0,9,1101.0,Quiet
41430,0,10,1237.3,Quiet
41430,0,11,1058.6,Quiet
41430,0,12,971.8,Quiet
41430,1,1,1416.8,Moderate
41430,1,2,1544.0,Moderate
41430,1,3,1545.4,Moderate
41430,1,4,1586.7,Moderate
41430,1,5,1605.0,Moderate
41430,1,6,1601.2,Moderate
41430,1,7,1583.7,Moderate
41430,1,8,1610.1,Moderate
41430,1,9,1748.9,Moderate
41430,1,10,1792.2,Moderate
41430,1,11,1789.1,Moderate
41430,1,12,1649.8,Moderate
41430,2,1,1502.5,Busy
41430,2,2,1630.9,Busy
41430,2,3,1662.3,Busy
41430,2,4,1712.0,Busy
41430,2,5,1727.0,Busy
41430,2,6,1723.2,Busy
41430,2,7,1705.8,Busy
41430,2,8,1732.2,Busy
41430,2,9,1889.1,Busy
41430,2,10,1927.7,Busy
41430,2,11,1921.1,Busy
41430,2,12,1771.6,Busy
41430,3,1,1535.4,Busy
41430,3,2,1612.2,Busy
41430,3,3,1648.3,Busy
41430,3,4,1702.9,Busy
41430,3,5,1721.1,Busy
41430,3,6,1717.4,Busy
41430,3,7,1699.9,Busy
41430,3,8,1726.3,Busy
41430,3,9,1888.9,Busy
41430,3,10,1926.3,Busy
41430,3,11,1922.0,Busy
41430,3,12,1764.5,Busy
41430,4,1,1558.9,Busy
41430,4,2,1615.7,Busy
41430,4,3,1658.8,Busy
41430,4,4,1713.4,Busy
41430,4,5,1731.6,Busy
41430,4,6,1727.9,Busy
41430,4,7,1711.8,Busy
41430,4,8,1738.2,Busy
41430,4,9,1892.8,Busy
41430,4,10,1928.4,Busy
41430,4,11,1924.2,Busy
41430,4,12,1775.5,Busy
41430,5,1,1418.3,Moderate
41430,5,2,1577.0,Moderate
41430,5,3,1612.2,Moderate
41430,5,4,1676.9,Moderate
41430,5,5,1701.7,Moderate
41430,5,6,1714.8,Moderate
41430,5,7,1698.8,Moderate
41430,5,8,1725.2,Moderate
41430,5,9,1879.8,Moderate
41430,5,10,1912.3,Moderate
41430,5,11,1883.5,Moderate
41430,5,12,1719.2,Moderate
41430,6,1,968.2,Quiet
41430,6,2,1089.2,Quiet
41430,6,3,1240.2,Quiet
41430,6,4,1207.3,Quiet
41430,6,5,1241.3,Quiet
41430,6,6,1267.4,Quiet
41430,6,7,1252.8,Quiet
41430,6,8,1279.2,Quiet
41430,6,9,1371.5,Quiet
41430,6,10,1384.3,Quiet
41430,6,11,1355.5,Quiet
41430,6,12,1246.0,Quiet
41440,0,1,311.0,Quiet
41440,0,2,399.1,Quiet
41440,0,3,430.9,Quiet
41440,0,4,443.8,Quiet
41440,0,5,503.5,Quiet
41440,0,6,517.1,Quiet
41440,0,7,490.3,Quiet
41440,0,8,506.9,Quiet
41440,0,9,539.3,Quiet
41440,0,10,581.9,Quiet
41440,0,11,524.2,Quiet
41440,0,12,486.3,Quiet
41440,1,1,848.9,Moderate
41440,1,2,973.9,Moderate
41440,1,3,980.8,Moderate
41440,1,4,983.7,Moderate
41440,1,5,1013.5,Moderate
41440,1,6,1024.1,Moderate
41440,1,7,989.5,Moderate
41440,1,8,1006.1,Moderate
41440,1,9,1074.8,Moderate
41440,1,10,1132.9,Moderate
41440,1,11,1126.8,Moderate
41440,1,12,1088.5,Moderate
41440,2,1,985.5,Busy
41440,2,2,1119.6,Busy
41440,2,3,1126.5,Busy
41440,2,4,1137.7,Busy
41440,2,5,1167.5,Busy
41440,2,6,1178.1,Busy
41440,2,7,1143.5,Busy
41440,2,8,1160.1,Busy
41440,2,9,1267.5,Busy
41440,2,10,1311.9,Busy
41440,2,11,1302.2,Busy
41440,2,12,1289.1,Busy
41440,3,1,1063.4,Busy
41440,3,2,1128.6,Busy
41440,3,3,1144.1,Busy
41440,3,4,1160.2,Busy
41440,3,5,1190.0,Busy
41440,3,6,1200.6,Busy
41440,3,7,1166.0,Busy
41440,3,8,1183.4,Busy
41440,3,9,1300.8,Busy
41440,3,10,1343.9,Busy
41440,3,11,1335.5,Busy
41440,3,12,1317.1,Busy
41440,4,1,1066.8,Busy
41440,4,2,1124.2,Busy
41440,4,3,1146.7,Busy
41440,4,4,1162.8,Busy
41440,4,5,1192.6,Busy
41440,4,6,1203.2,Busy
41440,4,7,1170.0,Busy
41440,4,8,1187.5,Busy
41440,4,9,1304.8,Busy
41440,4,10,1346.3,Busy
41440,4,11,1337.9,Busy
41440,4,12,1317.6,Busy
41440,5,1,840.3,Moderate
41440,5,2,936.8,Moderate
41440,5,3,969.4,Moderate
41440,5,4,976.9,Moderate
41440,5,5,1013.3,Moderate
41440,5,6,1031.3,Moderate
41440,5,7,998.0,Moderate
41440,5,8,1015.5,Moderate
41440,5,9,1103.4,Moderate
41440,5,10,1143.0,Moderate
41440,5,11,1103.0,Moderate
41440,5,12,1043.4,Moderate
41440,6,1,499.8,Quiet
41440,6,2,559.9,Quiet
41440,6,3,871.7,Quiet
41440,6,4,620.4,Quiet
41440,6,5,675.2,Quiet
41440,6,6,715.0,Quiet
41440,6,7,683.2,Quiet
41440,6,8,700.7,Quiet
41440,6,9,738.3,Quiet
41440,6,10,751.6,Quiet
41440,6,11,711.7,Quiet
41440,6,12,680.8,Quiet
41450,0,1,2943.8,Quiet
41450,0,2,3625.2,Quiet
41450,0,3,3687.8,Quiet
41450,0,4,3889.4,Quiet
41450,0,5,4401.4,Quiet
41450,0,6,5079.1,Quiet
41450,0,7,5190.9,Quiet
41450,0,8,5458.3,Quiet
41450,0,9,5512.6,Quiet
41450,0,10,6968.1,Quiet
41450,0,11,4506.6,Quiet
41450,0,12,4419.7,Quiet
41450,1,1,4423.9,Moderate
41450,1,2,5340.9,Moderate
41450,1,3,5495.3,Quiet
41450,1,4,5939.2,Quiet
41450,1,5,5869.0,Moderate
41450,1,6,6362.0,Quiet
41450,1,7,6425.6,Quiet
41450,1,8,6676.9,Quiet
41450,1,9,7024.6,Quiet
41450,1,10,7293.7,Quiet
41450,1,11,6866.4,Moderate
41450,1,12,6483.0,Moderate
41450,2,1,4950.1,Moderate
41450,2,2,5885.0,Busy
41450,2,3,6099.8,Moderate
41450,2,4,6657.6,Moderate
41450,2,5,6664.8,Moderate
41450,2,6,7144.2,Moderate
41450,2,7,7207.8,Moderate
41450,2,8,7430.6,Moderate
41450,2,9,7809.4,Moderate
41450,2,10,8079.6,Moderate
41450,2,11,7545.7,Moderate
41450,2,12,6966.5,Moderate
41450,3,1,5112.4,Busy
41450,3,2,5872.2,Busy
41450,3,3,6110.0,Busy
41450,3,4,6703.6,Busy
41450,3,5,6710.8,Busy
41450,3,6,7219.7,Busy
41450,3,7,7283.4,Busy
41450,3,8,7504.2,Busy
41450,3,9,7896.3,Busy
41450,3,10,8136.9,Busy
41450,3,11,7595.7,Busy
41450,3,12,7026.5,Busy
41450,4,1,5229.8,Busy
41450,4,2,5920.3,Busy
41450,4,3,6163.3,Busy
41450,4,4,6766.3,Busy
41450,4,5,6773.5,Busy
41450,4,6,7323.0,Busy
41450,4,7,7378.0,Busy
41450,4,8,7604.9,Busy
41450,4,9,8030.0,Busy
41450,4,10,8227.0,Busy
41450,4,11,7645.3,Busy
41450,4,12,7072.6,Busy
41450,5,1,4956.6,Busy
41450,5,2,5810.3,Moderate
41450,5,3,6117.7,Busy
41450,5,4,6723.1,Busy
41450,5,5,6746.8,Busy
41450,5,6,7444.3,Busy
41450,5,7,7609.2,Busy
41450,5,8,7842.2,Busy
41450,5,9,8223.0,Busy
41450,5,10,8356.0,Busy
41450,5,11,7798.1,Busy
41450,5,12,7048.4,Busy
41450,6,1,4095.3,Quiet
41450,6,2,4747.7,Quiet
41450,6,3,5979.2,Moderate
41450,6,4,5946.1,Moderate
41450,6,5,5814.5,Quiet
41450,6,6,6708.6,Moderate
41450,6,7,6872.6,Moderate
41450,6,8,7175.4,Moderate
41450,6,9,7369.9,Moderate
41450,6,10,7380.1,Moderate
41450,6,11,6744.0,Quiet
41450,6,12,6435.9,Quiet
41460,0,1,405.2,Quiet
41460,0,2,524.5,Quiet
41460,0,3,555.6,Quiet
41460,0,4,579.7,Quiet
41460,0,5,613.4,Quiet
41460,0,6,721.1,Quiet
41460,0,7,694.8,Quiet
41460,0,8,723.5,Quiet
41460,0,9,717.3,Quiet
41460,0,10,848.2,Quiet
41460,0,11,698.7,Quiet
41460,0,12,676.2,Quiet
41460,1,1,1095.6,Moderate
41460,1,2,1231.9,Moderate
41460,1,3,1251.0,Moderate
41460,1,4,1271.4,Moderate
41460,1,5,1322.7,Moderate
41460,1,6,1359.5,Moderate
41460,1,7,1339.0,Moderate
41460,1,8,1353.8,Moderate
41460,1,9,1452.8,Moderate
41460,1,10,1523.3,Moderate
41460,1,11,1496.6,Moderate
41460,1,12,1413.2,Moderate
41460,2,1,1278.2,Busy
41460,2,2,1443.6,Busy
41460,2,3,1462.7,Busy
41460,2,4,1491.4,Busy
41460,2,5,1542.7,Busy
41460,2,6,1582.5,Busy
41460,2,7,1559.1,Busy
41460,2,8,1573.8,Busy
41460,2,9,1711.6,Busy
41460,2,10,1768.3,Busy
41460,2,11,1747.4,Busy
41460,2,12,1666.2,Busy
41460,3,1,1355.3,Busy
41460,3,2,1467.9,Busy
41460,3,3,1489.0,Busy
41460,3,4,1518.1,Busy
41460,3,5,1569.4,Busy
41460,3,6,1609.2,Busy
41460,3,7,1585.8,Busy
41460,3,8,1599.5,Busy
41460,3,9,1754.8,Busy
41460,3,10,1810.3,Busy
41460,3,11,1790.6,Busy
41460,3,12,1696.4,Busy
41460,4,1,1347.2,Busy
41460,4,2,1449.3,Busy
41460,4,3,1483.2,Busy
41460,4,4,1512.4,Busy
41460,4,5,1563.7,Busy
41460,4,6,1603.5,Busy
41460,4,7,1581.5,Busy
41460,4,8,1595.1,Busy
41460,4,9,1750.5,Busy
41460,4,10,1804.3,Busy
41460,4,11,1784.6,Busy
41460,4,12,1706.0,Busy
41460,5,1,1088.1,Moderate
41460,5,2,1240.9,Moderate
41460,5,3,1296.5,Moderate
41460,5,4,1327.0,Moderate
41460,5,5,1378.3,Moderate
41460,5,6,1437.7,Moderate
41460,5,7,1415.7,Moderate
41460,5,8,1430.4,Moderate
41460,5,9,1548.7,Moderate
41460,5,10,1602.5,Moderate
41460,5,11,1533.6,Moderate
41460,5,12,1433.5,Moderate
41460,6,1,723.7,Quiet
41460,6,2,834.6,Quiet
41460,6,3,1208.6,Quiet
41460,6,4,960.6,Quiet
41460,6,5,1019.3,Quiet
41460,6,6,1099.5,Quiet
41460,6,7,1083.9,Quiet
41460,6,8,1098.6,Quiet
41460,6,9,1149.2,Quiet
41460,6,10,1184.6,Quiet
41460,6,11,1097.2,Quiet
41460,6,12,1097.5,Quiet
41480,0,1,772.4,Quiet
41480,0,2,973.4,Quiet
41480,0,3,1003.2,Quiet
41480,0,4,1068.8,Quiet
41480,0,5,1071.1,Quiet
41480,0,6,1242.1,Quiet
41480,0,7,1197.8,Quiet
41480,0,8,1241.9,Quiet
41480,0,9,1234.4,Quiet
41480,0,10,1612.7,Quiet
41480,0,11,1069.0,Quiet
41480,0,12,1135.1,Quiet
41480,1,1,1563.4,Moderate
41480,1,2,1750.9,Moderate
41480,1,3,1769.1,Moderate
41480,1,4,1823.6,Moderate
41480,1,5,1837.3,Moderate
41480,1,6,1870.9,Moderate
41480,1,7,1839.6,Moderate
41480,1,8,1883.8,Moderate
41480,1,9,1936.8,Moderate
41480,1,10,2005.2,Moderate
41480,1,11,1839.6,Moderate
41480,1,12,1864.9,Moderate
41480,2,1,1715.7,Busy
41480,2,2,1951.6,Busy
41480,2,3,1999.9,Busy
41480,2,4,2062.7,Busy
41480,2,5,2085.6,Busy
41480,2,6,2122.2,Busy
41480,2,7,2087.9,Busy
41480,2,8,2116.8,Busy
41480,2,9,2191.3,Busy
41480,2,10,2250.9,Busy
41480,2,11,2067.6,Busy
41480,2,12,2103.8,Busy
41480,3,1,1777.6,Busy
41480,3,2,1973.1,Busy
41480,3,3,2021.5,Busy
41480,3,4,2092.2,Busy
41480,3,5,2115.0,Busy
41480,3,6,2151.7,Busy
41480,3,7,2117.4,Busy
41480,3,8,2143.0,Busy
41480,3,9,2228.1,Busy
41480,3,10,2272.9,Busy
41480,3,11,2089.6,Busy
41480,3,12,2164.1,Busy
41480,4,1,1793.7,Busy
41480,4,2,1960.5,Busy
41480,4,3,2021.7,Busy
41480,4,4,2092.3,Busy
41480,4,5,2125.0,Busy
41480,4,6,2177.0,Busy
41480,4,7,2144.1,Busy
41480,4,8,2169.7,Busy
41480,4,9,2254.8,Busy
41480,4,10,2298.0,Busy
41480,4,11,2089.6,Busy
41480,4,12,2172.8,Busy
41480,5,1,1568.0,Moderate
41480,5,2,1817.5,Moderate
41480,5,3,1883.2,Moderate
41480,5,4,1953.2,Moderate
41480,5,5,1992.5,Moderate
41480,5,6,2070.5,Moderate
41480,5,7,2037.6,Moderate
41480,5,8,2073.5,Moderate
41480,5,9,2143.9,Moderate
41480,5,10,2175.3,Moderate
41480,5,11,1947.1,Moderate
41480,5,12,2019.1,Moderate
41480,6,1,1196.0,Quiet
41480,6,2,1381.8,Quiet
41480,6,3,1734.5,Quiet
41480,6,4,1539.6,Quiet
41480,6,5,1564.7,Quiet
41480,6,6,1719.4,Quiet
41480,6,7,1695.9,Quiet
41480,6,8,1731.7,Quiet
41480,6,9,1755.8,Quiet
41480,6,10,1749.2,Quiet
41480,6,11,1502.6,Quiet
41480,6,12,1705.4,Quiet
41490,0,1,919.3,Quiet
41490,0,2,1239.7,Quiet
41490,0,3,1367.4,Quiet
41490,0,4,1420.9,Quiet
41490,0,5,1538.2,Quiet
41490,0,6,1821.1,Quiet
41490,0,7,1795.5,Quiet
41490,0,8,1971.2,Quiet
41490,0,9,1975.5,Quiet
41490,0,10,3373.0,Busy
41490,0,11,1641.0,Quiet
41490,0,12,1451.8,Quiet
41490,1,1,1328.3,Moderate
41490,1,2,1782.5,Moderate
41490,1,3,1774.8,Quiet
41490,1,4,1806.3,Quiet
41490,1,5,1874.7,Quiet
41490,1,6,1853.6,Quiet
41490,1,7,1803.6,Quiet
41490,1,8,1967.1,Quiet
41490,1,9,2154.0,Quiet
41490,1,10,2374.5,Quiet
41490,1,11,2127.6,Quiet
41490,1,12,1935.6,Quiet
41490,2,1,1452.0,Moderate
41490,2,2,1940.3,Moderate
41490,2,3,1962.7,Moderate
41490,2,4,1994.2,Moderate
41490,2,5,2048.9,Moderate
41490,2,6,2000.1,Moderate
41490,2,7,1950.1,Moderate
41490,2,8,2098.4,Moderate
41490,2,9,2303.5,Moderate
41490,2,10,2521.0,Quiet
41490,2,11,2264.0,Moderate
41490,2,12,2078.5,Moderate
41490,3,1,1534.7,Busy
41490,3,2,1956.9,Busy
41490,3,3,2011.3,Moderate
41490,3,4,2061.7,Busy
41490,3,5,2130.1,Busy
41490,3,6,2081.3,Moderate
41490,3,7,2031.3,Moderate
41490,3,8,2142.5,Moderate
41490,3,9,2396.9,Moderate
41490,3,10,2614.4,Moderate
41490,3,11,2357.4,Busy
41490,3,12,2091.4,Busy
41490,4,1,1588.5,Busy
41490,4,2,1987.7,Busy
41490,4,3,2054.2,Busy
41490,4,4,2114.0,Busy
41490,4,5,2221.2,Busy
41490,4,6,2235.6,Busy
41490,4,7,2224.6,Busy
41490,4,8,2253.1,Busy
41490,4,9,2543.2,Busy
41490,4,10,2737.9,Busy
41490,4,11,2397.7,Busy
41490,4,12,2135.2,Busy
41490,5,1,1475.5,Busy
41490,5,2,1971.8,Busy
41490,5,3,2064.6,Busy
41490,5,4,2160.3,Busy
41490,5,5,2275.3,Busy
41490,5,6,2400.4,Busy
41490,5,7,2434.0,Busy
41490,5,8,2544.4,Busy
41490,5,9,2694.9,Busy
41490,5,10,2777.5,Busy
41490,5,11,2428.4,Busy
41490,5,12,2168.7,Busy
41490,6,1,1203.2,Quiet
41490,6,2,1719.1,Quiet
41490,6,3,2212.4,Busy
41490,6,4,2018.2,Moderate
41490,6,5,2058.5,Moderate
41490,6,6,2462.6,Busy
41490,6,7,2486.2,Busy
41490,6,8,2582.7,Busy
41490,6,9,2575.5,Busy
41490,6,10,2609.9,Moderate
41490,6,11,2212.0,Moderate
41490,6,12,2037.8,Moderate
41500,0,1,394.4,Quiet
41500,0,2,527.9,Quiet
41500,0,3,544.9,Quiet
41500,0,4,576.8,Quiet
41500,0,5,635.8,Quiet
41500,0,6,695.9,Quiet
41500,0,7,689.7,Quiet
41500,0,8,689.2,Quiet
41500,0,9,699.3,Quiet
41500,0,10,782.5,Quiet
41500,0,11,661.4,Quiet
41500,0,12,655.5,Quiet
41500,1,1,983.5,Moderate
41500,1,2,1097.7,Moderate
41500,1,3,1114.7,Quiet
41500,1,4,1146.6,Moderate
41500,1,5,1186.8,Moderate
41500,1,6,1203.2,Moderate
41500,1,7,1195.5,Moderate
41500,1,8,1195.1,Moderate
41500,1,9,1248.3,Moderate
41500,1,10,1292.7,Moderate
41500,1,11,1260.3,Moderate
41500,1,12,1214.6,Moderate
41500,2,1,1095.3,Busy
41500,2,2,1226.9,Busy
41500,2,3,1243.9,Busy
41500,2,4,1284.1,Busy
41500,2,5,1324.3,Busy
41500,2,6,1340.7,Busy
41500,2,7,1333.0,Busy
41500,2,8,1332.6,Busy
41500,2,9,1407.3,Busy
41500,2,10,1442.7,Busy
41500,2,11,1416.1,Busy
41500,2,12,1369.6,Busy
41500,3,1,1164.7,Busy
41500,3,2,1255.4,Busy
41500,3,3,1274.4,Busy
41500,3,4,1315.0,Busy
41500,3,5,1355.3,Busy
41500,3,6,1371.6,Busy
41500,3,7,1363.9,Busy
41500,3,8,1362.4,Busy
41500,3,9,1456.5,Busy
41500,3,10,1488.5,Busy
41500,3,11,1463.1,Busy
41500,3,12,1403.5,Busy
41500,4,1,1178.3,Busy
41500,4,2,1252.2,Busy
41500,4,3,1272.0,Busy
41500,4,4,1312.6,Busy
41500,4,5,1352.8,Busy
41500,4,6,1369.2,Busy
41500,4,7,1362.9,Busy
41500,4,8,1361.4,Busy
41500,4,9,1455.5,Busy
41500,4,10,1485.8,Busy
41500,4,11,1460.5,Busy
41500,4,12,1408.7,Busy
41500,5,1,1005.7,Moderate
41500,5,2,1122.8,Moderate
41500,5,3,1161.9,Moderate
41500,5,4,1201.8,Moderate
41500,5,5,1248.7,Moderate
41500,5,6,1277.7,Moderate
41500,5,7,1271.5,Moderate
41500,5,8,1271.0,Moderate
41500,5,9,1342.8,Moderate
41500,5,10,1373.1,Moderate
41500,5,11,1333.4,Moderate
41500,5,12,1272.6,Moderate
41500,6,1,702.0,Quiet
41500,6,2,792.1,Quiet
41500,6,3,1131.5,Moderate
41500,6,4,889.4,Quiet
41500,6,5,943.6,Quiet
41500,6,6,993.5,Quiet
41500,6,7,993.7,Quiet
41500,6,8,993.2,Quiet
41500,6,9,998.2,Quiet
41500,6,10,1017.3,Quiet
41500,6,11,959.2,Quiet
41500,6,12,1003.0,Quiet
41510,0,1,1160.6,Quiet
41510,0,2,1422.0,Quiet
41510,0,3,1534.7,Quiet
41510,0,4,1583.9,Quiet
41510,0,5,1783.1,Quiet
41510,0,6,2206.6,Quiet
41510,0,7,2190.5,Quiet
41510,0,8,2369.0,Quiet
41510,0,9,2281.6,Quiet
41510,0,10,3080.8,Quiet
41510,0,11,1965.9,Quiet
41510,0,12,1854.3,Quiet
41510,1,1,1745.6,Moderate
41510,1,2,1968.5,Quiet
41510,1,3,2095.8,Quiet
41510,1,4,2173.5,Quiet
41510,1,5,2314.0,Quiet
41510,1,6,2548.1,Quiet
41510,1,7,2584.5,Quiet
41510,1,8,2743.3,Quiet
41510,1,9,2763.2,Quiet
41510,1,10,2857.7,Quiet
41510,1,11,2658.3,Quiet
41510,1,12,2560.4,Quiet
41510,2,1,2103.0,Busy
41510,2,2,2387.2,Busy
41510,2,3,2568.5,Moderate
41510,2,4,2655.8,Busy
41510,2,5,2805.4,Busy
41510,2,6,3019.6,Moderate
41510,2,7,3043.4,Moderate
41510,2,8,3186.9,Moderate
41510,2,9,3327.5,Moderate
41510,2,10,3417.5,Moderate
41510,2,11,3211.8,Busy
41510,2,12,3046.5,Busy
41510,3,1,2274.6,Busy
41510,3,2,2463.4,Busy
41510,3,3,2654.2,Busy
41510,3,4,2755.9,Busy
41510,3,5,2905.6,Busy
41510,3,6,3119.7,Busy
41510,3,7,3154.5,Busy
41510,3,8,3302.1,Busy
41510,3,9,3451.2,Busy
41510,3,10,3532.6,Busy
41510,3,11,3325.1,Busy
41510,3,12,3103.7,Busy
41510,4,1,2401.8,Busy
41510,4,2,2534.3,Busy
41510,4,3,2718.0,Busy
41510,4,4,2829.1,Busy
41510,4,5,2988.6,Busy
41510,4,6,3245.1,Busy
41510,4,7,3294.0,Busy
41510,4,8,3419.1,Busy
41510,4,9,3568.5,Busy
41510,4,10,3655.9,Busy
41510,4,11,3394.2,Busy
41510,4,12,3156.8,Busy
41510,5,1,1909.1,Moderate
41510,5,2,2256.3,Moderate
41510,5,3,2498.6,Moderate
41510,5,4,2611.5,Moderate
41510,5,5,2771.0,Moderate
41510,5,6,3113.8,Busy
41510,5,7,3204.6,Busy
41510,5,8,3341.0,Busy
41510,5,9,3376.4,Busy
41510,5,10,3436.0,Busy
41510,5,11,3089.5,Moderate
41510,5,12,2841.3,Moderate
41510,6,1,1661.4,Quiet
41510,6,2,1972.1,Moderate
41510,6,3,2865.0,Busy
41510,6,4,2376.5,Moderate
41510,6,5,2479.8,Moderate
41510,6,6,2967.8,Moderate
41510,6,7,3078.5,Moderate
41510,6,8,3215.0,Moderate
41510,6,9,3139.8,Moderate
41510,6,10,3188.2,Moderate
41510,6,11,2781.1,Moderate
41510,6,12,2665.2,Moderate
41660,0,1,3471.3,Quiet
41660,0,2,4187.8,Quiet
41660,0,3,4445.9,Quiet
41660,0,4,4561.1,Quiet
41660,0,5,5568.7,Quiet
41660,0,6,6800.2,Quiet
41660,0,7,6845.2,Quiet
41660,0,8,7157.4,Quiet
41660,0,9,7043.6,Quiet
41660,0,10,8449.6,Quiet
41660,0,11,6065.8,Quiet
41660,0,12,5955.9,Quiet
41660,1,1,5606.0,Moderate
41660,1,2,6513.0,Moderate
41660,1,3,7294.1,Quiet
41660,1,4,7608.4,Moderate
41660,1,5,8061.2,Moderate
41660,1,6,8686.7,Quiet
41660,1,7,8854.9,Quiet
41660,1,8,9103.1,Quiet
41660,1,9,8939.3,Quiet
41660,1,10,9252.8,Quiet
41660,1,11,8604.1,Moderate
41660,1,12,8675.4,Quiet
41660,2,1,6937.3,Busy
41660,2,2,7894.1,Busy
41660,2,3,8806.0,Busy
41660,2,4,9120.3,Busy
41660,2,5,9651.6,Busy
41660,2,6,10113.0,Busy
41660,2,7,10232.2,Busy
41660,2,8,10445.3,Moderate
41660,2,9,10399.4,Moderate
41660,2,10,10701.0,Busy
41660,2,11,9916.4,Busy
41660,2,12,10013.0,Busy
41660,3,1,7097.3,Busy
41660,3,2,7933.0,Busy
41660,3,3,8867.9,Busy
41660,3,4,9217.9,Busy
41660,3,5,9785.0,Busy
41660,3,6,10276.0,Busy
41660,3,7,10410.2,Busy
41660,3,8,10588.8,Busy
41660,3,9,10660.7,Busy
41660,3,10,10834.5,Busy
41660,3,11,10079.3,Busy
41660,3,12,10194.1,Busy
41660,4,1,7171.4,Busy
41660,4,2,7957.1,Busy
41660,4,3,8910.5,Busy
41660,4,4,9289.6,Busy
41660,4,5,9755.4,Busy
41660,4,6,10404.6,Busy
41660,4,7,10502.2,Busy
41660,4,8,10673.8,Busy
41660,4,9,10883.8,Busy
41660,4,10,10990.7,Busy
41660,4,11,10203.0,Busy
41660,4,12,10371.4,Busy
41660,5,1,6309.9,Moderate
41660,5,2,7086.9,Moderate
41660,5,3,8208.2,Moderate
41660,5,4,8453.3,Moderate
41660,5,5,9024.3,Moderate
41660,5,6,10018.2,Moderate
41660,5,7,10175.1,Moderate
41660,5,8,10502.3,Busy
41660,5,9,10516.3,Busy
41660,5,10,10495.1,Moderate
41660,5,11,9482.0,Moderate
41660,5,12,9733.9,Moderate
41660,6,1,4929.1,Quiet
41660,6,2,5553.2,Quiet
41660,6,3,7885.8,Moderate
41660,6,4,7485.6,Quiet
41660,6,5,7846.0,Quiet
41660,6,6,8911.3,Moderate
41660,6,7,9094.2,Moderate
41660,6,8,9410.2,Moderate
41660,6,9,9461.2,Moderate
41660,6,10,9324.3,Moderate
41660,6,11,8198.4,Quiet
41660,6,12,8893.8,Moderate
41670,0,1,258.5,Quiet
41670,0,2,352.8,Quiet
41670,0,3,374.0,Quiet
41670,0,4,412.6,Quiet
41670,0,5,456.9,Quiet
41670,0,6,530.6,Quiet
41670,0,7,470.5,Quiet
41670,0,8,465.8,Quiet
41670,0,9,449.3,Quiet
41670,0,10,569.2,Moderate
41670,0,11,372.8,Quiet
41670,0,12,339.2,Quiet
41670,1,1,400.2,Moderate
41670,1,2,471.5,Moderate
41670,1,3,471.5,Quiet
41670,1,4,497.6,Quiet
41670,1,5,523.1,Quiet
41670,1,6,535.3,Quiet
41670,1,7,500.4,Quiet
41670,1,8,517.0,Quiet
41670,1,9,506.2,Quiet
41670,1,10,523.1,Quiet
41670,1,11,481.6,Quiet
41670,1,12,501.6,Moderate
41670,2,1,449.7,Moderate
41670,2,2,508.5,Moderate
41670,2,3,508.6,Moderate
41670,2,4,543.0,Moderate
41670,2,5,568.6,Moderate
41670,2,6,583.7,Moderate
41670,2,7,545.8,Moderate
41670,2,8,562.4,Moderate
41670,2,9,560.6,Moderate
41670,2,10,572.8,Moderate
41670,2,11,534.4,Moderate
41670,2,12,534.1,Busy
41670,3,1,504.8,Busy
41670,3,2,540.9,Busy
41670,3,3,548.4,Busy
41670,3,4,592.1,Busy
41670,3,5,617.7,Busy
41670,3,6,632.8,Busy
41670,3,7,591.7,Busy
41670,3,8,609.4,Busy
41670,3,9,620.1,Busy
41670,3,10,625.0,Busy
41670,3,11,583.5,Busy
41670,3,12,532.5,Busy
41670,4,1,503.1,Busy
41670,4,2,540.9,Busy
41670,4,3,549.2,Busy
41670,4,4,592.9,Busy
41670,4,5,618.4,Busy
41670,4,6,633.6,Busy
41670,4,7,593.9,Busy
41670,4,8,611.6,Busy
41670,4,9,622.3,Busy
41670,4,10,625.5,Busy
41670,4,11,584.0,Busy
41670,4,12,533.0,Busy
41670,5,1,460.1,Busy
41670,5,2,524.3,Busy
41670,5,3,532.5,Moderate
41670,5,4,586.3,Busy
41670,5,5,618.5,Busy
41670,5,6,638.2,Busy
41670,5,7,598.6,Busy
41670,5,8,616.3,Busy
41670,5,9,627.0,Busy
41670,5,10,627.0,Busy
41670,5,11,563.3,Busy
41670,5,12,505.2,Moderate
41670,6,1,391.8,Quiet
41670,6,2,447.4,Quiet
41670,6,3,643.3,Busy
41670,6,4,516.4,Moderate
41670,6,5,555.9,Moderate
41670,6,6,581.1,Moderate
41670,6,7,540.4,Moderate
41670,6,8,518.0,Moderate
41670,6,9,579.3,Moderate
41670,6,10,561.5,Quiet
41670,6,11,497.8,Moderate
41670,6,12,468.0,Quiet
41680,0,1,91.1,Quiet
41680,0,2,141.1,Quiet
41680,0,3,154.2,Quiet
41680,0,4,156.3,Quiet
41680,0,5,186.5,Quiet
41680,0,6,206.2,Quiet
41680,0,7,206.4,Quiet
41680,0,8,223.8,Quiet
41680,0,9,223.1,Quiet
41680,0,10,246.8,Quiet
41680,0,11,174.7,Quiet
41680,0,12,104.8,Quiet
41680,1,1,311.3,Moderate
41680,1,2,385.3,Moderate
41680,1,3,393.1,Moderate
41680,1,4,395.2,Moderate
41680,1,5,416.9,Moderate
41680,1,6,428.5,Moderate
41680,1,7,425.8,Moderate
41680,1,8,443.1,Moderate
41680,1,9,445.3,Moderate
41680,1,10,484.3,Moderate
41680,1,11,443.7,Moderate
41680,1,12,363.8,Moderate
41680,2,1,369.0,Busy
41680,2,2,434.4,Busy
41680,2,3,442.2,Busy
41680,2,4,444.3,Busy
41680,2,5,466.0,Busy
41680,2,6,477.5,Busy
41680,2,7,474.9,Busy
41680,2,8,492.2,Busy
41680,2,9,514.6,Busy
41680,2,10,544.6,Busy
41680,2,11,497.9,Busy
41680,2,12,404.9,Busy
41680,3,1,400.7,Busy
41680,3,2,438.2,Busy
41680,3,3,449.9,Busy
41680,3,4,452.5,Busy
41680,3,5,474.2,Busy
41680,3,6,485.7,Busy
41680,3,7,483.0,Busy
41680,3,8,501.2,Busy
41680,3,9,526.1,Busy
41680,3,10,554.9,Busy
41680,3,11,509.4,Busy
41680,3,12,411.1,Busy
41680,4,1,394.6,Busy
41680,4,2,430.5,Busy
41680,4,3,443.0,Busy
41680,4,4,445.5,Busy
41680,4,5,467.2,Busy
41680,4,6,478.7,Busy
41680,4,7,477.5,Busy
41680,4,8,495.7,Busy
41680,4,9,520.6,Busy
41680,4,10,547.7,Busy
41680,4,11,502.2,Busy
41680,4,12,403.9,Busy
41680,5,1,316.0,Moderate
41680,5,2,378.3,Moderate
41680,5,3,404.5,Moderate
41680,5,4,406.4,Moderate
41680,5,5,428.1,Moderate
41680,5,6,441.1,Moderate
41680,5,7,439.9,Moderate
41680,5,8,458.1,Moderate
41680,5,9,475.7,Moderate
41680,5,10,499.5,Moderate
41680,5,11,431.8,Moderate
41680,5,12,337.5,Moderate
41680,6,1,118.3,Quiet
41680,6,2,157.4,Quiet
41680,6,3,270.7,Quiet
41680,6,4,201.0,Quiet
41680,6,5,230.1,Quiet
41680,6,6,258.1,Quiet
41680,6,7,258.2,Quiet
41680,6,8,276.4,Quiet
41680,6,9,281.0,Quiet
41680,6,10,283.0,Quiet
41680,6,11,215.4,Quiet
41680,6,12,149.8,Quiet
41690,0,1,324.2,Quiet
41690,0,2,527.1,Quiet
41690,0,3,558.5,Quiet
41690,0,4,627.1,Quiet
41690,0,5,706.1,Quiet
41690,0,6,877.0,Quiet
41690,0,7,877.9,Quiet
41690,0,8,920.2,Quiet
41690,0,9,947.8,Quiet
41690,0,10,2556.1,Busy
41690,0,11,831.2,Quiet
41690,0,12,758.2,Quiet
41690,1,1,745.3,Moderate
41690,1,2,850.0,Moderate
41690,1,3,865.2,Quiet
41690,1,4,930.4,Moderate
41690,1,5,1009.4,Moderate
41690,1,6,1080.9,Moderate
41690,1,7,1075.7,Moderate
41690,1,8,1117.9,Moderate
41690,1,9,1150.8,Moderate
41690,1,10,1354.4,Quiet
41690,1,11,1235.6,Moderate
41690,1,12,1205.4,Moderate
41690,2,1,768.0,Moderate
41690,2,2,869.0,Moderate
41690,2,3,870.8,Moderate
41690,2,4,957.7,Moderate
41690,2,5,1033.5,Moderate
41690,2,6,1105.0,Moderate
41690,2,7,1099.7,Moderate
41690,2,8,1142.0,Moderate
41690,2,9,1190.5,Moderate
41690,2,10,1396.3,Quiet
41690,2,11,1271.3,Busy
41690,2,12,1211.4,Busy
41690,3,1,811.3,Busy
41690,3,2,897.7,Busy
41690,3,3,906.9,Moderate
41690,3,4,994.3,Busy
41690,3,5,1073.3,Busy
41690,3,6,1144.8,Busy
41690,3,7,1139.5,Busy
41690,3,8,1181.8,Busy
41690,3,9,1236.0,Busy
41690,3,10,1441.8,Moderate
41690,3,11,1317.9,Busy
41690,3,12,1249.1,Busy
41690,4,1,814.2,Busy
41690,4,2,902.3,Busy
41690,4,3,917.4,Busy
41690,4,4,1014.1,Busy
41690,4,5,1093.1,Busy
41690,4,6,1191.4,Busy
41690,4,7,1186.2,Busy
41690,4,8,1228.5,Busy
41690,4,9,1282.6,Busy
41690,4,10,2326.1,Busy
41690,4,11,1333.7,Busy
41690,4,12,1245.1,Busy
41690,5,1,788.3,Busy
41690,5,2,932.1,Busy
41690,5,3,926.4,Busy
41690,5,4,1058.9,Busy
41690,5,5,1138.0,Busy
41690,5,6,1274.6,Busy
41690,5,7,1269.3,Busy
41690,5,8,1311.6,Busy
41690,5,9,1365.8,Busy
41690,5,10,2404.9,Busy
41690,5,11,1249.0,Moderate
41690,5,12,1183.1,Moderate
41690,6,1,581.4,Quiet
41690,6,2,711.4,Quiet
41690,6,3,1021.1,Busy
41690,6,4,844.4,Quiet
41690,6,5,923.5,Quiet
41690,6,6,1063.7,Quiet
41690,6,7,1058.4,Quiet
41690,6,8,1100.7,Quiet
41690,6,9,1127.7,Quiet
41690,6,10,2151.0,Moderate
41690,6,11,995.2,Quiet
41690,6,12,933.7,Quiet
41700,0,1,2092.8,Quiet
41700,0,2,2469.4,Quiet
41700,0,3,2689.8,Quiet
41700,0,4,2763.5,Quiet
41700,0,5,3335.4,Quiet
41700,0,6,3937.3,Quiet
41700,0,7,4046.7,Quiet
41700,0,8,4179.7,Quiet
41700,0,9,3981.8,Quiet
41700,0,10,4428.5,Quiet
41700,0,11,3306.6,Quiet
41700,0,12,3354.4,Quiet
41700,1,1,4542.3,Moderate
41700,1,2,5114.9,Moderate
41700,1,3,5383.8,Moderate
41700,1,4,5336.5,Moderate
41700,1,5,5595.0,Moderate
41700,1,6,5876.6,Moderate
41700,1,7,5993.7,Moderate
41700,1,8,6079.4,Moderate
41700,1,9,5903.8,Moderate
41700,1,10,6094.0,Moderate
41700,1,11,5731.4,Moderate
41700,1,12,5991.9,Moderate
41700,2,1,5056.7,Busy
41700,2,2,5551.1,Busy
41700,2,3,6059.1,Busy
41700,2,4,6230.1,Busy
41700,2,5,6474.9,Busy
41700,2,6,6740.6,Busy
41700,2,7,6857.6,Busy
41700,2,8,6943.3,Busy
41700,2,9,6790.2,Busy
41700,2,10,6996.8,Busy
41700,2,11,6560.3,Busy
41700,2,12,6601.6,Busy
41700,3,1,5086.0,Busy
41700,3,2,5480.6,Busy
41700,3,3,6011.0,Busy
41700,3,4,6192.0,Busy
41700,3,5,6450.5,Busy
41700,3,6,6716.2,Busy
41700,3,7,6837.4,Busy
41700,3,8,6892.7,Busy
41700,3,9,6760.5,Busy
41700,3,10,6946.1,Busy
41700,3,11,6502.3,Busy
41700,3,12,6555.9,Busy
41700,4,1,5082.5,Busy
41700,4,2,5499.8,Busy
41700,4,3,6035.3,Busy
41700,4,4,6225.8,Busy
41700,4,5,6484.2,Busy
41700,4,6,6747.8,Busy
41700,4,7,6848.0,Busy
41700,4,8,6916.1,Busy
41700,4,9,6792.2,Busy
41700,4,10,6983.8,Busy
41700,4,11,6566.3,Busy
41700,4,12,6593.0,Busy
41700,5,1,4424.7,Moderate
41700,5,2,5045.1,Moderate
41700,5,3,5616.1,Moderate
41700,5,4,5826.3,Moderate
41700,5,5,6104.8,Moderate
41700,5,6,6488.7,Moderate
41700,5,7,6629.6,Moderate
41700,5,8,6684.2,Moderate
41700,5,9,6509.9,Moderate
41700,5,10,6669.4,Moderate
41700,5,11,6345.8,Moderate
41700,5,12,6168.4,Moderate
41700,6,1,3043.9,Quiet
41700,6,2,3333.7,Quiet
41700,6,3,4249.8,Quiet
41700,6,4,4122.7,Quiet
41700,6,5,4424.2,Quiet
41700,6,6,5012.5,Quiet
41700,6,7,5154.8,Quiet
41700,6,8,5234.2,Quiet
41700,6,9,5041.9,Quiet
41700,6,10,5185.4,Quiet
41700,6,11,4761.1,Quiet
41700,6,12,4989.7,Quiet
41710,0,1,223.4,Quiet
41710,0,2,298.1,Quiet
41710,0,3,277.0,Quiet
41710,0,4,295.0,Quiet
41710,0,5,147.0,Quiet
41710,0,6,175.3,Quiet
41710,0,7,137.0,Quiet
41710,0,8,331.7,Quiet
41710,0,9,611.1,Quiet
41710,0,10,972.9,Busy
41710,0,11,491.7,Quiet
41710,0,12,457.3,Quiet
41710,1,1,489.6,Moderate
41710,1,2,562.6,Busy
41710,1,3,528.6,Moderate
41710,1,4,530.2,Moderate
41710,1,5,327.9,Moderate
41710,1,6,268.3,Moderate
41710,1,7,225.2,Moderate
41710,1,8,401.4,Moderate
41710,1,9,797.6,Moderate
41710,1,10,852.8,Quiet
41710,1,11,830.9,Moderate
41710,1,12,814.2,Moderate
41710,2,1,505.8,Busy
41710,2,2,564.7,Busy
41710,2,3,530.8,Busy
41710,2,4,532.4,Busy
41710,2,5,326.8,Moderate
41710,2,6,267.3,Moderate
41710,2,7,224.1,Moderate
41710,2,8,400.3,Moderate
41710,2,9,812.2,Moderate
41710,2,10,871.2,Moderate
41710,2,11,841.8,Busy
41710,2,12,823.3,Busy
41710,3,1,528.3,Busy
41710,3,2,556.4,Moderate
41710,3,3,529.9,Moderate
41710,3,4,548.3,Busy
41710,3,5,346.0,Busy
41710,3,6,286.4,Busy
41710,3,7,243.2,Busy
41710,3,8,425.6,Busy
41710,3,9,843.1,Busy
41710,3,10,902.1,Busy
41710,3,11,872.7,Busy
41710,3,12,831.3,Busy
41710,4,1,537.8,Busy
41710,4,2,564.2,Busy
41710,4,3,543.6,Busy
41710,4,4,562.0,Busy
41710,4,5,359.7,Busy
41710,4,6,305.2,Busy
41710,4,7,262.0,Busy
41710,4,8,436.0,Busy
41710,4,9,861.9,Busy
41710,4,10,899.4,Busy
41710,4,11,874.6,Busy
41710,4,12,829.4,Busy
41710,5,1,446.3,Moderate
41710,5,2,505.9,Moderate
41710,5,3,512.4,Quiet
41710,5,4,530.2,Moderate
41710,5,5,327.9,Moderate
41710,5,6,278.7,Busy
41710,5,7,238.0,Busy
41710,5,8,415.2,Busy
41710,5,9,833.7,Busy
41710,5,10,857.2,Moderate
41710,5,11,781.3,Moderate
41710,5,12,750.9,Moderate
41710,6,1,362.1,Quiet
41710,6,2,416.8,Quiet
41710,6,3,664.1,Busy
41710,6,4,453.8,Quiet
41710,6,5,255.1,Quiet
41710,6,6,221.1,Quiet
41710,6,7,180.4,Quiet
41710,6,8,375.6,Quiet
41710,6,9,760.7,Quiet
41710,6,10,804.3,Quiet
41710,6,11,703.3,Quiet
41710,6,12,700.9,Quiet
